profit_Mozambique,profit_South_Africa,profit_Kenya
76423808.17200544,203796821.79201454,38211904.08600272
9713418.161076449,25902448.429537196,4856709.080538224
45532435.88819409,121419829.03518425,22766217.944097046
51783794.094214715,138090117.58457258,25891897.047107358
-12884411.761235802,-34358431.36329547,-6442205.880617901
77498482.94289735,206662621.1810596,38749241.471448675
44995377.3415337,119987672.91075654,22497688.67076685
57327565.0429175,152873506.78111333,28663782.52145875
-11545666.859002875,-30788444.957341,-5772833.429501438
52950629.22108252,141201677.92288673,26475314.61054126
48823674.009831436,130196464.02621716,24411837.004915718
60537405.39806839,161433081.06151572,30268702.699034195
36414734.357198805,97105958.28586347,18207367.178599402
39209731.984940924,104559285.2931758,19604865.992470462
38524521.66521144,102732057.77389719,19262260.83260572
-22229760.321930405,-59279360.85848108,-11114880.160965202
33146816.03670751,88391509.43122002,16573408.018353755
-7140349.483488757,-19040931.95597002,-3570174.7417443786
45059839.52644461,120159572.07051896,22529919.763222303
17058898.09529951,45490394.9207987,8529449.047649754
45211399.539999455,120563732.10666522,22605699.769999728
14779524.548185302,39412065.46182747,7389762.274092651
57548558.90364394,153462823.74305052,28774279.45182197
91183211.6915448,243155231.1774528,45591605.8457724
75249987.86686559,200666634.31164157,37624993.933432795
12368366.388159722,32982310.368425928,6184183.194079861
32314059.83954379,86170826.23878343,16157029.919771895
-21890718.924603507,-58375250.46560935,-10945359.462301753
10135066.068964297,27026842.850571457,5067533.0344821485
29438631.035231892,78503016.09395172,14719315.517615946
59816911.317511916,159511763.51336512,29908455.658755958
78198585.42310648,208529561.12828395,39099292.71155324
34645169.502989165,92387118.67463778,17322584.751494583
14736756.370876705,39298016.989004545,7368378.185438353
47756987.607561715,127351966.9534979,23878493.803780857
-2361114.051544147,-6296304.137451058,-1180557.0257720735
19886990.738022923,53031975.30139446,9943495.369011462
31543573.4269257,84116195.80513519,15771786.71346285
-8227663.688612142,-21940436.50296571,-4113831.844306071
32596895.6083244,86925054.95553173,16298447.8041622
48442367.85120916,129179647.60322444,24221183.92560458
67800624.88526604,180801666.36070943,33900312.44263302
68656887.21101943,183085032.56271848,34328443.60550971
43638027.19121722,116368072.5099126,21819013.59560861
52285690.84376911,139428508.91671762,26142845.421884555
33661422.89212302,89763794.37899472,16830711.44606151
1940685.0971304956,5175160.259014655,970342.5485652478
9371083.349611063,24989555.598962832,4685541.674805531
31287868.5496363,83434316.13236347,15643934.27481815
4254104.652221284,11344279.07259009,2127052.326110642
23861939.729022756,63631839.27739402,11930969.864511378
-18008052.883222975,-48021474.35526126,-9004026.441611487
64405012.77004972,171746700.7201326,32202506.38502486
48777221.1735191,130072589.79605092,24388610.58675955
42450363.467324056,113200969.24619749,21225181.733662028
51486587.62988688,137297567.0130317,25743293.81494344
-28768732.0399294,-76716618.77314508,-14384366.0199647
54089269.5960101,144238052.25602692,27044634.79800505
11963242.159895308,31901979.093054157,5981621.079947654
24413654.60221299,65103078.93923465,12206827.301106496
43503519.51014043,116009385.36037447,21751759.755070213
30907139.79956701,82419039.46551202,15453569.899783505
10396898.49265113,27725062.647069678,5198449.246325565
52944757.40062351,141186019.73499602,26472378.700311754
31943425.62819962,85182468.34186564,15971712.81409981
34852696.330030106,92940523.54674695,17426348.165015053
50621932.37427601,134991819.66473603,25310966.187138006
28874487.861810263,76998634.2981607,14437243.930905132
-2327498.576888244,-6206662.871701985,-1163749.288444122
15870770.097879546,42322053.59434546,7935385.048939773
-3318536.9422926824,-8849431.84611382,-1659268.4711463412
24913235.81482933,66435295.50621154,12456617.907414665
51445461.3784841,137187897.00929093,25722730.68924205
31568477.469691996,84182606.58584532,15784238.734845998
-9126212.716099776,-24336567.242932737,-4563106.358049888
22583764.387668867,60223371.70045031,11291882.193834433
-1134417.9191589851,-3025114.451090627,-567208.9595794926
12965597.780080574,34574927.413548194,6482798.890040287
38178137.475634456,101808366.60169189,19089068.737817228
65643415.1155971,175049106.9749256,32821707.55779855
38355591.78778718,102281578.10076581,19177795.89389359
18347224.624707557,48925932.33255349,9173612.312353779
59901225.6985929,159736601.8629144,29950612.84929645
12046324.015193725,32123530.707183268,6023162.0075968625
-20897256.66894049,-55726017.7838413,-10448628.334470244
-5326349.6596293785,-14203599.092345009,-2663174.8298146892
45865814.450470634,122308838.53458837,22932907.225235317
55040870.14584053,146775653.72224143,27520435.072920267
-917578.9406049559,-2446877.174946549,-458789.47030247794
33738308.645748645,89968823.05532971,16869154.322874323
-5282396.687805011,-14086391.167480027,-2641198.3439025055
40305067.020242766,107480178.72064736,20152533.510121383
46020995.55047667,122722654.80127111,23010497.775238335
12076625.02428569,32204333.398095176,6038312.512142845
5680271.459792897,15147390.559447726,2840135.7298964486
16032701.062227417,42753869.499273114,8016350.531113708
19419221.576055594,51784590.869481586,9709610.788027797
33323949.777828008,88863866.07420802,16661974.888914004
-23378177.384083696,-62341806.357556514,-11689088.692041848
64209431.03074465,171225149.41531906,32104715.515372325
80771751.00990605,215391336.02641612,40385875.50495303
58231515.33403232,155284040.89075285,29115757.66701616
15210649.009976095,40561730.69326959,7605324.504988047
67402778.05936047,179740741.49162793,33701389.02968024
57762990.611597896,154034641.63092774,28881495.305798948
20365247.55918936,54307326.824504964,10182623.77959468
52521194.61854102,140056518.98277605,26260597.30927051
24017467.12090128,64046578.98907008,12008733.56045064
37304453.47882219,99478542.6101925,18652226.739411093
75637615.14520894,201700307.05389053,37818807.57260447
-5463010.563044961,-14568028.168119896,-2731505.2815224803
-19069778.661345795,-50852743.096922114,-9534889.330672897
13873115.68455874,36994975.158823304,6936557.84227937
36157632.372081526,96420352.99221739,18078816.186040763
14250712.12121441,38001898.98990509,7125356.060607205
53967518.74766612,143913383.32710966,26983759.37383306
59895000.439559385,159720001.17215836,29947500.219779693
51066575.459001906,136177534.55733842,25533287.729500953
-1310573.4885678524,-3494862.6361809396,-655286.7442839262
55044569.687628895,146785519.1670104,27522284.843814448
46078728.18659796,122876608.49759457,23039364.09329898
36343610.2947609,96916294.1193624,18171805.14738045
-9293422.726985611,-24782460.605294965,-4646711.3634928055
32933299.89062153,87822133.04165742,16466649.945310766
-15732026.929008411,-41952071.8106891,-7866013.464504206
12876077.404321665,34336206.41152444,6438038.7021608325
-13634116.10914443,-36357642.957718484,-6817058.054572215
5550612.105846148,14801632.282256395,2775306.052923074
-1581713.1161661085,-4217901.643109622,-790856.5580830543
5843084.596091745,15581558.92291132,2921542.2980458727
18400125.013314225,49067000.0355046,9200062.506657112
78247524.43842137,208660065.16912362,39123762.219210684
27681244.49767843,73816651.99380915,13840622.248839214
-5956958.076050844,-15885221.536135586,-2978479.038025422
18683023.106879454,49821394.951678544,9341511.553439727
-3518619.0458388575,-9382984.122236954,-1759309.5229194288
92528401.56511961,246742404.1736523,46264200.782559805
25667038.692212895,68445436.51256771,12833519.346106447
27975600.718071572,74601601.91485754,13987800.359035786
10906641.42081549,29084377.122174643,5453320.710407745
33633232.80517857,89688620.8138095,16816616.402589284
29936115.836713545,79829642.23123612,14968057.918356773
68651081.12084122,183069549.65557662,34325540.56042061
16668078.935636869,44448210.49503165,8334039.467818434
26309024.139096897,70157397.7042584,13154512.069548449
-2616597.2311712485,-6977592.616456662,-1308298.6155856242
36104048.93341667,96277463.82244447,18052024.466708336
51698826.077852726,137863536.20760727,25849413.038926363
21558975.32259538,57490600.86025435,10779487.66129769
-6287545.470262213,-16766787.920699233,-3143772.7351311063
30732929.660281155,81954479.09408307,15366464.830140578
34121127.94601152,90989674.52269739,17060563.97300576
-24798761.93979016,-66130031.83944043,-12399380.96989508
37033989.67472054,98757305.79925478,18516994.83736027
-9750945.10263544,-26002520.273694508,-4875472.55131772
22044276.383134056,58784737.021690816,11022138.191567028
-169117.1264110239,-450979.0037627304,-84558.56320551195
43283468.36240203,115422582.29973873,21641734.181201015
31027367.64059471,82739647.04158589,15513683.820297355
50915182.31546901,135773819.50791734,25457591.157734506
-1783222.5155920757,-4755260.041578868,-891611.2577960378
77809126.84869893,207491004.9298638,38904563.424349464
3215363.4661473543,8574302.576392945,1607681.7330736772
-8061403.288555473,-21497075.43614793,-4030701.6442777365
18012158.679887157,48032423.146365754,9006079.339943578
8831319.831313655,23550186.21683641,4415659.915656827
51154652.94151994,136412407.84405318,25577326.47075997
42981005.63883289,114616015.03688769,21490502.819416445
2538564.3032256626,6769504.808601767,1269282.1516128313
71280934.63573878,190082492.36197007,35640467.31786939
32085632.33206966,85561686.21885243,16042816.16603483
21607141.27646988,57619043.40391968,10803570.63823494
19523505.36468327,52062680.972488716,9761752.682341635
83332150.10077329,222219066.93539545,41666075.050386645
16161158.496913003,43096422.658434674,8080579.248456501
-17651919.399161186,-47071785.06442983,-8825959.699580593
22367111.112534314,59645629.63342483,11183555.556267157
118700517.2640719,316534712.7041917,59350258.63203595
66760364.52384098,178027638.7302426,33380182.26192049
20667643.66894358,55113716.45051622,10333821.83447179
63856701.67749507,170284537.8066535,31928350.838747535
55485520.71077565,147961388.5620684,27742760.355387826
12924147.55994909,34464393.493197575,6462073.779974545
3564813.7307781144,9506169.948741639,1782406.8653890572
25280465.857601367,67414575.62027031,12640232.928800683
75075871.98315972,200202325.28842592,37537935.99157986
-5786150.6459329175,-15429735.055821115,-2893075.3229664587
-3570937.237775142,-9522499.300733712,-1785468.618887571
1075003.7802872523,2866676.7474326724,537501.8901436261
20021167.409238715,53389779.7579699,10010583.704619357
92441341.30848904,246510243.4893041,46220670.65424452
10080500.227244575,26881333.93931886,5040250.113622287
8878067.075428199,23674845.534475196,4439033.5377140995
42824557.76586525,114198820.708974,21412278.882932626
-7924354.451611128,-21131611.870963007,-3962177.225805564
10917523.18779484,29113395.167452905,5458761.59389742
31157751.82845919,83087338.2092245,15578875.914229594
50230878.54080208,133949009.44213888,25115439.27040104
6938530.127004516,18502747.005345378,3469265.063502258
20599499.371371485,54931998.3236573,10299749.685685743
36997332.79868664,98659554.12983103,18498666.39934332
55242462.701951504,147313233.87187067,27621231.350975752
14250181.273613669,38000483.39630312,7125090.6368068345
3237978.568263482,8634609.515369285,1618989.284131741
11021685.149530677,29391160.398748472,5510842.574765339
8654119.193268878,23077651.18205034,4327059.596634439
9665475.695653707,25774601.85507655,4832737.847826853
34788896.37318641,92770390.32849708,17394448.186593205
7440201.491897189,19840537.311725836,3720100.7459485945
26058747.86313077,69489994.30168205,13029373.931565385
52294377.629794665,139451673.67945245,26147188.814897332
51439596.22695695,137172256.60521853,25719798.113478474
-4482837.319754,-11954232.852677332,-2241418.659877
60888498.43850726,162369329.16935268,30444249.21925363
38267149.16452165,102045731.10539106,19133574.582260825
32022229.62529273,85392612.33411396,16011114.812646365
-19555650.145879533,-52148400.38901208,-9777825.072939767
-4015260.8936795155,-10707362.383145375,-2007630.4468397577
56290315.721071705,150107508.58952454,28145157.860535853
941554.5243811413,2510812.065016377,470777.26219057065
-3829965.7657340434,-10213242.04195745,-1914982.8828670217
12563446.595720902,33502524.25525574,6281723.297860451
60004362.272123605,160011632.72566295,30002181.136061803
73674404.68462503,196465079.1590001,36837202.342312515
-4530759.904652129,-12082026.412405677,-2265379.9523260645
70982736.79995357,189287298.13320953,35491368.39997678
-36131874.90040385,-96351666.40107693,-18065937.450201925
28383801.3707367,75690136.98863119,14191900.68536835
34631943.21805631,92351848.5814835,17315971.609028157
-15438392.585030636,-41169046.89341503,-7719196.292515318
11407050.000328975,30418800.000877265,5703525.000164487
20093060.869641647,53581495.65237772,10046530.434820823
53589586.20823431,142905563.22195816,26794793.104117155
46890266.47762315,125040710.60699506,23445133.238811575
60349391.17545691,160931709.80121842,30174695.587728456
40068097.72738137,106848260.60635033,20034048.863690685
22385857.84445606,59695620.9185495,11192928.92222803
24219300.325201318,64584800.86720352,12109650.162600659
14121896.580180056,37658390.880480155,7060948.290090028
24222633.145318445,64593688.38751586,12111316.572659222
41453226.255496,110541936.68132268,20726613.127748
27847686.762268316,74260498.0327155,13923843.381134158
15868467.915912833,42315914.44243422,7934233.9579564165
17281681.540521063,46084484.108056165,8640840.770260531
15698606.196724374,41862949.857931666,7849303.098362187
64895877.78530194,173055674.0941385,32447938.89265097
46812087.804048,124832234.14412801,23406043.902024
20959933.73518902,55893156.62717073,10479966.86759451
-3170851.422878972,-8455603.794343924,-1585425.711439486
45277015.238508575,120738707.30268954,22638507.619254287
44293023.70834979,118114729.88893276,22146511.854174893
50487510.74026401,134633361.97403738,25243755.370132007
13415202.992148029,35773874.645728074,6707601.496074014
8091729.564842037,21577945.506245434,4045864.7824210185
22881966.81384702,61018578.170258716,11440983.40692351
25059472.7490337,66825260.664089866,12529736.37451685
53384982.63604878,142359953.69613007,26692491.31802439
5701665.380491025,15204441.014642734,2850832.6902455124
22530474.139967125,60081264.37324567,11265237.069983562
51255221.30567299,136680590.1484613,25627610.652836494
-5858397.710065959,-15622393.893509224,-2929198.8550329795
48524220.828419074,129397922.20911752,24262110.414209537
854739.4680288548,2279305.248076946,427369.7340144274
-2660079.801972949,-7093546.1385945305,-1330039.9009864745
35975749.47708703,95935331.93889874,17987874.738543514
8169088.626042552,21784236.33611347,4084544.313021276
29663458.076365415,79102554.87030777,14831729.038182708
17449304.239986956,46531477.97329855,8724652.119993478
4050074.634945186,10800199.026520496,2025037.317472593
6141004.916462359,16376013.11056629,3070502.4582311795
-7584542.231038198,-20225445.949435193,-3792271.115519099
-9458074.748624789,-25221532.662999436,-4729037.374312394
-29768407.80740094,-79382420.81973584,-14884203.90370047
20456532.168753207,54550752.450008556,10228266.084376603
1307694.0369307704,3487184.0984820547,653847.0184653852
34222817.608039156,91260846.95477109,17111408.804019578
41357423.634613,110286463.02563468,20678711.8173065
635176.4473991175,1693803.8597309801,317588.22369955876
83154567.63740677,221745513.6997514,41577283.81870338
67463021.12890013,179901389.677067,33731510.56445006
-15039418.698545037,-40105116.529453434,-7519709.349272518
9822519.047257671,26193384.126020458,4911259.523628836
13864942.666365199,36973180.44364053,6932471.333182599
29615683.595051896,78975156.25347172,14807841.797525948
30750879.861219198,82002346.29658453,15375439.930609599
6590239.365925679,17573971.64246848,3295119.6829628395
-8009347.497560238,-21358259.993493967,-4004673.748780119
38814440.74252803,103505175.31340808,19407220.371264014
52904648.9862603,141079063.96336082,26452324.49313015
12592428.651955893,33579809.738549046,6296214.325977947
40201375.430427946,107203667.81447452,20100687.715213973
-16237937.277849719,-43301166.07426592,-8118968.638924859
80689475.55350016,215171934.80933377,40344737.77675008
31994117.533552483,85317646.75613995,15997058.766776241
45468564.38672028,121249505.03125407,22734282.19336014
73882242.4797312,197019313.27928323,36941121.2398656
61946736.24029744,165191296.64079317,30973368.12014872
49698388.63166158,132529036.35109754,24849194.31583079
66949976.33347065,178533270.2225884,33474988.166735325
33094239.23734639,88251304.63292369,16547119.618673194
11077169.726038188,29539119.269435167,5538584.863019094
-9656647.537662609,-25751060.10043362,-4828323.768831304
30511976.949660353,81365271.86576095,15255988.474830177
19970404.566338744,53254412.17690332,9985202.283169372
87719064.82797198,233917506.2079253,43859532.41398599
37619675.23541507,100319133.96110685,18809837.617707536
55170612.87696618,147121634.33857647,27585306.43848309
11281950.037955647,30085200.10121506,5640975.018977824
-20032167.84461851,-53419114.25231603,-10016083.922309255
-7768409.160654388,-20715757.761745036,-3884204.580327194
22345671.32548727,59588456.867966056,11172835.662743635
34884240.36495009,93024640.97320023,17442120.182475045
8742732.970535932,23313954.58809582,4371366.485267966
-3671550.81698336,-9790802.178622292,-1835775.40849168
15438524.14557699,41169397.72153863,7719262.072788495
23764230.72402914,63371281.93074437,11882115.36201457
43707391.26630628,116553043.37681675,21853695.63315314
10719783.641083298,28586089.709555462,5359891.820541649
15522903.68201289,41394409.818701036,7761451.841006445
99908191.06507823,266421842.84020862,49954095.532539114
76264010.45809567,203370694.5549218,38132005.229047835
40257270.18697513,107352720.49860033,20128635.093487564
19811936.99143035,52831831.9771476,9905968.495715175
32759318.032582227,87358181.42021927,16379659.016291114
63311841.44723568,168831577.1926285,31655920.72361784
22369999.26254586,59653331.36678896,11184999.63127293
53542199.80700531,142779199.4853475,26771099.903502654
13597302.479016373,36259473.277376994,6798651.2395081865
44999576.628316864,119998871.00884497,22499788.314158432
-31577316.067577586,-84206176.1802069,-15788658.033788793
55794531.95235627,148785418.53961673,27897265.976178136
26724484.182998117,71265291.15466164,13362242.091499059
52382759.45202569,139687358.53873518,26191379.726012845
62407994.90919771,166421319.75786057,31203997.454598855
32233906.89314117,85957085.04837644,16116953.446570585
28070601.712781683,74854937.90075114,14035300.856390841
33821659.20069614,90191091.20185636,16910829.60034807
46815184.612669244,124840492.30045131,23407592.306334622
18150242.507938497,48400646.68783599,9075121.253969248
72471161.05754294,193256429.48678118,36235580.52877147
-7015622.906584278,-18708327.750891406,-3507811.453292139
25115864.525531054,66975638.73474947,12557932.262765527
65521283.53253142,174723422.75341713,32760641.76626571
33529065.96146369,89410842.56390317,16764532.980731845
51058850.393275164,136156934.3820671,25529425.196637582
61323025.05354052,163528066.8094414,30661512.52677026
74000768.96537742,197335383.90767312,37000384.48268871
-1353642.0365460904,-3609712.0974562415,-676821.0182730452
37577477.64937761,100206607.06500694,18788738.824688803
-42508059.8353641,-113354826.22763762,-21254029.91768205
36875344.901405916,98334253.07041578,18437672.450702958
14416716.455073528,38444577.21352941,7208358.227536764
35780728.20510875,95415275.21362332,17890364.102554373
41502428.22894938,110673141.94386502,20751214.11447469
12666400.333489249,33777067.55597133,6333200.166744624
54888225.297160484,146368600.79242796,27444112.648580242
71580907.57716325,190882420.20576867,35790453.788581625
49849719.30361046,132932584.80962789,24924859.65180523
13949006.125744792,37197349.66865278,6974503.062872396
8490153.858001795,22640410.288004786,4245076.929000897
46150182.286356695,123067152.76361786,23075091.143178347
-4528670.58227256,-12076454.886060162,-2264335.29113628
3684610.2125419956,9825627.233445322,1842305.1062709978
-11243942.445595382,-29983846.52158769,-5621971.222797691
53878339.47778768,143675571.94076714,26939169.73889384
41839288.722237416,111571436.59263311,20919644.361118708
33970196.35302272,90587190.27472724,16985098.17651136
52822687.077101916,140860498.87227178,26411343.538550958
19240325.011849336,51307533.36493157,9620162.505924668
56494596.24592744,150652256.6558065,28247298.12296372
40038579.392119505,106769545.04565202,20019289.696059752
-3660416.495769686,-9761110.65538583,-1830208.247884843
5471625.112174415,14591000.299131773,2735812.5560872075
20061672.391871914,53497793.04499177,10030836.195935957
16964726.578363705,45239270.87563655,8482363.289181853
-6773385.039399234,-18062360.105064623,-3386692.519699617
71030484.58703858,189414625.5654362,35515242.29351929
17818426.161066543,47515803.096177444,8909213.080533272
-18086971.646563042,-48231924.39083478,-9043485.823281521
39157905.250683896,104421080.66849038,19578952.625341948
24699202.32603612,65864539.53609632,12349601.16301806
69465325.37629049,185240867.67010796,34732662.68814524
33801736.00070407,90137962.6685442,16900868.000352036
11069365.197431993,29518307.19315198,5534682.598715996
11550831.76321147,30802218.03523059,5775415.881605735
79222596.06748655,211260256.17996413,39611298.03374328
30151124.165377513,80402997.77434003,15075562.082688756
48645932.69264836,129722487.18039563,24322966.34632418
-8443876.255813316,-22517003.348835506,-4221938.127906658
44698538.09646826,119196101.59058203,22349269.04823413
20286768.482080076,54098049.28554687,10143384.241040038
14283562.80821586,38089500.82190896,7141781.40410793
38670668.36176127,103121782.29803006,19335334.180880636
45916193.134262614,122443181.69136697,22958096.567131307
6766322.92877086,18043527.810055625,3383161.46438543
7600148.752992861,20267063.341314297,3800074.3764964305
65192880.57302567,173847681.52806845,32596440.286512837
29050997.393983502,77469326.383956,14525498.696991751
30475547.922273938,81268127.79273051,15237773.961136969
23566136.78322102,62843031.42192272,11783068.39161051
12474169.882760419,33264453.02069445,6237084.941380209
61814556.15915678,164838816.42441806,30907278.07957839
47574091.18699396,126864243.16531721,23787045.59349698
6812147.742420327,18165727.31312087,3406073.8712101635
90221380.4668266,240590347.91153762,45110690.2334133
42875171.21136958,114333789.89698555,21437585.60568479
50680532.30898514,135148086.1572937,25340266.15449257
53173696.584928446,141796524.22647586,26586848.292464223
8470990.372069646,22589307.658852387,4235495.186034823
80165073.14108409,213773528.37622422,40082536.570542045
59579267.69142265,158878047.17712706,29789633.845711324
46619795.07138588,124319453.52369569,23309897.53569294
-7428653.27447244,-19809742.06525984,-3714326.63723622
38376094.502134904,102336252.00569308,19188047.251067452
-25740298.16538073,-68640795.10768194,-12870149.082690366
20226845.787539706,53938255.43343922,10113422.893769853
12451619.22291351,33204317.927769355,6225809.611456755
34381586.587728426,91684230.90060914,17190793.293864213
23127409.274575498,61673091.398867995,11563704.637287749
70557897.49635677,188154393.32361805,35278948.748178385
26723573.56699733,71262862.84532622,13361786.783498665
4447391.131070565,11859709.68285484,2223695.5655352827
-58380980.617540486,-155682614.98010796,-29190490.308770243
-3061264.0501955445,-8163370.800521452,-1530632.0250977722
19677096.955771632,52472258.548724346,9838548.477885816
58437965.13397612,155834573.690603,29218982.56698806
1489608.0883672433,3972288.235645982,744804.0441836216
42831921.22772928,114218456.6072781,21415960.61386464
1393944.8799871148,3717186.3466323065,696972.4399935574
46186080.46191363,123162881.23176968,23093040.230956815
77191290.34478211,205843440.91941896,38595645.17239106
59348977.66546657,158263940.44124418,29674488.832733285
30342273.548089642,80912729.46157238,15171136.774044821
62530868.72349074,166748983.26264197,31265434.36174537
19171581.048676845,51124216.129804924,9585790.524338422
-16631810.700299757,-44351495.20079935,-8315905.350149878
11963569.688928558,31902852.503809486,5981784.844464279
29905660.440306213,79748427.84081657,14952830.220153106
11751672.595795741,31337793.588788643,5875836.297897871
41031177.84158466,109416474.24422576,20515588.92079233
58547756.160217896,156127349.76058105,29273878.080108948
17231540.749692623,45950775.33251366,8615770.374846311
65170132.24419937,173787019.31786498,32585066.122099686
9226427.455176536,24603806.54713743,4613213.727588268
8412674.473104142,22433798.594944376,4206337.236552071
37054941.61843649,98813177.64916398,18527470.809218246
75013865.0905132,200036973.57470185,37506932.5452566
30959713.798432317,82559236.7958195,15479856.899216158
13814292.431773568,36838113.15139618,6907146.215886784
18234672.571716424,48625793.52457713,9117336.285858212
-11584315.273801124,-30891507.396803,-5792157.636900562
26847820.421923984,71594187.7917973,13423910.210961992
38622172.17989485,102992459.14638627,19311086.089947425
14926688.073211994,39804501.52856532,7463344.036605997
-3232268.4543189444,-8619382.544850517,-1616134.2271594722
16518422.099155115,44049125.597746976,8259211.0495775575
60979318.53072558,162611516.0819349,30489659.26536279
21299177.01365881,56797805.369756825,10649588.506829405
60450826.533117235,161202204.08831263,30225413.266558617
60483150.43389351,161288401.15704936,30241575.216946755
27080570.375197884,72214854.33386102,13540285.187598942
-19854756.191500146,-52946016.51066706,-9927378.095750073
62165058.98218109,165773490.61914957,31082529.491090544
8384350.517937815,22358268.047834173,4192175.2589689074
16923000.76837947,45128002.049011916,8461500.384189734
32265070.97503731,86040189.26676616,16132535.487518655
38447462.5191043,102526566.71761146,19223731.25955215
71452910.45108473,190541094.53622597,35726455.22554237
-11850510.428549804,-31601361.142799478,-5925255.214274902
19109447.163446598,50958525.76919093,9554723.581723299
12627669.388498653,33673785.03599641,6313834.694249326
39062064.54914512,104165505.46438698,19531032.27457256
3423544.199892192,9129451.199712513,1711772.099946096
2215452.4875693982,5907873.300185063,1107726.2437846991
14870271.239616828,39654056.638978206,7435135.619808414
-1238611.2257222775,-3302963.26859274,-619305.6128611388
47800268.50082427,127467382.66886473,23900134.250412136
33137182.56880407,88365820.18347752,16568591.284402035
32105594.55290139,85614918.80773704,16052797.276450695
43983340.40455886,117288907.7454903,21991670.20227943
6073245.960733935,16195322.56195716,3036622.9803669676
15374180.205433374,40997813.88115566,7687090.102716687
39818518.77594274,106182716.73584731,19909259.38797137
-14026708.20047382,-37404555.201263525,-7013354.10023691
-27124111.771684192,-72330964.72449118,-13562055.885842096
13383595.865402345,35689588.97440625,6691797.932701172
15216125.719449647,40576335.25186572,7608062.859724823
14269560.754806185,38052162.012816496,7134780.377403093
931358.3918010987,2483622.378136263,465679.19590054936
8625827.603955587,23002206.943881564,4312913.801977794
55258898.34918021,147357062.26448056,27629449.174590103
61454507.73073561,163878687.28196162,30727253.865367804
32377926.62939038,86341137.67837435,16188963.31469519
5870875.473074942,15655667.928199846,2935437.736537471
73074616.96888459,194865645.2503589,36537308.48444229
26580885.03322537,70882360.08860098,13290442.516612684
23694425.25641608,63185134.01710954,11847212.62820804
22994087.38110766,61317566.349620424,11497043.69055383
11226469.329181422,29937251.54448379,5613234.664590711
26928911.296486422,71810430.1239638,13464455.648243211
40446344.99756704,107856919.99351212,20223172.49878352
64068544.78635817,170849452.76362178,32034272.393179085
68108751.00681193,181623336.01816514,34054375.503405966
36347684.571320236,96927158.85685396,18173842.285660118
4251474.804912362,11337266.146432968,2125737.402456181
52141478.48191285,139043942.61843428,26070739.240956426
-2173970.788511284,-5797255.436030091,-1086985.394255642
31279661.279060114,83412430.07749364,15639830.639530057
42159177.704535,112424473.87876,21079588.8522675
38185199.95613923,101827199.88303794,19092599.978069615
-17142906.311542716,-45714416.83078058,-8571453.155771358
51585196.895182244,137560525.05381933,25792598.447591122
11411669.144311167,30431117.718163114,5705834.572155584
12973460.958310783,34595895.888828754,6486730.479155391
18111140.96359722,48296375.902925916,9055570.48179861
-8735319.699526526,-23294185.86540407,-4367659.849763263
18770693.490939688,50055182.64250583,9385346.745469844
19940476.142773762,53174603.0473967,9970238.071386881
-15843205.103301924,-42248546.94213846,-7921602.551650962
58643369.882071294,156382319.68552345,29321684.941035647
56162944.72925674,149767852.6113513,28081472.36462837
3987721.3878259654,10633923.700869242,1993860.6939129827
-11872719.498161983,-31660585.328431956,-5936359.749080991
11739974.394108873,31306598.38429033,5869987.197054436
4115311.5770873856,10974164.205566362,2057655.7885436928
11999927.546612771,31999806.79096739,5999963.773306386
62473448.379366,166595862.344976,31236724.189683
83182828.96411765,221820877.23764706,41591414.48205882
60738343.54207214,161968916.11219236,30369171.77103607
26469419.269026466,70585118.05073723,13234709.634513233
32716848.47739936,87244929.27306497,16358424.23869968
30722403.84895246,81926410.26387323,15361201.92447623
-644433.176958363,-1718488.471888968,-322216.5884791815
55681736.84873613,148484631.59662968,27840868.424368065
-3839457.556594879,-10238553.48425301,-1919728.7782974395
15677844.06152784,41807584.16407424,7838922.03076392
6873675.939294594,18329802.504785586,3436837.969647297
13958268.57431334,37222049.53150225,6979134.28715667
9259666.308351774,24692443.488938063,4629833.154175887
72628041.90681425,193674778.41817135,36314020.95340712
64905040.757177,173080108.68580535,32452520.3785885
28680797.388879772,76482126.37034605,14340398.694439886
68205666.69961536,181881777.86564097,34102833.34980768
84088505.86189388,224236015.631717,42044252.93094694
-16664045.646307582,-44437455.05682022,-8332022.823153791
42408705.68776161,113089881.83403097,21204352.843880806
32517083.54957657,86712222.79887085,16258541.774788285
-20147466.413454734,-53726577.10254596,-10073733.206727367
49608448.91927227,132289197.11805938,24804224.459636133
1825750.0212672541,4868666.723379345,912875.0106336271
11285293.221690658,30094115.25784176,5642646.610845329
1032511.6316375893,2753364.3510335716,516255.81581879465
15109781.676155694,40292751.13641518,7554890.838077847
38831308.57725167,103550156.20600446,19415654.288625836
-27262926.123069983,-72701136.32818662,-13631463.061534991
-14409353.006942146,-38424941.35184572,-7204676.503471073
38801718.3599081,103471248.95975493,19400859.17995405
10039840.17784557,26772907.140921522,5019920.088922785
34838809.850195944,92903492.93385585,17419404.925097972
30688150.59910042,81835068.26426779,15344075.29955021
3643529.4034187174,9716078.40911658,1821764.7017093587
472822.48628967017,1260859.9634391204,236411.24314483508
43868285.25593513,116982094.01582702,21934142.627967566
28114140.258110538,74971040.68829477,14057070.129055269
19365455.296728935,51641214.12461049,9682727.648364468
28671433.468793266,76457155.91678204,14335716.734396633
51552553.03441041,137473474.75842774,25776276.517205205
-1275383.284968748,-3401022.093249995,-637691.642484374
12262463.944726864,32699903.852604974,6131231.972363432
34785663.905667014,92761770.41511205,17392831.952833507
34849372.46626178,92931659.91003142,17424686.23313089
39199162.378996454,104531099.67732388,19599581.189498227
32473320.215729315,86595520.57527818,16236660.107864657
24326914.991312575,64871773.310166866,12163457.495656287
71138065.48436745,189701507.95831317,35569032.74218372
24664446.813813083,65771858.17016822,12332223.406906541
73155958.73990014,195082556.63973373,36577979.36995007
39394569.48381093,105052185.29016249,19697284.741905466
62466782.052688144,166578085.47383505,31233391.026344072
-4281468.948180564,-11417250.528481504,-2140734.474090282
28101076.437724654,74936203.83393241,14050538.218862327
40040934.84548264,106775826.25462036,20020467.42274132
32717259.258966345,87246024.69057691,16358629.629483173
43281519.35457589,115417384.9455357,21640759.677287944
66326028.3236263,176869408.86300346,33163014.16181315
43670266.20246337,116454043.206569,21835133.101231687
3320133.1396963517,8853688.372523604,1660066.5698481759
43161700.10035891,115097866.93429042,21580850.050179455
9062424.297627673,24166464.79367379,4531212.148813836
-21640616.011920456,-57708309.365121216,-10820308.005960228
42705981.59320415,113882617.58187772,21352990.796602074
49560974.9451761,132162599.85380295,24780487.47258805
28078771.739516344,74876724.63871025,14039385.869758172
42986307.766651236,114630154.04440328,21493153.883325618
-21028990.729029972,-56077308.61074659,-10514495.364514986
30233352.350706417,80622272.93521711,15116676.175353209
19212626.114350215,51233669.63826724,9606313.057175107
36714559.172444366,97905491.12651832,18357279.586222183
78642424.72197215,209713132.59192574,39321212.36098608
5533201.617027687,14755204.312073832,2766600.8085138435
22767655.29377649,60713747.45007064,11383827.646888245
37233027.51126079,99288073.36336212,18616513.755630396
69427406.65816918,185139751.08845115,34713703.32908459
62072756.31869777,165527350.18319407,31036378.159348886
86759519.57712634,231358718.8723369,43379759.78856317
17664136.535709873,47104364.095226325,8832068.267854936
50773815.617321186,135396841.64618984,25386907.808660593
2512510.2470241273,6700027.325397673,1256255.1235120636
59166905.21876407,157778413.91670418,29583452.609382033
5031390.333032598,13417040.888086928,2515695.166516299
54961233.16301126,146563288.4346967,27480616.58150563
65103669.15375289,173609784.41000772,32551834.576876447
85434907.10977471,227826418.95939922,42717453.554887354
49709605.364376456,132558947.63833722,24854802.682188228
-11035254.975920437,-29427346.602454495,-5517627.487960218
57547749.829782486,153460666.2127533,28773874.914891243
56664155.70141347,151104415.20376924,28332077.850706734
31699213.034092017,84531234.75757872,15849606.517046008
1923818.9261089917,5130183.802957311,961909.4630544959
-7829886.236202912,-20879696.629874434,-3914943.118101456
34635816.16600807,92362176.4426882,17317908.083004035
15064641.827449383,40172378.20653169,7532320.913724692
79002859.197556,210674291.1934827,39501429.598778
16793206.14850533,44781883.062680885,8396603.074252665
78672035.92982313,209792095.81286168,39336017.964911565
5971173.845207216,15923130.253885908,2985586.922603608
52838526.8792822,140902738.34475252,26419263.4396411
-6327014.254957172,-16872038.013219126,-3163507.127478586
24249479.329455886,64665278.21188236,12124739.664727943
49899805.42825085,133066147.80866893,24949902.714125425
47434338.41890366,126491569.11707641,23717169.20945183
81779402.58866058,218078406.9030949,40889701.29433029
4431656.682560206,11817751.153493883,2215828.341280103
24845292.04303419,66254112.114757836,12422646.021517094
14247539.602342235,37993438.93957929,7123769.801171117
7908677.115061465,21089805.640163906,3954338.5575307324
45080920.186967105,120215787.16524561,22540460.093483552
19137307.54610844,51032820.12295584,9568653.77305422
42835032.61516962,114226753.64045231,21417516.30758481
43026662.862844534,114737767.6342521,21513331.431422267
45483319.907423176,121288853.0864618,22741659.953711588
51473157.70668053,137261753.8844814,25736578.853340264
-9491652.815831587,-25311074.175550897,-4745826.407915793
-2091654.0471777725,-5577744.125807393,-1045827.0235888863
16332212.931010604,43552567.816028275,8166106.465505302
55194433.33913252,147185155.57102007,27597216.66956626
5149575.935296188,13732202.494123168,2574787.967648094
60912921.76251065,162434458.03336173,30456460.881255325
42656288.19701714,113750101.85871238,21328144.09850857
24134152.9134426,64357741.1025136,12067076.4567213
-988872.0368968499,-2636992.0983915995,-494436.01844842493
47078452.74547529,125542540.65460077,23539226.372737646
50344717.42878833,134252579.81010222,25172358.714394163
33700282.69478997,89867420.51943992,16850141.347394984
34425965.529328614,91802574.7448763,17212982.764664307
28750399.540677775,76667732.10847406,14375199.770338887
72396768.73214261,193058049.95238033,36198384.366071306
23648729.93913384,63063279.83769024,11824364.96956692
39032893.618181765,104087716.31515136,19516446.809090883
8018547.318681409,21382792.84981709,4009273.6593407043
-4518776.574601492,-12050070.86560398,-2259388.287300746
38401528.08747158,102404074.89992422,19200764.04373579
7945735.497686038,21188627.993829433,3972867.748843019
-16504772.678088382,-44012727.14156902,-8252386.339044191
22262644.332683,59367051.55382134,11131322.1663415
75688066.28829488,201834843.43545303,37844033.14414744
63172732.92293884,168460621.1278369,31586366.46146942
97083365.38219035,258888974.35250756,48541682.69109517
22691121.90904401,60509658.42411735,11345560.954522004
43968664.58077938,117249772.21541168,21984332.29038969
8550077.331498278,22800206.217328746,4275038.665749139
22923066.045843113,61128176.1222483,11461533.022921557
55557899.871045336,148154399.6561209,27778949.935522668
59460359.011609375,158560957.36429167,29730179.505804688
52228023.35146913,139274728.937251,26114011.675734565
31160955.49850386,83095881.32934362,15580477.74925193
50938599.5976918,135836265.59384477,25469299.7988459
34087509.60975111,90900025.62600297,17043754.804875556
9142337.509663256,24379566.69243535,4571168.754831628
1829137.3223185872,4877699.526182899,914568.6611592936
-23679379.884233437,-63145013.0246225,-11839689.942116719
597390.2698408334,1593040.7195755558,298695.1349204167
-969875.5150052058,-2586334.706680549,-484937.7575026029
17456549.113991734,46550797.637311295,8728274.556995867
42631744.11264891,113684650.96706377,21315872.056324456
11975290.173872652,31934107.130327072,5987645.086936326
28228415.641271126,75275775.04338966,14114207.820635563
58558001.49671888,156154670.65791702,29279000.74835944
36206191.077272706,96549842.87272722,18103095.538636353
12149064.564829936,32397505.506213166,6074532.282414968
-14102313.206046037,-37606168.5494561,-7051156.603023019
48941145.83314957,130509722.22173218,24470572.916574784
12245607.817739299,32654954.18063813,6122803.908869649
-27027.852384575723,-72074.27302553527,-13513.926192287861
53927006.27717988,143805350.07247967,26963503.13858994
-14469012.355789082,-38584032.94877089,-7234506.177894541
44018005.65495737,117381348.41321966,22009002.827478684
28079158.25971473,74877755.35923928,14039579.129857365
22808473.801248502,60822596.80332934,11404236.900624251
9392582.884183407,25046887.69115575,4696291.442091703
6747720.0253177425,17993920.06751398,3373860.0126588712
17872609.3217633,47660291.52470214,8936304.66088165
-1012348.6632592077,-2699596.4353578873,-506174.33162960387
32983748.88252329,87956663.68672878,16491874.441261645
14553894.481805507,38810385.284814686,7276947.240902754
37504463.84981406,100011903.59950416,18752231.92490703
54436304.947921745,145163479.86112466,27218152.473960873
61148930.50869178,163063814.68984476,30574465.25434589
-2609635.6250010263,-6959028.33333607,-1304817.8125005132
35213275.959899805,93902069.22639948,17606637.979949903
66034460.60357458,176091894.94286555,33017230.30178729
38952989.6637874,103874639.10343306,19476494.8318937
42442040.620426975,113178774.98780526,21221020.310213488
60537569.9948414,161433519.98624372,30268784.9974207
58000882.2282637,154669019.27536988,29000441.11413185
21816678.639972005,58177809.70659201,10908339.319986003
6463654.084031337,17236410.89075023,3231827.0420156685
3622815.62555268,9660841.66814048,1811407.81277634
11874866.680238727,31666311.147303272,5937433.340119364
49013741.34658419,130703310.25755785,24506870.673292097
33148041.43702621,88394777.16540323,16574020.718513105
17197927.778882064,45861140.7436855,8598963.889441032
-19892339.117493577,-53046237.64664954,-9946169.558746789
83111261.12026358,221630029.6540362,41555630.56013179
7492910.5524534,19981094.8065424,3746455.2762267
-18934508.42601352,-50492022.46936939,-9467254.21300676
18727353.81506969,49939610.17351918,9363676.907534845
-4352834.549369994,-11607558.798319984,-2176417.274684997
15680569.63531324,41814852.36083531,7840284.81765662
-7723639.633685336,-20596372.35649423,-3861819.816842668
37467031.98402016,99912085.29072042,18733515.99201008
-14823137.139771821,-39528365.70605819,-7411568.5698859105
5252646.625870758,14007057.668988688,2626323.312935379
27352338.83169056,72939570.21784149,13676169.41584528
-5003206.288384239,-13341883.435691305,-2501603.1441921196
32958470.814457923,87889255.50522113,16479235.407228962
-2620736.4454225223,-6988630.521126727,-1310368.2227112611
17051868.314296324,45471648.83812354,8525934.157148162
7006103.361374057,18682942.296997484,3503051.6806870284
-3527962.861280119,-9407900.963413652,-1763981.4306400595
-27520874.868795678,-73388999.65012181,-13760437.434397839
3991044.7985383957,10642786.129435722,1995522.3992691978
49137240.697310545,131032641.85949479,24568620.348655272
-29707258.67834937,-79219356.4755983,-14853629.339174684
32421750.95928809,86458002.55810158,16210875.479644045
45269613.26477863,120718968.70607634,22634806.632389314
42312195.420315154,112832521.12084042,21156097.710157577
23810459.365179118,63494558.307144314,11905229.682589559
43764546.47724528,116705457.27265407,21882273.23862264
67461808.1295398,179898155.01210612,33730904.0647699
-7389327.735327089,-19704873.960872237,-3694663.8676635446
9709781.016099779,25892749.376266077,4854890.5080498895
-12549239.54980905,-33464638.7994908,-6274619.774904525
22544465.467334624,60118574.579559006,11272232.733667312
56973185.22339255,151928493.9290468,28486592.611696277
-4447832.377489441,-11860886.339971844,-2223916.1887447205
5760295.766673397,15360788.711129058,2880147.8833366986
69213141.38270357,184568377.02054286,34606570.691351786
12823913.68633981,34197103.163572825,6411956.843169905
15445806.09039277,41188816.24104739,7722903.045196385
50350289.005043365,134267437.3467823,25175144.502521683
-10334894.717719235,-27559719.24725129,-5167447.358859617
-7544870.80585377,-20119655.482276723,-3772435.402926885
-20986513.076663207,-55964034.871101886,-10493256.538331604
95048282.77829498,253462087.4087866,47524141.38914749
-23180293.350749407,-61814115.60199842,-11590146.675374703
-12633351.781185543,-33688938.08316144,-6316675.890592772
5131609.065888914,13684290.84237044,2565804.532944457
282493.13171451184,753315.017905365,141246.56585725592
29088634.506807767,77569692.01815404,14544317.253403883
25821188.245973494,68856501.98926266,12910594.122986747
24318474.62410178,64849265.664271414,12159237.31205089
51052634.59739458,136140358.92638555,25526317.29869729
56286189.60602944,150096505.61607853,28143094.80301472
-28938596.84141077,-77169591.57709539,-14469298.420705386
56688851.446434215,151170270.52382457,28344425.723217107
44826643.88938282,119537717.03835419,22413321.94469141
-13857910.024544327,-36954426.732118204,-6928955.012272163
25788481.491168384,68769283.97644903,12894240.745584192
65632098.56738956,175018929.51303884,32816049.28369478
37260166.20673806,99360443.21796818,18630083.10336903
73044236.10907856,194784629.6242095,36522118.05453928
13435483.331508493,35827955.55068932,6717741.6657542465
34347735.67298739,91593961.79463303,17173867.836493693
63312511.26366101,168833363.3697627,31656255.631830506
19801936.459670834,52805163.892455555,9900968.229835417
67386156.3495634,179696416.93216908,33693078.1747817
2624705.628719559,6999215.009918825,1312352.8143597795
56294089.404146224,150117571.74438992,28147044.702073112
30782218.12704246,82085915.00544657,15391109.06352123
26587329.40823848,70899545.08863595,13293664.70411924
33799753.504307136,90132676.0114857,16899876.752153568
-3125353.9026289745,-8334277.073677265,-1562676.9513144873
3374063.2627404802,8997502.033974614,1687031.6313702401
-22514533.612859126,-60038756.30095767,-11257266.806429563
51864650.8326636,138305735.55376962,25932325.4163318
-445934.2034209224,-1189157.8757891264,-222967.1017104612
11287484.088432318,30099957.569152847,5643742.044216159
15419212.639996247,41117900.37332332,7709606.319998124
61329373.64611741,163544996.38964644,30664686.823058706
28727211.134112485,76605896.3576333,14363605.567056242
-1620516.238218786,-4321376.635250096,-810258.119109393
75843205.10323271,202248546.9419539,37921602.551616356
39326912.00061379,104871765.33497009,19663456.000306893
-5875481.950302644,-15667951.867473718,-2937740.975151322
27892054.8002813,74378812.80075014,13946027.40014065
43359746.24201734,115625989.97871292,21679873.12100867
-7946792.451704954,-21191446.537879877,-3973396.225852477
11723992.59174007,31263980.244640186,5861996.295870035
82185347.6607821,219160927.09541893,41092673.83039105
-19891710.291034445,-53044560.77609185,-9945855.145517223
-23375707.458066054,-62335219.88817614,-11687853.729033027
69829610.4283876,186212294.47570026,34914805.2141938
36996913.42515068,98658435.8004018,18498456.71257534
-13320776.308985699,-35522070.1572952,-6660388.1544928495
43971305.052678645,117256813.47380972,21985652.526339322
50932101.30114224,135818936.803046,25466050.65057112
39411737.69548496,105097967.1879599,19705868.84774248
43426428.939816386,115803810.50617702,21713214.469908193
24082941.028687906,64221176.07650109,12041470.514343953
-13374120.733858904,-35664321.95695708,-6687060.366929452
54269636.9589679,144719031.89058107,27134818.47948395
12799324.673131721,34131532.461684585,6399662.336565861
22374212.392876156,59664566.38100308,11187106.196438078
45216267.45336418,120576713.20897114,22608133.72668209
1818600.281027688,4849600.749407168,909300.140513844
40796456.995236844,108790551.98729825,20398228.497618422
5500339.683861916,14667572.490298443,2750169.841930958
59755266.04728182,159347376.12608486,29877633.02364091
2041259.6758703424,5443359.135654246,1020629.8379351712
26639733.46207619,71039289.23220317,13319866.731038095
7600227.036238005,20267272.096634682,3800113.5181190027
35224833.859602705,93932890.29227388,17612416.929801352
36523332.62810003,97395553.67493342,18261666.314050015
46962041.60547965,125232110.94794573,23481020.802739825
34636237.60542756,92363300.28114016,17318118.80271378
22492979.650326848,59981279.06753826,11246489.825163424
62101652.08823913,165604405.5686377,31050826.044119567
-5677782.892758297,-15140754.380688792,-2838891.4463791484
11798665.72013027,31463108.587014053,5899332.860065135
-13767580.358109357,-36713547.621624954,-6883790.179054678
48991703.421121664,130644542.45632444,24495851.710560832
52583008.99384098,140221357.31690928,26291504.49692049
6306014.529117012,16816038.744312033,3153007.264558506
-4709192.175720353,-12557845.801920941,-2354596.0878601763
51356954.184157275,136951877.8244194,25678477.092078637
3822496.11573494,10193322.975293173,1911248.05786747
55313816.797059625,147503511.45882568,27656908.398529813
22803685.04661239,60809826.79096637,11401842.523306195
47888271.03746637,127702056.09991032,23944135.518733185
5409794.937485651,14426119.83329507,2704897.4687428256
20540305.68822101,54774148.50192269,10270152.844110506
53877244.93437622,143672653.15833658,26938622.46718811
52715105.575852506,140573614.86894003,26357552.787926253
-13653512.355886428,-36409366.28236381,-6826756.177943214
46885489.6371177,125027972.3656472,23442744.81855885
18207100.997707583,48552269.327220224,9103550.498853792
44799915.53203735,119466441.41876626,22399957.766018674
27226294.671757773,72603452.45802072,13613147.335878886
44042156.19774428,117445749.86065142,22021078.09887214
29191370.486607548,77843654.63095346,14595685.243303774
33772255.46103763,90059347.89610036,16886127.730518814
68169802.05430362,181786138.8114763,34084901.02715181
37434122.81340161,99824327.50240429,18717061.406700805
-47110401.696193784,-125627737.85651675,-23555200.848096892
62287409.84706092,166099759.59216246,31143704.92353046
69672301.24015702,185792803.3070854,34836150.62007851
59893196.218956344,159715189.91721693,29946598.109478172
-19451126.510534227,-51869670.69475794,-9725563.255267113
-1981096.0367232622,-5282922.764595366,-990548.0183616311
21992459.17332062,58646557.79552166,10996229.58666031
-15722308.857734019,-41926156.95395739,-7861154.4288670095
48521568.734491214,129390849.95864323,24260784.367245607
26858130.564572573,71621681.50552686,13429065.282286286
35686510.186399296,95164027.16373144,17843255.093199648
53734586.53554114,143292230.76144305,26867293.26777057
79491.78239293475,211978.08638115934,39745.891196467375
18106578.650569987,48284209.7348533,9053289.325284993
38052223.65028506,101472596.40076016,19026111.82514253
31103285.702209115,82942095.20589097,15551642.851104558
47985716.245768495,127961909.98871599,23992858.122884247
66258924.29005496,176690464.7734799,33129462.14502748
49364874.91527421,131639666.44073121,24682437.457637105
29577193.919756327,78872517.11935021,14788596.959878163
15888331.348385768,42368883.595695384,7944165.674192884
-160752.288860809,-428672.7702954907,-80376.1444304045
4217324.450154495,11246198.533745322,2108662.2250772477
-14491392.848246401,-38643714.261990406,-7245696.424123201
-23496594.68542268,-62657585.827793814,-11748297.34271134
23597025.57709701,62925401.538925365,11798512.788548505
5825594.91300398,15534919.768010613,2912797.45650199
66200013.33305246,176533368.88813987,33100006.66652623
26057717.73740268,69487247.29974048,13028858.86870134
-9929537.284556478,-26478766.092150606,-4964768.642278239
86812354.97526966,231499613.26738575,43406177.48763483
67738256.45539899,180635350.54773062,33869128.227699496
11542715.158198714,30780573.75519657,5771357.579099357
28209413.622058235,75225102.99215528,14104706.811029118
13262291.472698512,35366110.5938627,6631145.736349256
-8823064.65864382,-23528172.423050188,-4411532.32932191
2450958.243989762,6535888.650639365,1225479.121994881
25407153.988453057,67752410.63587482,12703576.994226528
-1440886.9475842314,-3842365.1935579507,-720443.4737921157
48279523.47565695,128745395.9350852,24139761.737828474
61862692.33746719,164967179.5665792,30931346.168733597
33222066.588391595,88592177.56904425,16611033.294195797
44905901.04999858,119749069.46666288,22452950.52499929
1480538.0421765407,3948101.4458041084,740269.0210882704
8362969.535627128,22301252.095005676,4181484.767813564
1061739.9336648833,2831306.489773022,530869.9668324416
46994247.269659705,125317992.71909255,23497123.634829853
68094134.45954657,181584358.55879086,34047067.22977328
34765540.10791646,92708106.95444389,17382770.05395823
77105459.58621725,205614558.89657933,38552729.79310863
67962699.54267079,181233865.4471221,33981349.77133539
71531362.3304868,190750299.5479648,35765681.1652434
-18063112.191481512,-48168299.17728403,-9031556.095740756
24019144.748750307,64051052.66333415,12009572.374375153
22515496.857757084,60041324.95401889,11257748.428878542
42897636.19524557,114393696.52065486,21448818.097622786
11791972.418636683,31445259.783031154,5895986.209318342
28599587.726535816,76265567.27076218,14299793.863267908
49660122.10537618,132426992.28100315,24830061.05268809
11192344.731203351,29846252.61654227,5596172.365601676
-13105267.17934074,-34947379.144908644,-6552633.58967037
7628729.707275051,20343279.219400134,3814364.8536375253
-2397856.390217442,-6394283.707246512,-1198928.195108721
41569807.351831816,110852819.60488485,20784903.675915908
28794213.687934116,76784569.83449098,14397106.843967058
39367201.28273551,104979203.42062803,19683600.641367756
-16950894.34491077,-45202384.91976205,-8475447.172455385
33707662.961730346,89887101.23128092,16853831.480865173
34544124.209843904,92117664.55958374,17272062.104921952
62000809.8710931,165335492.9895816,31000404.93554655
27626963.135239683,73671901.69397248,13813481.567619842
-13813929.009235421,-36837144.02462779,-6906964.504617711
74708149.30397856,199221731.47727618,37354074.65198928
29607511.053193998,78953362.80851732,14803755.526596999
62800222.67988818,167467260.47970182,31400111.33994409
-11680238.190436337,-31147301.841163564,-5840119.095218169
15286055.801281847,40762815.47008492,7643027.9006409235
51028671.31469346,136076456.83918256,25514335.65734673
17191592.03480812,45844245.42615499,8595796.01740406
6348006.670030827,16928017.78674887,3174003.3350154134
20986425.200578496,55963800.53487598,10493212.600289248
-2037020.182018287,-5432053.818715432,-1018510.0910091435
37010712.757603645,98695234.0202764,18505356.378801823
44390817.74958609,118375513.99889623,22195408.874793045
54906547.838355705,146417460.90228188,27453273.919177853
40107800.03785701,106954133.43428537,20053900.018928505
18536407.967497066,49430421.24665884,9268203.983748533
-1127627.5770549292,-3007006.8721464784,-563813.7885274646
-13415185.2708496,-35773827.388932265,-6707592.6354248
-2007623.4537533903,-5353662.543342374,-1003811.7268766952
83873403.58512138,223662409.5603237,41936701.79256069
67914938.2560652,181106502.0161739,33957469.1280326
50415393.54325298,134441049.44867462,25207696.77162649
30658448.771884613,81755863.3916923,15329224.385942306
24984071.539464448,66624190.77190519,12492035.769732224
48292382.685681716,128779687.16181791,24146191.342840858
48214519.3665458,128572051.64412214,24107259.6832729
61110078.67219865,162960209.79252973,30555039.336099327
47299720.56663698,126132588.17769861,23649860.28331849
440195.1317916972,1173853.6847778591,220097.5658958486
36635117.97671086,97693647.93789564,18317558.98835543
-5872666.973665888,-15660445.263109036,-2936333.486832944
79645597.7971202,212388260.79232052,39822798.8985601
3581755.5919603617,9551348.245227631,1790877.7959801808
57723055.20261302,153928147.20696807,28861527.60130651
30516758.8658585,81378023.64228933,15258379.43292925
33699561.543304436,89865497.44881183,16849780.771652218
-15443860.631934348,-41183628.35182493,-7721930.315967174
-895750.4458287385,-2388667.855543303,-447875.22291436925
64380740.58997873,171681974.90660995,32190370.294989366
5786714.477282806,15431238.606087483,2893357.238641403
40874705.952681,108999215.873816,20437352.9763405
30831144.705396924,82216385.88105847,15415572.352698462
38745265.26473709,103320707.37263224,19372632.632368546
53165749.36313972,141775331.63503927,26582874.68156986
32544741.651207138,86785977.73655237,16272370.825603569
70075734.49155106,186868625.31080282,35037867.24577553
56414545.26241924,150438787.36645132,28207272.63120962
71705548.62964387,191214796.34571698,35852774.314821936
25001242.48143468,66669979.95049249,12500621.24071734
24087892.11749568,64234378.97998847,12043946.05874784
37934982.84936646,101159954.26497723,18967491.42468323
26627631.656015456,71007017.74937454,13313815.828007728
-25851716.64272442,-68937911.04726513,-12925858.32136221
6981153.780817525,18616410.082180068,3490576.8904087627
61338812.15914942,163570165.7577318,30669406.07957471
36746314.0295001,97990170.7453336,18373157.01475005
37128289.49331675,99008771.98217799,18564144.746658374
45679651.73806724,121812404.63484597,22839825.86903362
-210591.53623596282,-561577.4299625675,-105295.76811798141
74392221.72097105,198379257.92258945,37196110.860485524
14251368.078268243,38003648.20871531,7125684.0391341215
45416475.57828936,121110601.54210496,22708237.78914468
-28544443.47226728,-76118515.92604609,-14272221.73613364
69581187.82596098,185549834.2025626,34790593.91298049
3253375.790958038,8675668.775888102,1626687.895479019
-15923130.804470582,-42461682.14525489,-7961565.402235291
15073516.082855048,40196042.88761346,7536758.041427524
-9198809.351050252,-24530158.26946734,-4599404.675525126
-13515733.833117973,-36041956.8883146,-6757866.9165589865
41871075.6407993,111656201.70879813,20935537.82039965
8125396.550893531,21667724.13571608,4062698.2754467656
52983639.8229952,141289706.19465387,26491819.9114976
24911891.223259605,66431709.92869228,12455945.611629803
61976873.15169779,165271661.7378608,30988436.575848896
17796528.464474674,47457409.23859914,8898264.232237337
45418324.47194801,121115531.92519471,22709162.235974006
54358641.00570035,144956376.0152009,27179320.502850175
17087520.595145762,45566721.58705537,8543760.297572881
47037171.6334697,125432457.68925253,23518585.81673485
37486472.514662735,99963926.70576729,18743236.257331368
-7258015.444894467,-19354707.853051912,-3629007.7224472333
68910339.11757791,183760904.3135411,34455169.558788955
61745899.8378927,164655732.9010472,30872949.91894635
-34718280.11084442,-92582080.29558513,-17359140.05542221
20437071.799357273,54498858.1316194,10218535.899678636
52604572.38980326,140278859.706142,26302286.19490163
34565818.98459388,92175517.29225037,17282909.49229694
106173712.79214492,283129900.77905315,53086856.39607246
22102491.36994771,58939976.98652722,11051245.684973855
41623516.548026696,110996044.12807117,20811758.274013348
-10892790.627985727,-29047441.674628604,-5446395.3139928635
85532216.83937044,228085911.57165453,42766108.41968522
19544461.16547007,52118563.10792019,9772230.582735036
56202541.4073701,149873443.75298694,28101270.70368505
36147983.744140156,96394623.31770708,18073991.872070078
5003765.084603248,13343373.558941996,2501882.542301624
46161488.75979839,123097303.35946238,23080744.379899196
31258896.703151595,83357057.87507091,15629448.351575797
73469553.04626255,195918808.1233668,36734776.52313127
26853942.247494467,71610512.65998524,13426971.123747233
42511765.236443855,113364707.29718362,21255882.618221927
38783027.690173134,103421407.17379501,19391513.845086567
24181490.106368933,64483973.61698382,12090745.053184466
22284662.288783368,59425766.103422314,11142331.144391684
13154921.855534319,35079791.61475818,6577460.927767159
4297457.878822932,11459887.676861152,2148728.939411466
40308114.73231837,107488305.952849,20154057.366159186
43261936.77140254,115365164.7237401,21630968.38570127
37007193.796866626,98685850.12497766,18503596.898433313
-44364568.65099166,-118305516.40264444,-22182284.32549583
-12619476.02367897,-33651936.06314392,-6309738.011839485
20637324.215188555,55032864.57383615,10318662.107594278
62414786.797978796,166439431.4612768,31207393.398989398
76849259.78618532,204931359.4298275,38424629.89309266
-3766748.400330616,-10044662.400881642,-1883374.200165308
42958788.33097622,114556768.88260324,21479394.16548811
-10059361.782624334,-26824964.753664892,-5029680.891312167
-18038101.055473603,-48101602.81459628,-9019050.527736802
6336108.129239796,16896288.344639454,3168054.064619898
-1774389.0761604416,-4731704.203094511,-887194.5380802208
32493202.076745026,86648538.87132007,16246601.038372513
62090650.14206346,165575067.04550254,31045325.07103173
-6005581.6217861045,-16014884.324762946,-3002790.8108930523
35074914.81290806,93533106.16775483,17537457.40645403
14203420.609970165,37875788.29325378,7101710.304985083
71838071.72238563,191568191.25969502,35919035.861192815
47497987.81108886,126661300.8295703,23748993.90554443
22936592.095111746,61164245.58696466,11468296.047555873
45375753.70001977,121002009.86671938,22687876.850009885
24052458.922733318,64139890.460622184,12026229.461366659
110361113.07503185,294296301.53341824,55180556.53751592
22125574.501811188,59001532.00482984,11062787.250905594
38927971.49379225,103807923.983446,19463985.746896125
-27875442.85167291,-74334514.27112776,-13937721.425836455
14777223.273601962,39405928.729605235,7388611.636800981
65482319.59846279,174619518.92923412,32741159.799231395
44019568.94638345,117385517.19035585,22009784.473191723
27176659.846405085,72471092.9237469,13588329.923202543
39020861.9554679,104055631.88124773,19510430.97773395
65231593.82757816,173950916.87354177,32615796.91378908
22889954.552659582,61039878.80709222,11444977.276329791
45754757.278791,122012686.076776,22877378.6393955
49071210.50275014,130856561.34066705,24535605.25137507
27056725.485815585,72151267.96217489,13528362.742907792
19154373.53968592,51078329.43916245,9577186.76984296
-17201339.53142663,-45870238.75047102,-8600669.765713315
38389391.51217486,102371710.69913295,19194695.75608743
21626989.04793339,57671970.79448903,10813494.523966694
48267390.291152105,128713040.77640562,24133695.145576052
78155565.18859313,208414840.50291502,39077782.59429657
63103552.60285489,168276140.2742797,31551776.301427446
30349474.46149563,80931931.89732169,15174737.230747815
45785803.663591176,122095476.43624315,22892901.831795588
10144320.390332919,27051521.040887784,5072160.195166459
44260768.473783396,118028715.93008906,22130384.236891698
-310588.0215898027,-828234.7242394738,-155294.01079490135
32187112.679701127,85832300.479203,16093556.339850564
6884327.519504272,18358206.71867806,3442163.759752136
22190077.332736537,59173539.55396409,11095038.666368268
12512513.878041336,33366703.674776897,6256256.939020668
-16783887.689202044,-44757033.83787212,-8391943.844601022
26695044.073020782,71186784.19472209,13347522.036510391
42650807.45812038,113735486.55498768,21325403.72906019
103712342.06963997,276566245.5190399,51856171.03481998
-5889967.168936858,-15706579.117164955,-2944983.584468429
10020656.353230802,26721750.27528214,5010328.176615401
23176825.47598724,61804867.93596598,11588412.73799362
75136510.6500702,200364028.40018722,37568255.3250351
63268297.01818094,168715458.71514916,31634148.50909047
-16023979.183390649,-42730611.155708395,-8011989.5916953245
71551960.56291415,190805228.16777107,35775980.281457074
11032856.819117978,29420951.51764794,5516428.409558989
33511946.096319698,89365189.59018585,16755973.048159849
64409895.992310934,171759722.64616248,32204947.996155467
-3536052.713494707,-9429473.902652552,-1768026.3567473534
18823931.8441348,50197151.58435947,9411965.9220674
27010288.82177692,72027436.85807177,13505144.41088846
8896591.3063847,23724243.48369253,4448295.65319235
48795248.61784152,130120662.98091072,24397624.30892076
90770331.18363518,242054216.48969382,45385165.59181759
1296716.3171193507,3457910.1789849354,648358.1585596753
6953679.812284186,18543146.166091163,3476839.906142093
46130991.170303516,123015976.4541427,23065495.585151758
37729791.80057734,100612778.1348729,18864895.90028867
67476741.51331343,179937977.3688358,33738370.756656714
11965523.629423877,31908063.011797007,5982761.814711939
9796289.621247204,26123438.989992544,4898144.810623602
54399201.19988006,145064536.5330135,27199600.59994003
2081164.2888179272,5549771.436847806,1040582.1444089636
-21096570.46208602,-56257521.23222938,-10548285.23104301
33665051.83016691,89773471.54711176,16832525.915083457
10322495.483032882,27526654.62142102,5161247.741516441
41443328.5378506,110515542.76760161,20721664.2689253
37290813.29557286,99442168.7881943,18645406.64778643
77859552.52395365,207625473.39720973,38929776.26197682
99439099.35327156,265170931.60872415,49719549.67663578
34052619.171582304,90806984.45755282,17026309.585791152
-13606772.948717909,-36284727.86324776,-6803386.4743589545
56974497.58686765,151931993.56498042,28487248.793433826
69651452.86289124,185737207.63437665,34825726.43144562
2228226.852276555,5941938.272737479,1114113.4261382774
31425575.65852074,83801535.08938864,15712787.82926037
9393011.598632032,25048030.929685418,4696505.799316016
-6172349.186023604,-16459597.829396278,-3086174.593011802
36649286.42871944,97731430.47658518,18324643.21435972
52082479.46698082,138886611.91194886,26041239.73349041
57499400.26427663,153331734.038071,28749700.132138316
47478072.03085487,126608192.08227967,23739036.015427437
28317298.117070228,75512794.97885394,14158649.058535114
18671358.607222266,49790289.61925937,9335679.303611133
1081035.1378127595,2882760.3675006917,540517.5689063797
56415700.97818485,150441869.2751596,28207850.489092425
57098275.47008894,152262067.92023715,28549137.73504447
6548856.726313732,17463617.93683662,3274428.363156866
71494888.91278966,190653037.1007724,35747444.45639483
-11676946.977401506,-31138525.27307068,-5838473.488700753
46065088.26285165,122840235.3676044,23032544.131425824
2296409.4353088583,6123758.494156956,1148204.7176544291
15710025.540442618,41893401.44118031,7855012.770221309
42924925.78255594,114466468.75348249,21462462.89127797
-39985042.7836503,-106626780.7564008,-19992521.39182515
-15477827.172012081,-41274205.79203221,-7738913.586006041
-25842532.122106146,-68913418.99228306,-12921266.061053073
19488284.21159363,51968757.897583015,9744142.105796816
41851342.91183948,111603581.0982386,20925671.45591974
-16005690.43250616,-42681841.153349765,-8002845.21625308
30225393.877731133,80601050.34061636,15112696.938865567
33684280.16083321,89824747.09555523,16842140.080416605
16009741.632681113,42692644.3538163,8004870.816340556
23491178.171233326,62643141.789955534,11745589.085616663
49770600.47188924,132721601.25837131,24885300.23594462
78069183.70371336,208184489.87656897,39034591.85185668
25641407.271205164,68377086.0565471,12820703.635602582
48603418.173871085,129609115.13032289,24301709.086935543
-10322636.631362379,-27527031.016966343,-5161318.315681189
-6405762.251282662,-17082032.6700871,-3202881.125641331
68443023.13294858,182514728.35452956,34221511.56647429
-20300024.83332964,-54133399.5555457,-10150012.41666482
46802189.33057025,124805838.214854,23401094.665285125
26923783.8400102,71796756.90669388,13461891.9200051
60993922.818991385,162650460.8506437,30496961.409495693
1076128.4501009355,2869675.866935828,538064.2250504678
23500895.462282944,62669054.56608786,11750447.731141472
7100741.707647226,18935311.220392603,3550370.853823613
32144030.489839163,85717414.6395711,16072015.244919581
48253976.58985036,128677270.90626761,24126988.29492518
-8931028.753376085,-23816076.675669562,-4465514.376688043
2022875.9268559632,5394335.804949235,1011437.9634279816
-16522092.164961897,-44058912.43989839,-8261046.082480948
-11094272.862592725,-29584727.6335806,-5547136.431296363
65153881.00490693,173743682.6797518,32576940.502453465
-852854.2221727914,-2274277.92579411,-426427.1110863957
78327307.43897699,208872819.83727196,39163653.719488494
8851739.985084482,23604639.96022528,4425869.992542241
33303963.8371019,88810570.23227173,16651981.91855095
29658443.6083512,79089182.9556032,14829221.8041756
55608034.797306456,148288092.7928172,27804017.398653228
56384376.88796004,150358338.36789343,28192188.44398002
88689910.82795171,236506428.8745379,44344955.41397586
36287411.7744167,96766431.39844453,18143705.88720835
-17841310.977429222,-47576829.273144595,-8920655.488714611
-7279771.21512101,-19412723.240322694,-3639885.607560505
39955247.72479354,106547327.26611611,19977623.86239677
33817267.49882982,90179379.99687953,16908633.74941491
58024518.88142428,154732050.35046473,29012259.44071214
-48579.75458111563,-129546.01221630834,-24289.877290557815
39754033.78523853,106010756.76063608,19877016.892619263
79733989.91909772,212623973.11759394,39866994.95954886
20523431.27583874,54729150.06890331,10261715.63791937
-36913023.98185351,-98434730.61827601,-18456511.990926754
-41503188.51278705,-110675169.36743213,-20751594.256393526
14670671.611973934,39121790.96526383,7335335.805986967
12897261.980790652,34392698.61544174,6448630.990395326
17175033.180141386,45800088.48037703,8587516.590070693
48120007.98951343,128320021.30536915,24060003.994756714
45793879.8469624,122117012.92523307,22896939.9234812
35030575.91439685,93414869.10505827,17515287.957198426
37087915.0897617,98901106.9060312,18543957.54488085
25891869.709039047,69044985.8907708,12945934.854519524
23512314.69458737,62699505.852232985,11756157.347293684
37510222.44334631,100027259.84892349,18755111.221673153
-17533080.54932899,-46754881.46487731,-8766540.274664495
7529584.943215407,20078893.181907754,3764792.4716077037
39411706.760965735,105097884.69590862,19705853.380482867
-11152241.92353627,-29739311.796096724,-5576120.961768135
-12356752.734814841,-32951340.626172908,-6178376.367407421
2089929.3693658283,5573144.984975542,1044964.6846829142
31521536.52927488,84057430.74473302,15760768.26463744
63347984.62251753,168927958.9933801,31673992.311258767
-4652884.302377242,-12407691.473005977,-2326442.151188621
55327993.0598393,147541314.82623813,27663996.52991965
5282100.996859274,14085602.658291396,2641050.498429637
5675766.72065111,15135377.921736293,2837883.360325555
32355439.312645987,86281171.5003893,16177719.656322993
-6264089.77057297,-16704239.388194585,-3132044.885286485
1582138.9288217775,4219037.14352474,791069.4644108887
33202690.239852633,88540507.30627368,16601345.119926317
15757839.656966642,42020905.751911044,7878919.828483321
32672731.292376634,87127283.44633768,16336365.646188317
-4097321.3263402306,-10926190.20357395,-2048660.6631701153
-5415071.426209542,-14440190.46989211,-2707535.713104771
25532995.93605572,68087989.16281526,12766497.96802786
21720185.03321871,57920493.42191657,10860092.516609356
16891815.01405971,45044840.03749256,8445907.507029856
14194020.68991284,37850721.839767575,7097010.34495642
43444904.7355109,115853079.29469572,21722452.36775545
3005541.4280059147,8014777.141349105,1502770.7140029573
7615226.1627034675,20307269.767209247,3807613.0813517338
9289679.067754643,24772477.51401238,4644839.5338773215
25428295.918985393,67808789.11729437,12714147.959492696
-9197399.51770775,-24526398.71388733,-4598699.758853875
32788684.72249931,87436492.5933315,16394342.361249655
7457082.399814022,19885553.066170726,3728541.199907011
63611772.688771494,169631393.83672398,31805886.344385747
48206107.088099755,128549618.90159935,24103053.544049878
-21127331.307107594,-56339550.152286924,-10563665.653553797
-20914620.69960346,-55772321.86560923,-10457310.34980173
1474837.258733583,3932899.356622888,737418.6293667915
52349058.729867,139597489.94631198,26174529.3649335
-26164384.56148477,-69771692.16395938,-13082192.280742384
39565296.73500973,105507457.96002594,19782648.367504865
47780806.9998588,127415485.33295679,23890403.4999294
23438503.198303998,62502675.19547733,11719251.599151999
27674122.417224243,73797659.77926464,13837061.208612122
60632280.95479191,161686082.54611176,30316140.477395955
-36229852.2409194,-96612939.30911839,-18114926.1204597
36972468.286779344,98593248.76474492,18486234.143389672
6613391.604945167,17635710.946520444,3306695.8024725835
55381978.08012759,147685274.88034025,27690989.040063795
-11776145.223595392,-31403053.92958771,-5888072.611797696
56627566.22839548,151006843.27572128,28313783.11419774
-13639583.889414147,-36372223.70510439,-6819791.944707073
68376405.70358089,182337081.8762157,34188202.85179044
38700578.57557808,103201542.86820821,19350289.28778904
19960782.03474909,53228752.09266424,9980391.017374545
72819268.57573839,194184716.20196903,36409634.28786919
25718478.23757532,68582608.63353418,12859239.11878766
11659860.435062628,31092961.16016701,5829930.217531314
15319457.52035195,40851886.72093853,7659728.760175975
-1142969.6025644671,-3047918.940171912,-571484.8012822336
19064370.731302932,50838321.950141154,9532185.365651466
5949284.729434917,15864759.278493112,2974642.3647174584
-1717668.3778864485,-4580449.007697196,-858834.1889432243
41929408.39325965,111811755.71535906,20964704.196629826
18131048.95176972,48349463.871385925,9065524.47588486
12245706.261441804,32655216.697178148,6122853.130720902
43851654.87576787,116937746.33538099,21925827.437883936
31018150.207112152,82715067.21896574,15509075.103556076
34180161.97713758,91147098.60570021,17090080.98856879
48735920.263339095,129962454.03557092,24367960.131669547
46620146.14996488,124320389.73323967,23310073.07498244
-247101.00109914952,-658936.0029310654,-123550.50054957476
21417802.0806312,57114138.88168319,10708901.0403156
8896641.337830018,23724376.90088005,4448320.668915009
54375850.38889885,145002267.70373026,27187925.194449425
25199350.179240778,67198267.14464207,12599675.089620389
58733402.01695132,156622405.37853688,29366701.00847566
34198180.99903122,91195149.33074993,17099090.49951561
-22853032.33258645,-60941419.553563856,-11426516.166293224
5214066.910980396,13904178.429281056,2607033.455490198
31323063.61079698,83528169.62879194,15661531.80539849
-6684183.332654781,-17824488.887079414,-3342091.6663273904
12446041.852219975,33189444.939253267,6223020.926109987
61317290.66733522,163512775.11289394,30658645.33366761
-14365064.218775172,-38306837.916733794,-7182532.109387586
-15618135.459589144,-41648361.22557105,-7809067.729794572
29728292.917971015,79275447.78125603,14864146.458985507
54768605.55638081,146049614.81701547,27384302.778190404
14948958.190676235,39863888.50846996,7474479.095338117
32508667.839132063,86689780.90435216,16254333.919566032
64187332.52758242,171166220.07355314,32093666.26379121
76544416.71857707,204118444.58287218,38272208.359288536
-224748.89948018995,-599330.3986138399,-112374.44974009498
-6413901.958595408,-17103738.55625442,-3206950.979297704
57280216.60977262,152747244.292727,28640108.30488631
8940511.323207868,23841363.528554317,4470255.661603934
58187885.16888324,155167693.78368863,29093942.58444162
16861561.65163319,44964164.404355176,8430780.825816596
-12979201.458057482,-34611203.888153285,-6489600.729028741
7995840.081094574,21322240.216252197,3997920.040547287
31840994.237462,84909317.96656534,15920497.118731
6844985.531976987,18253294.75193863,3422492.7659884933
-7412613.506227621,-19766969.349940322,-3706306.7531138104
53566543.05052631,142844114.80140352,26783271.525263157
36709359.052039534,97891624.13877209,18354679.526019767
29252192.834899303,78005847.55973148,14626096.417449651
33040438.000053134,88107834.66680837,16520219.000026567
-15409958.112517465,-41093221.63337991,-7704979.056258732
50765390.49060298,135374374.64160794,25382695.24530149
40255277.07782413,107347405.54086435,20127638.538912065
62061194.90242713,165496519.73980567,31030597.451213565
13861361.61685402,36963630.978277385,6930680.80842701
32664719.024068907,87105917.39751709,16332359.512034453
-4093432.8465010105,-10915820.924002694,-2046716.4232505052
-27326408.83015072,-72870423.54706858,-13663204.41507536
13200059.214168176,35200157.90444847,6600029.607084088
12598311.579991423,33595497.54664379,6299155.789995711
36400518.40468196,97068049.0791519,18200259.20234098
81870728.66523533,218321943.1072942,40935364.33261766
70493332.76799913,187982220.71466434,35246666.383999564
51618611.083547,137649629.55612534,25809305.5417735
-10903067.62450361,-29074846.998676296,-5451533.812251805
22412695.858652342,59767188.95640625,11206347.929326171
59737328.818145,159299543.51505333,29868664.4090725
8241064.873456488,21976172.995883968,4120532.436728244
-12462591.632473469,-33233577.686595917,-6231295.816236734
36210379.127716504,96561011.007244,18105189.563858252
25808583.305675287,68822888.8151341,12904291.652837643
44415280.69494211,118440748.51984563,22207640.347471055
86492459.22060083,230646557.9216022,43246229.610300414
44264925.21437926,118039800.57167803,22132462.60718963
17054179.200423315,45477811.20112884,8527089.600211658
5044348.200378305,13451595.201008815,2522174.1001891526
44030123.06178294,117413661.49808785,22015061.53089147
9423420.27450581,25129120.732015498,4711710.137252905
38991908.091109544,103978421.57629211,19495954.045554772
67422655.84177586,179793748.91140231,33711327.92088793
7749857.480883737,20666286.615689967,3874928.7404418685
15282248.76840261,40752663.382406965,7641124.384201305
66313669.038676344,176836450.76980358,33156834.519338172
-20021940.85113401,-53391842.26969069,-10010970.425567005
21858831.58592305,58290217.562461466,10929415.792961525
36945090.18221104,98520240.48589611,18472545.09110552
49689397.75363435,132505060.67635825,24844698.876817174
1493344.9261529495,3982253.136407865,746672.4630764747
48438151.467833035,129168403.91422142,24219075.733916517
47753421.85667463,127342458.28446567,23876710.928337313
57440365.727282144,153174308.60608572,28720182.863641072
-271229.2425529672,-723277.9801412459,-135614.6212764836
51437548.336794,137166795.564784,25718774.168397
33021951.04089696,88058536.10905856,16510975.52044848
-17932521.762908857,-47820058.03442362,-8966260.881454429
25225619.587943796,67268318.90118346,12612809.793971898
7388435.609789129,19702494.959437676,3694217.8048945647
-10246852.141774308,-27324939.04473149,-5123426.070887154
-1975497.9863451635,-5267994.630253769,-987748.9931725818
65658568.57332903,175089516.1955441,32829284.286664516
16192656.84808533,43180418.26156088,8096328.424042665
43998604.01103152,117329610.69608405,21999302.00551576
48740929.6088054,129975812.29014774,24370464.8044027
-442156.1951788638,-1179083.1871436369,-221078.0975894319
47250015.87346318,126000042.32923517,23625007.93673159
81944781.07125346,218519416.19000927,40972390.53562673
38545589.01104645,102788237.36279052,19272794.505523223
47859407.229084395,127625085.94422506,23929703.614542197
25259020.215082753,67357387.24022068,12629510.107541377
2691393.3904767623,7177049.041271366,1345696.6952383812
14441208.75740273,38509890.01974061,7220604.378701365
92036564.24964447,245430837.99905193,46018282.12482224
68573864.51813348,182863638.7150226,34286932.25906674
11961223.723922092,31896596.597125582,5980611.861961046
32517789.246900473,86714104.65840127,16258894.623450236
32378625.942480173,86343002.51328047,16189312.971240086
62981790.304266274,167951440.81137675,31490895.152133137
-38882233.23724149,-103685955.29931064,-19441116.618620746
50283020.43200877,134088054.48535672,25141510.216004387
54954813.18921476,146546168.5045727,27477406.59460738
-41607920.81193952,-110954455.4985054,-20803960.40596976
7878320.527333868,21008854.739556983,3939160.263666934
29569269.043547977,78851384.11612794,14784634.521773988
33828469.30861686,90209251.48964496,16914234.65430843
32236775.98401504,85964735.95737344,16118387.99200752
76723892.72175556,204597047.25801483,38361946.36087778
22606918.27663803,60285115.40436808,11303459.138319016
19422751.167399406,51794003.11306508,9711375.583699703
31594959.163248867,84253224.43533032,15797479.581624433
-26967163.79354386,-71912436.78278363,-13483581.89677193
84763191.29979365,226035176.79944974,42381595.64989682
12869699.354109302,34319198.27762481,6434849.677054651
-440350.16075973515,-1174267.0953592937,-220175.08037986758
36401438.55692932,97070502.81847818,18200719.27846466
80496844.11398984,214658250.9706396,40248422.05699492
-7184200.282028513,-19157867.4187427,-3592100.1410142565
46676457.50505569,124470553.34681515,23338228.752527844
10687972.294061678,28501259.45083114,5343986.147030839
53670396.51101602,143121057.3627094,26835198.25550801
77222574.66943394,205926865.78515717,38611287.33471697
69965309.66871092,186574159.11656246,34982654.83435546
65420617.77023284,174454980.7206209,32710308.88511642
5148512.994502305,13729367.98533948,2574256.4972511525
49424215.12190346,131797906.99174254,24712107.56095173
33972014.25143001,90592038.00381337,16986007.125715006
20773123.324321877,55394995.531525,10386561.662160939
69722939.96861842,185927839.9163158,34861469.98430921
84874312.47233723,226331499.9262326,42437156.236168616
37095945.60371848,98922521.60991596,18547972.80185924
75131567.60763691,200350846.95369846,37565783.80381846
34604963.04220021,92279901.44586723,17302481.521100104
31379344.32497231,83678251.5332595,15689672.162486155
-4054191.75380638,-10811178.010150347,-2027095.87690319
31877756.334309794,85007350.22482611,15938878.167154897
11853243.090405352,31608648.24108094,5926621.545202676
-2896718.694510991,-7724583.185362644,-1448359.3472554956
58127623.93923226,155006997.17128605,29063811.96961613
24442155.848330554,65179082.2622148,12221077.924165277
63103897.69546131,168277060.52123016,31551948.847730655
34629127.82949058,92344340.87864155,17314563.91474529
1831097.915043295,4882927.773448787,915548.9575216474
11016473.157845497,29377261.754254658,5508236.578922749
21938304.36887275,58502144.98366066,10969152.184436375
69756702.74621218,186017873.9898992,34878351.37310609
-2798178.8372407197,-7461810.232641919,-1399089.4186203599
48877473.60220238,130339929.60587302,24438736.80110119
58395133.87318868,155720356.99516982,29197566.93659434
62654514.05305173,167078704.14147127,31327257.026525866
-8621273.006313995,-22990061.350170653,-4310636.503156997
-17322271.542941287,-46192724.1145101,-8661135.771470644
-5422613.226099091,-14460301.936264241,-2711306.6130495453
-41298093.70934069,-110128249.89157517,-20649046.854670346
14851125.625741154,39603001.66864308,7425562.812870577
49350577.14400274,131601539.05067398,24675288.57200137
83592918.93544577,222914450.49452206,41796459.467722885
2982454.2076916466,7953211.220511058,1491227.1038458233
12118450.541903028,32315868.11174141,6059225.270951514
18297370.663036443,48792988.43476385,9148685.331518222
59154791.976391904,157746111.9370451,29577395.988195952
38446305.44324976,102523481.18199937,19223152.72162488
40760125.01085858,108693666.69562288,20380062.50542929
89937201.22929302,239832536.61144802,44968600.61464651
44507666.28339841,118687110.08906244,22253833.141699206
-39794078.58877102,-106117542.9033894,-19897039.29438551
8966294.264365643,23910118.038308382,4483147.132182822
11317552.742158955,30180140.645757213,5658776.3710794775
66171730.24348408,176457947.31595755,33085865.12174204
7763566.421479322,20702843.790611524,3881783.210739661
67590174.93863182,180240466.50301817,33795087.46931591
42911543.76786306,114430783.38096815,21455771.88393153
1217793.5035592308,3247449.3428246155,608896.7517796154
50125518.78036314,133668050.08096838,25062759.39018157
44182399.03414401,117819730.75771734,22091199.517072003
44321451.64842062,118190537.72912164,22160725.82421031
27310517.241691843,72828045.97784491,13655258.620845921
18063562.692550324,48169500.513467535,9031781.346275162
50444206.33489019,134517883.55970716,25222103.167445093
33586461.96457486,89563898.57219963,16793230.98228743
65675130.03794981,175133680.1011995,32837565.018974904
3182557.0914977742,8486818.910660733,1591278.5457488871
23282794.57771037,62087452.207227655,11641397.288855186
33403184.994710047,89075159.98589346,16701592.497355023
26713079.15966703,71234877.75911207,13356539.579833515
25738665.104247376,68636440.27799301,12869332.552123688
52493061.26475968,139981496.7060258,26246530.63237984
71645525.70947388,191054735.22526366,35822762.85473694
43321834.071805246,115524890.85814732,21660917.035902623
19162010.54296441,51098694.78123843,9581005.271482205
27839098.795066673,74237596.78684446,13919549.397533337
6157934.437179831,16421158.499146216,3078967.2185899154
9372453.518747203,24993209.383325875,4686226.7593736015
429894.57634382695,1146385.5369168718,214947.28817191347
25571975.770680428,68191935.38848114,12785987.885340214
-6996831.572651258,-18658217.52707002,-3498415.786325629
76237236.78703138,203299298.09875032,38118618.39351569
43391053.36253764,115709475.6334337,21695526.68126882
64964405.131591134,173238413.68424302,32482202.565795567
25301534.71486825,67470759.23964867,12650767.357434126
-15069785.420564942,-40186094.45483984,-7534892.710282471
54346708.01596773,144924554.7092473,27173354.007983863
32206984.952476386,85885293.20660369,16103492.476238193
36612618.57451726,97633649.53204603,18306309.28725863
4326379.731104728,11537012.616279274,2163189.865552364
33317516.230242897,88846709.9473144,16658758.115121448
40440473.0860999,107841261.56293307,20220236.54304995
60091242.43978823,160243313.17276862,30045621.219894115
34017169.77621896,90712452.73658389,17008584.88810948
71332453.23248293,190219875.28662115,35666226.61624146
19922230.353486434,53125947.60929716,9961115.176743217
67045310.215320945,178787493.9075225,33522655.107660472
3349815.435620031,8932841.161653416,1674907.7178100154
25406501.70213755,67750671.20570013,12703250.851068774
52008202.845237136,138688540.92063236,26004101.422618568
28493208.295747925,75981888.78866114,14246604.147873962
21518107.815241892,57381620.840645045,10759053.907620946
-5970995.423679218,-15922654.463144582,-2985497.711839609
-1178638.8472804248,-3143036.926081133,-589319.4236402124
31384335.658170428,83691561.75512114,15692167.829085214
-15152828.452124633,-40407542.53899902,-7576414.226062316
17512462.9487074,46699901.19655307,8756231.4743537
36671660.21942901,97791093.91847736,18335830.109714504
46736293.253219895,124630115.34191972,23368146.626609948
75384666.68994044,201025777.83984116,37692333.34497022
17450205.197487764,46533880.526634045,8725102.598743882
7747551.066693183,20660136.177848488,3873775.5333465915
52817178.17862338,140845808.47632903,26408589.08931169
-13876088.306335974,-37002902.15022927,-6938044.153167987
-12146986.092652317,-32391962.913739514,-6073493.046326159
39404489.30110662,105078638.1362843,19702244.65055331
2900113.5487518064,7733636.130004818,1450056.7743759032
81939343.05289887,218504914.80773032,40969671.526449434
69251554.67578048,184670812.46874794,34625777.33789024
59302828.8485931,158140876.9295816,29651414.42429655
-13288657.98205883,-35436421.285490215,-6644328.991029415
11383725.956733134,30356602.55128836,5691862.978366567
29199742.899667297,77865981.06577945,14599871.449833648
15151167.34215054,40403112.91240144,7575583.67107527
34126453.98256969,91003877.28685251,17063226.991284844
-2205318.7124982583,-5880849.899995355,-1102659.3562491292
-14064667.489704944,-37505779.97254652,-7032333.744852472
4821293.522274561,12856782.726065496,2410646.7611372806
29502228.76714914,78672610.04573104,14751114.38357457
38427159.34779287,102472424.92744766,19213579.673896436
44151540.85584962,117737442.28226566,22075770.42792481
35205932.326791696,93882486.20477785,17602966.163395848
41981594.22113619,111950917.92302984,20990797.110568095
57925574.017256565,154468197.37935084,28962787.008628283
39709146.65437905,105891057.7450108,19854573.327189524
32853163.119893707,87608434.98638321,16426581.559946854
-5915749.300793127,-15775331.468781672,-2957874.6503965636
11454128.955149198,30544343.88039786,5727064.477574599
19600313.44362929,52267502.51634478,9800156.721814645
16801141.9543924,44803045.21171307,8400570.9771962
37286438.11433142,99430501.6382171,18643219.05716571
17203512.9840492,45876034.6241312,8601756.4920246
84034881.64085086,224093017.70893562,42017440.82042543
38331967.132040545,102218579.01877478,19165983.566020273
14688050.594111364,39168134.91763031,7344025.297055682
-37455564.00740459,-99881504.01974556,-18727782.003702294
53899319.15251607,143731517.74004284,26949659.576258034
36787966.489810966,98101243.97282924,18393983.244905483
12197780.263343222,32527414.035581924,6098890.131671611
-11075957.179453727,-29535885.811876606,-5537978.589726863
42143657.94411305,112383087.85096814,21071828.972056527
53234451.5378188,141958537.43418345,26617225.7689094
32863373.803722832,87635663.47659421,16431686.901861416
39203077.170786336,104541539.1220969,19601538.585393168
60993361.08191972,162648962.88511926,30496680.54095986
90285109.86557102,240760292.97485605,45142554.93278551
20876331.520756975,55670217.38868526,10438165.760378487
82497506.88381499,219993351.6901733,41248753.441907495
42139202.912683204,112371207.76715522,21069601.456341602
50743267.60770378,135315380.28721008,25371633.80385189
22904272.227822933,61078059.27419449,11452136.113911467
25205527.20093039,67214739.20248105,12602763.600465195
-9031745.90556213,-24084655.748165686,-4515872.952781065
14091760.058976403,37578026.82393707,7045880.029488201
28328392.836905338,75542380.89841422,14164196.418452669
20717434.3023565,55246491.47295067,10358717.15117825
44651734.73245233,119071292.61987288,22325867.366226166
34347875.64875932,91594335.06335819,17173937.82437966
76566122.66246729,204176327.09991276,38283061.33123364
4661528.870044649,12430743.653452398,2330764.4350223243
12596031.029614922,33589416.07897312,6298015.514807461
40263600.73127192,107369601.95005848,20131800.36563596
67543619.32947858,180116318.21194288,33771809.66473929
92865496.32611492,247641323.53630647,46432748.16305746
41012274.970662504,109366066.58843336,20506137.485331252
59626515.354693994,159004040.94585064,29813257.677346997
22472043.134201385,59925448.357870355,11236021.567100693
-7448518.67611763,-19862716.469647013,-3724259.338058815
26928954.590850256,71810545.57560068,13464477.295425128
16002116.283071067,42672310.08818951,8001058.141535534
77865731.86469993,207641951.6391998,38932865.932349965
6364741.98028162,16972645.280750986,3182370.99014081
10205477.871434357,27214607.657158285,5102738.9357171785
19074366.569202032,50864977.51787209,9537183.284601016
14110967.682483347,37629247.15328892,7055483.841241674
36361423.6175539,96963796.31347705,18180711.80877695
750530.7492089497,2001415.3312238657,375265.37460447487
56698441.94172362,151195845.17792967,28349220.97086181
33304108.48491065,88810955.95976172,16652054.242455324
58168713.00751048,155116568.02002797,29084356.50375524
65460459.21524922,174561224.5739979,32730229.60762461
13861007.41837498,36962686.44899995,6930503.70918749
25652450.83595256,68406535.56254016,12826225.41797628
44556546.41930787,118817457.11815432,22278273.209653936
16974635.784564756,45265695.42550601,8487317.892282378
84144830.12976034,224386213.6793609,42072415.06488017
13487599.550454468,35966932.13454525,6743799.775227234
55180554.79977125,147148146.13272333,27590277.399885625
65008030.18787909,173354747.16767758,32504015.093939546
-12591612.331919726,-33577632.88511927,-6295806.165959863
22677790.416893374,60474107.77838234,11338895.208446687
104797658.39520267,279460422.3872071,52398829.19760133
13886745.43500915,37031321.1600244,6943372.717504575
6380735.234612348,17015293.95896626,3190367.617306174
28137464.639982887,75033239.03995436,14068732.319991443
-9369351.859880293,-24984938.293014113,-4684675.929940146
62619097.873984024,166984260.99729073,31309548.936992012
35976397.38214733,95937059.68572621,17988198.691073664
8275274.337140672,22067398.232375123,4137637.168570336
40477023.2825644,107938728.75350508,20238511.6412822
25985888.05775312,69295701.48734166,12992944.02887656
-1812201.18500168,-4832536.493337814,-906100.59250084
13125243.50014053,35000649.33370808,6562621.750070265
88420940.93506269,235789175.82683384,44210470.467531346
-31057587.810182177,-82820234.1604858,-15528793.905091088
16428973.406254752,43810595.75001267,8214486.703127376
21250726.075301517,56668602.867470704,10625363.037650758
74029644.76503779,197412386.04010075,37014822.382518895
489917.2244135108,1306445.9317693622,244958.6122067554
30874662.76353126,82332434.03608336,15437331.38176563
44773493.275746725,119395982.06865793,22386746.637873363
14245078.8279711,37986876.87458961,7122539.41398555
-2927536.0607987912,-7806762.828796776,-1463768.0303993956
11605104.597705826,30946945.593882203,5802552.298852913
36559041.10668203,97490776.28448541,18279520.553341016
19048852.825912844,50796940.86910091,9524426.412956422
65889998.34784474,175706662.2609193,32944999.17392237
21049781.787724283,56132751.43393142,10524890.893862141
44368477.03789732,118315938.7677262,22184238.51894866
74837187.66444089,199565833.77184236,37418593.83222044
12623999.587712178,33663998.9005658,6311999.793856089
22111248.49735249,58963329.32627331,11055624.248676244
82386590.64981502,219697575.06617337,41193295.32490751
31684137.28507974,84491032.76021263,15842068.64253987
22119181.187414806,58984483.16643948,11059590.593707403
43246809.831412606,115324826.21710028,21623404.915706303
30795151.08587364,82120402.89566305,15397575.54293682
10373196.286069937,27661856.762853164,5186598.1430349685
12442246.165283266,33179323.107422043,6221123.082641633
23148414.347976666,61729104.927937776,11574207.173988333
34326288.435204774,91536769.16054608,17163144.217602387
-8271493.603260502,-22057316.275361337,-4135746.801630251
73526368.12376933,196070314.9967182,36763184.061884664
78335637.43863924,208895033.16970465,39167818.71931962
50856551.13319713,135617469.68852568,25428275.566598564
-14618018.99801293,-38981383.99470115,-7309009.499006465
-1933863.1735515671,-5156968.462804179,-966931.5867757836
27748544.77628407,73996119.40342419,13874272.388142034
-20161670.19712657,-53764453.85900419,-10080835.098563286
91358141.63273218,243621711.02061912,45679070.81636609
16720918.533750542,44589116.09000145,8360459.266875271
525050.4604617013,1400134.5612312034,262525.23023085063
74469630.17780644,198585680.4741505,37234815.08890322
8095032.984081507,21586754.624217354,4047516.4920407534
-3859385.933163108,-10291695.821768288,-1929692.966581554
-5214886.341075254,-13906363.576200675,-2607443.170537627
56838138.0340315,151568368.09075066,28419069.01701575
46644807.244361,124386152.65162933,23322403.6221805
21418127.245383345,57115005.987688914,10709063.622691672
45128067.33957997,120341512.90554658,22564033.669789985
54112540.91828458,144300109.11542556,27056270.45914229
37476184.92962401,99936493.14566404,18738092.464812007
-5941952.129007022,-15845205.67735206,-2970976.064503511
-2570049.6248575235,-6853465.666286729,-1285024.8124287617
46531430.12124444,124083813.65665184,23265715.06062222
-1300251.6768859634,-3467337.805029236,-650125.8384429817
20002779.829300042,53340746.21146678,10001389.914650021
78845490.0171349,210254640.0456931,39422745.00856745
24332337.916707505,64886234.444553345,12166168.958353752
27568851.46896956,73516937.2505855,13784425.73448478
87834301.0360911,234224802.7629096,43917150.51804555
28820382.594454426,76854353.5852118,14410191.297227213
9798696.114968766,26129856.30658338,4899348.057484383
68881184.64186998,183683159.04498664,34440592.32093499
57356560.894506276,152950829.05201674,28678280.447253138
48646171.57943415,129723124.21182439,24323085.789717074
22368806.35607987,59650150.28287966,11184403.178039934
60589170.739495724,161571121.9719886,30294585.369747862
21503991.388022095,57343977.03472559,10751995.694011047
22799390.246232897,60798373.98995439,11399695.123116449
-3243765.768872733,-8650042.05032729,-1621882.8844363666
38224799.563991055,101932798.83730948,19112399.781995527
35229873.289888516,93946328.77303603,17614936.644944258
9033906.831601376,24090418.217603672,4516953.415800688
11024521.79752323,29398724.79339528,5512260.898761615
62028434.70183495,165409159.20489317,31014217.350917473
79721987.54753572,212591966.79342857,39860993.77376786
-2536053.7785082236,-6762810.07602193,-1268026.8892541118
38000821.174436375,101335523.13183033,19000410.587218188
52403968.80696608,139743916.81857622,26201984.40348304
53863569.3043316,143636184.81155095,26931784.6521658
24978475.984175462,66609269.291134566,12489237.992087731
62709863.77142041,167226303.39045444,31354931.885710206
104420519.82118046,278454719.5231479,52210259.91059023
60125647.524023324,160335060.0640622,30062823.762011662
68846957.82290703,183591887.52775207,34423478.911453515
87039151.85998306,232104404.95995483,43519575.92999153
-2550413.663719635,-6801103.10325236,-1275206.8318598175
38731180.64608924,103283148.38957131,19365590.32304462
26075806.15179213,69535483.07144567,13037903.075896066
68341817.9888363,182244847.97023016,34170908.99441815
5954598.658308692,15878929.755489845,2977299.329154346
12190255.083807284,32507346.890152756,6095127.541903642
55491544.53913093,147977452.10434917,27745772.269565467
4127809.966448112,11007493.243861632,2063904.983224056
9111037.846029637,24296100.9227457,4555518.923014819
13691110.340663908,36509627.57510375,6845555.170331954
90337720.27742183,240900587.4064582,45168860.138710916
55714712.80914371,148572567.4910499,27857356.404571854
24983969.063263234,66623917.50203529,12491984.531631617
42282779.84530015,112754079.58746709,21141389.922650076
38201112.31687353,101869632.84499608,19100556.158436764
53594163.50553223,142917769.34808594,26797081.752766114
32347476.843295444,86259938.24878785,16173738.421647722
41251520.401659906,110004054.40442643,20625760.200829953
-17732830.111633606,-47287546.96435629,-8866415.055816803
81181.65847321585,216484.42259524224,40590.829236607926
30816344.227274247,82176917.93939799,15408172.113637123
24607187.197195146,65619165.85918706,12303593.598597573
37606951.653679505,100285204.40981202,18803475.826839752
-13021463.79361446,-34723903.44963856,-6510731.89680723
9651048.666995475,25736129.778654598,4825524.333497738
59619829.62088426,158986212.32235804,29809914.81044213
-8685689.393938245,-23161838.38383532,-4342844.696969123
-2644817.2036916977,-7052845.876511194,-1322408.6018458488
58673320.715811126,156462188.57549635,29336660.357905563
-12405501.029095469,-33081336.07758792,-6202750.5145477345
42648761.616033114,113730030.97608832,21324380.808016557
17612703.106373154,46967208.283661745,8806351.553186577
75458833.37481806,201223555.66618147,37729416.68740903
42663372.14194099,113768992.3785093,21331686.070970494
58206863.813158095,155218303.5017549,29103431.906579047
-12724959.409626214,-33933225.09233657,-6362479.704813107
22680989.07035356,60482637.52094283,11340494.53517678
60589013.22381436,161570701.9301716,30294506.61190718
-1987921.8642473037,-5301124.9713261435,-993960.9321236518
13250460.796133388,35334562.12302237,6625230.398066694
-39498763.78015952,-105330036.74709205,-19749381.89007976
78701077.89297502,209869541.04793337,39350538.94648751
39657704.635381505,105753879.027684,19828852.317690752
36836725.01226098,98231266.69936262,18418362.50613049
42412638.44640729,113100369.19041944,21206319.223203644
42259951.74150168,112693204.64400448,21129975.87075084
16235225.597665392,43293934.927107714,8117612.798832696
18649877.99320072,49733007.98186858,9324938.99660036
18115901.333935454,48309070.223827876,9057950.666967727
15526748.985860884,41404663.96229569,7763374.492930442
62309191.31317857,166157843.5018095,31154595.656589285
36461401.10976201,97230402.95936537,18230700.554881006
27352592.28816064,72940246.10176171,13676296.14408032
7508030.903049812,20021415.741466165,3754015.451524906
-13050352.61858874,-34800940.31623664,-6525176.30929437
48138498.89714699,128369330.39239198,24069249.448573496
55203711.15298489,147209896.4079597,27601855.576492444
70557283.48397881,188152755.95727682,35278641.741989404
13272557.074780647,35393485.53274839,6636278.537390323
3003973.741440165,8010596.64384044,1501986.8707200824
20405230.265562076,54413947.374832205,10202615.132781038
-22338305.17806933,-59568813.808184884,-11169152.589034665
-1598410.0859212647,-4262426.895790039,-799205.0429606324
12002646.265435454,32007056.707827874,6001323.132717727
46148588.3029488,123062902.14119682,23074294.1514744
-5182221.345899018,-13819256.922397383,-2591110.672949509
26059182.580317337,69491153.54751289,13029591.290158669
70118233.98692885,186981957.29847693,35059116.993464425
2223868.3551904946,5930315.613841319,1111934.1775952473
10867664.458024641,28980438.55473238,5433832.229012321
17883186.363947466,47688496.970526576,8941593.181973733
41587407.81559784,110899754.17492756,20793703.90779892
18464019.191621084,49237384.510989554,9232009.595810542
21345322.10531645,56920858.94751053,10672661.052658224
32105336.967658427,85614231.9137558,16052668.483829213
14510978.752875488,38695943.3410013,7255489.376437744
2514100.4742587665,6704267.931356711,1257050.2371293833
36863073.332732536,98301528.88728675,18431536.666366268
-11104334.272525454,-29611558.060067877,-5552167.136262727
27116219.73949819,72309919.3053285,13558109.869749095
16046249.015842875,42789997.375581004,8023124.507921438
8820114.36467833,23520304.972475547,4410057.182339165
2859340.649301928,7624908.398138475,1429670.324650964
56533524.38971307,150756065.03923488,28266762.194856536
36619079.27184839,97650878.05826236,18309539.635924194
14564210.713103142,38837895.23494171,7282105.356551571
62353300.46584154,166275467.90891078,31176650.23292077
-2001277.388089734,-5336739.701572624,-1000638.694044867
56780809.57158891,151415492.19090375,28390404.785794456
3672569.8084143153,9793519.48910484,1836284.9042071577
-8863936.098383697,-23637162.92902319,-4431968.049191848
48545189.92184641,129453839.79159044,24272594.960923206
80737112.97622754,215298967.93660676,40368556.48811377
22365576.65904651,59641537.75745735,11182788.329523254
18756337.673774607,50016900.46339895,9378168.836887304
4008609.724422596,10689625.93179359,2004304.862211298
23496596.50397648,62657590.67727061,11748298.25198824
32925044.74685995,87800119.32495987,16462522.373429975
22404906.57089422,59746417.522384584,11202453.28544711
37790430.69768897,100774481.86050391,18895215.348844483
-11247239.328632606,-29992638.20968695,-5623619.664316303
59230007.51071841,157946686.69524908,29615003.755359206
-8105354.703802445,-21614279.210139852,-4052677.3519012225
38429120.28129545,102477654.08345453,19214560.140647724
-9873212.518756192,-26328566.716683175,-4936606.259378096
10825985.99177139,28869295.97805704,5412992.995885695
28775604.500457786,76734945.33455409,14387802.250228893
-426612.76179212506,-1137634.0314456667,-213306.38089606253
10758428.114560686,28689141.638828497,5379214.057280343
40288499.85366151,107435999.60976402,20144249.926830754
33590573.793735,89574863.44996,16795286.8968675
35464255.61100184,94571348.2960049,17732127.80550092
19385978.205971006,51695941.88258935,9692989.102985503
11433105.178791644,30488280.476777717,5716552.589395822
39675081.62391517,105800217.66377379,19837540.811957587
53902556.87508616,143740151.66689643,26951278.43754308
38962971.74902404,103901257.99739744,19481485.87451202
18148524.950641926,48396066.53504513,9074262.475320963
-680371.0198745566,-1814322.7196654843,-340185.5099372783
4648345.365591025,12395587.641576067,2324172.6827955125
9531448.783895977,25417196.75705594,4765724.391947988
25183165.98676059,67155109.29802823,12591582.993380295
50716942.85583141,135245180.94888377,25358471.427915704
-20584888.191541128,-54893035.177443005,-10292444.095770564
33684285.58101954,89824761.54938544,16842142.79050977
38800804.24661712,103468811.32431234,19400402.12330856
79222579.64567894,211260212.38847718,39611289.82283947
16076140.541278692,42869708.11007651,8038070.270639346
20389246.473443583,54371323.929182895,10194623.236721791
71002900.95283093,189341069.20754912,35501450.47641546
24326147.515338212,64869726.70756856,12163073.757669106
23567073.843911525,62845530.25043074,11783536.921955762
20937250.356526975,55832667.617405266,10468625.178263487
12901863.88336552,34404970.35564139,6450931.94168276
3747861.0893225963,9994296.23819359,1873930.5446612982
25519770.454707123,68052721.21255232,12759885.227353562
60053662.093542226,160143098.9161126,30026831.046771113
26509742.485327,70692646.62753867,13254871.2426635
-24844447.666008454,-66251860.44268922,-12422223.833004227
51044664.04214255,136119104.11238012,25522332.021071274
4629212.957350899,12344567.886269065,2314606.4786754497
37441875.47510814,99845001.26695503,18720937.73755407
22301984.65065416,59471959.0684111,11150992.32532708
19319123.658060543,51517663.088161446,9659561.829030272
7604788.560022727,20279436.160060603,3802394.2800113633
24277937.68348112,64741167.15594965,12138968.84174056
11732469.975416604,31286586.601110943,5866234.987708302
57258421.414544754,152689123.77211934,28629210.707272377
2010286.9518744654,5360765.204998574,1005143.4759372327
57930836.41068194,154482230.42848516,28965418.20534097
31710973.253852658,84562595.34360708,15855486.626926329
59882627.094899565,159687005.58639884,29941313.547449782
34863955.19795645,92970547.19455053,17431977.598978225
74569212.17508009,198851232.46688023,37284606.087540045
21087343.099265274,56232914.931374066,10543671.549632637
14344878.465500172,38253009.24133379,7172439.232750086
14943929.915552584,39850479.77480689,7471964.957776292
26555476.473857258,70814603.93028602,13277738.236928629
66431166.434990294,177149777.1599741,33215583.217495147
92239298.42783119,245971462.47421652,46119649.213915594
81793605.46715592,218116281.24574912,40896802.73357796
52604381.79512834,140278351.45367557,26302190.89756417
33207915.307359025,88554440.81962407,16603957.653679512
30320560.381924238,80854827.6851313,15160280.190962119
47528346.04556968,126742256.12151915,23764173.02278484
9277918.106437283,24741114.950499423,4638959.053218641
54632782.55082042,145687420.1355211,27316391.27541021
35236760.896393396,93964695.72371572,17618380.448196698
7227910.907185631,19274429.08582835,3613955.4535928154
21919857.042775534,58452952.11406809,10959928.521387767
48099761.599880956,128266030.93301587,24049880.799940478
92698220.1030099,247195253.60802636,46349110.05150495
109620040.49318211,292320107.981819,54810020.246591054
66549300.077366866,177464800.20631164,33274650.038683433
4002495.743193585,10673321.981849559,2001247.8715967925
11415860.092415638,30442293.579775035,5707930.046207819
40817528.3698919,108846742.31971171,20408764.18494595
52112243.65919613,138965983.09118968,26056121.829598065
32655065.691764135,87080175.17803769,16327532.845882067
58234908.872462735,155293090.3265673,29117454.436231367
16704512.308564294,44545366.15617145,8352256.154282147
55480606.4167135,147948283.77790266,27740303.20835675
17245565.37081023,45988174.32216062,8622782.685405115
32668672.4483563,87116459.86228347,16334336.22417815
-5725424.243737926,-15267797.983301135,-2862712.121868963
8274788.804113125,22066103.477635004,4137394.4020565627
50322470.384270124,134193254.35805367,25161235.192135062
14705692.370399084,39215179.654397555,7352846.185199542
3670938.6356310034,9789169.69501601,1835469.3178155017
63353016.92624649,168941378.4699906,31676508.463123243
34001511.43426528,90670697.15804075,17000755.71713264
-3923422.3099560346,-10462459.493216092,-1961711.1549780173
-19612830.849222224,-52300882.264592595,-9806415.424611112
34269247.57497713,91384660.19993901,17134623.787488565
42423614.80435656,113129639.47828417,21211807.40217828
8609830.878544444,22959549.00945185,4304915.439272222
-5598508.488853647,-14929355.970276393,-2799254.2444268237
-27689961.37820695,-73839897.00855187,-13844980.689103475
38247792.37349239,101994112.99597971,19123896.186746195
-14208652.615961542,-37889740.30923078,-7104326.307980771
43319267.09555574,115518045.58814864,21659633.54777787
-19871887.338772707,-52991699.57006054,-9935943.669386353
21176085.439397972,56469561.171727926,10588042.719698986
28026939.34833872,74738504.92890325,14013469.67416936
28557061.836484376,76152164.89729168,14278530.918242188
-7280341.119302773,-19414242.984807394,-3640170.5596513865
51160543.67448843,136428116.4653025,25580271.837244216
70619693.69092348,188319183.17579597,35309846.84546174
-24626631.43723445,-65671017.16595853,-12313315.718617225
394808.86556407384,1052823.641504197,197404.43278203692
63482333.17819958,169286221.8085322,31741166.58909979
50457240.4781843,134552641.27515814,25228620.23909215
1055964.2231808247,2815904.595148866,527982.1115904123
29063873.43394912,77503662.49053098,14531936.71697456
35799305.15902332,95464813.75739552,17899652.57951166
51892719.22365707,138380584.59641886,25946359.611828536
20700801.7318118,55202137.95149813,10350400.8659059
38903166.41648334,103741777.11062224,19451583.20824167
10849433.648658933,28931823.06309049,5424716.824329467
348004.2538701107,928011.3436536286,174002.12693505536
22379824.100505263,59679530.9346807,11189912.050252631
7249503.491189839,19332009.30983957,3624751.7455949197
-22504969.225792263,-60013251.26877937,-11252484.612896131
7607135.920851024,20285695.788936064,3803567.960425512
33635224.61104193,89693932.29611182,16817612.305520967
29764646.190557674,79372389.84148714,14882323.095278837
-21267407.59008184,-56713086.906884916,-10633703.79504092
18473135.660785448,49261695.09542786,9236567.830392724
36391577.59097788,97044206.90927434,18195788.79548894
46067746.890220664,122847325.04058844,23033873.445110332
15481929.333431294,41285144.88915011,7740964.666715647
72606029.69957642,193616079.19887045,36303014.84978821
32992061.894700535,87978831.71920142,16496030.947350267
-8187213.033979826,-21832568.09061287,-4093606.516989913
51577460.660027355,137539895.09340626,25788730.330013677
43266293.74284165,115376783.31424442,21633146.871420827
18748784.919838596,49996759.78623626,9374392.459919298
-13610946.694320915,-36295857.85152244,-6805473.347160458
23503134.425587233,62675025.13489929,11751567.212793617
30780664.34199363,82081771.57864967,15390332.170996815
52477557.91058805,139940154.4282348,26238778.955294024
-35298509.40109081,-94129358.40290882,-17649254.700545404
48455826.86242294,129215538.29979451,24227913.43121147
60777695.323186144,162073854.19516304,30388847.661593072
21562267.619943064,57499380.31984817,10781133.809971532
69569565.39750595,185518841.0600159,34784782.69875298
-46532229.682127446,-124085945.81900652,-23266114.841063723
85292333.1633766,227446221.76900426,42646166.5816883
68309321.93785536,182158191.83428097,34154660.96892768
2783002.2548026997,7421339.346140532,1391501.1274013498
56202049.324338675,149872131.5315698,28101024.662169337
77741663.9144419,207311103.77184504,38870831.95722095
76395159.80495322,203720426.14654192,38197579.90247661
69344958.53282039,184919889.4208544,34672479.266410194
75208504.29341522,200556011.44910726,37604252.14670761
-2629234.589070681,-7011292.237521816,-1314617.2945353405
58238981.22483255,155303949.9328868,29119490.612416275
49000481.05759266,130667949.48691376,24500240.52879633
14755346.886416614,39347591.69711097,7377673.443208307
26274343.41016191,70064915.76043175,13137171.705080954
39009072.651390195,104024193.73704052,19504536.325695097
10871893.829030033,28991716.877413422,5435946.914515017
40590705.65535084,108241881.74760225,20295352.82767542
-22393129.30577323,-59715011.482061945,-11196564.652886614
8182329.302699387,21819544.807198364,4091164.6513496935
44126406.590218194,117670417.57391518,22063203.295109097
10471709.200356286,27924557.86761676,5235854.600178143
-594593.2135266785,-1585581.9027378093,-297296.60676333925
18465342.46153957,49240913.23077219,9232671.230769785
55457421.47020036,147886457.25386763,27728710.73510018
33090184.14744392,88240491.05985045,16545092.07372196
19008514.88486821,50689373.02631522,9504257.442434104
4516859.677134334,12044959.139024891,2258429.838567167
33751725.5027004,90004601.3405344,16875862.7513502
27272651.494212434,72727070.65123317,13636325.747106217
82743583.12059845,220649554.98826256,41371791.560299225
63632943.88791148,169687850.36776394,31816471.94395574
7047279.8068160415,18792746.15150944,3523639.9034080207
66248549.187035546,176662797.8320948,33124274.593517773
17830956.911681715,47549218.43115124,8915478.455840858
51016353.456755295,136043609.21801412,25508176.728377648
10108463.035552599,26955901.42814026,5054231.517776299
45429354.26526698,121144944.7073786,22714677.13263349
54915280.33068891,146440747.54850376,27457640.165344454
12925562.983875677,34468167.957001805,6462781.4919378385
37815174.37741812,100840465.00644831,18907587.18870906
95934470.09363307,255825253.58302152,47967235.046816535
5028048.611126969,13408129.629671916,2514024.3055634843
-14517942.096166532,-38714512.25644409,-7258971.048083266
26648991.728155326,71063977.94174753,13324495.864077663
24555477.38960578,65481273.03894874,12277738.69480289
6531011.9248054465,17416031.79948119,3265505.9624027233
45027771.01269887,120074056.03386365,22513885.506349433
56048275.14098579,149462067.04262877,28024137.570492893
27447252.041683882,73192672.11115701,13723626.020841941
16319370.245880978,43518320.65568261,8159685.122940489
42865358.207057446,114307621.88548653,21432679.103528723
34286730.596039094,91431281.58943759,17143365.298019547
52307750.19348021,139487333.84928057,26153875.096740104
21956304.954370752,58550146.54498867,10978152.477185376
50650576.37360841,135068203.66295576,25325288.186804205
39967605.31487343,106580280.83966246,19983802.657436714
7650115.684800829,20400308.49280221,3825057.8424004144
73272770.98880237,195394055.97013965,36636385.49440119
49558101.561850294,132154937.49826746,24779050.780925147
325000.9085762534,866669.0895366757,162500.4542881267
5812818.323341829,15500848.862244876,2906409.1616709144
29543475.548087407,78782601.46156642,14771737.774043703
-30376871.8344737,-81004991.55859652,-15188435.91723685
-9946947.520131059,-26525193.387016155,-4973473.7600655295
25455074.974723037,67880199.93259476,12727537.487361519
6657401.941851253,17753071.844936673,3328700.9709256263
14701176.526568187,39203137.40418183,7350588.263284094
37217778.227809414,99247408.60749178,18608889.113904707
8383673.4163911175,22356462.443709645,4191836.7081955587
16489023.125754291,43970728.33534478,8244511.562877146
15825519.161917645,42201384.43178038,7912759.580958823
14459637.76562994,38559034.04167984,7229818.88281497
51621139.38749316,137656371.69998178,25810569.69374658
12608070.454446103,33621521.211856276,6304035.227223052
14292231.495696338,38112617.3218569,7146115.747848169
9297213.70485914,24792569.87962437,4648606.85242957
32527800.959829077,86740802.5595442,16263900.479914539
35258342.18451127,94022245.82536338,17629171.092255633
44197300.953740135,117859469.2099737,22098650.476870067
-9116143.757909799,-24309716.687759463,-4558071.8789548995
24927199.22431964,66472531.264852375,12463599.61215982
30360199.294623476,80960531.45232926,15180099.647311738
-19379762.010900263,-51679365.362400696,-9689881.005450131
25754362.473076813,68678299.92820483,12877181.236538406
35006251.10919254,93350002.95784679,17503125.55459627
32065993.680512216,85509316.4813659,16032996.840256108
48033.866308526405,128090.31015607042,24016.933154263203
49913546.24177125,133102789.97805667,24956773.120885625
73419945.69347653,195786521.84927073,36709972.846738264
-21226590.57659274,-56604241.53758063,-10613295.28829637
60773296.77224761,162062124.72599363,30386648.386123806
32397920.77270217,86394455.39387245,16198960.386351084
17205993.483375095,45882649.28900026,8602996.741687547
10539575.861725373,28105535.631267663,5269787.930862687
42983782.42668207,114623419.80448551,21491891.213341035
59414866.335126124,158439643.56033632,29707433.167563062
28163754.40387449,75103345.07699864,14081877.201937245
-17159137.346582375,-45757699.59088634,-8579568.673291188
27202474.114631232,72539930.97234996,13601237.057315616
45683081.53189677,121821550.75172472,22841540.765948385
-24332947.958714478,-64887861.22323861,-12166473.979357239
39805390.702656105,106147708.54041629,19902695.351328053
76184953.81586495,203159876.84230655,38092476.907932475
-6611115.559413841,-17629641.49177024,-3305557.7797069205
22217644.073897906,59247050.86372775,11108822.036948953
76076779.8949078,202871413.0530875,38038389.9474539
2034106.2441409936,5424283.3177093165,1017053.1220704968
20727569.445303455,55273518.52080922,10363784.722651727
85251125.91305356,227336335.76814282,42625562.95652678
3997267.918671933,10659381.116458489,1998633.9593359665
7254921.425205887,19346457.133882366,3627460.7126029436
-19311373.471744593,-51496995.92465224,-9655686.735872297
52588654.97871358,140236413.27656955,26294327.48935679
1361429.7178078438,3630479.2474875837,680714.8589039219
59758806.30971933,159356816.82591823,29879403.154859666
-9371416.902569082,-24990445.073517554,-4685708.451284541
18452370.796736155,49206322.12462974,9226185.398368077
66940677.8751306,178508474.3336816,33470338.9375653
30319387.190169007,80851699.17378402,15159693.595084503
95122793.00271535,253660781.3405743,47561396.501357675
4625849.653208052,12335599.075221471,2312924.826604026
49529211.816221714,132077898.17659123,24764605.908110857
55502887.51021465,148007700.02723905,27751443.755107325
26816495.99684429,71510655.99158478,13408247.998422146
-4330192.234267369,-11547179.29137965,-2165096.1171336845
55921289.93102298,149123439.8160613,27960644.96551149
-7413211.191262981,-19768563.17670128,-3706605.5956314905
8230566.02790143,21948176.074403815,4115283.013950715
78083075.01653755,208221533.37743345,39041537.50826877
23772768.022754736,63394048.060679294,11886384.011377368
34114405.1106596,90971746.96175894,17057202.5553298
-12718501.758763881,-33916004.69003702,-6359250.879381941
30340662.74177978,80908433.97807941,15170331.37088989
-10673801.226489965,-28463469.93730657,-5336900.613244982
48039455.767738104,128105215.38063495,24019727.883869052
20766595.832385916,55377588.88636244,10383297.916192958
36057391.62406056,96153044.33082815,18028695.81203028
24404967.459563997,65079913.225503996,12202483.729781998
20981686.379868746,55951163.67964999,10490843.189934373
3368630.35964879,8983014.292396775,1684315.179824395
44529961.21331564,118746563.23550838,22264980.60665782
16091952.487917688,42911873.30111384,8045976.243958844
21265529.676720895,56708079.137922384,10632764.838360447
74584264.79746026,198891372.79322737,37292132.39873013
27858399.985018715,74289066.62671657,13929199.992509358
1246754.5734747523,3324678.8625993393,623377.2867373761
43633504.22600633,116356011.2693502,21816752.113003165
1280762.234580142,3415365.958880379,640381.117290071
-11667021.491119362,-31112057.30965163,-5833510.745559681
7798834.011227602,20796890.69660694,3899417.005613801
10110841.729963295,26962244.613235455,5055420.864981648
6274815.2235690355,16732840.596184095,3137407.6117845178
50186398.14851461,133830395.06270564,25093199.074257307
-10837882.607102668,-28901020.285607114,-5418941.303551334
49327272.80919545,131539394.15785454,24663636.404597726
42806527.72214411,114150740.59238431,21403263.861072056
649147.1031068008,1731058.9416181354,324573.5515534004
29386084.77054142,78362892.72144377,14693042.38527071
15636148.499670897,41696395.999122396,7818074.249835448
101514223.22357513,270704595.26286703,50757111.611787565
38262952.91280585,102034541.1008156,19131476.456402924
3929051.607064553,10477470.952172142,1964525.8035322765
29675412.53107561,79134433.41620164,14837706.265537806
27112029.92540925,72298746.467758,13556014.962704625
28285407.386948466,75427753.03186257,14142703.693474233
18702663.0953646,49873768.25430561,9351331.5476823
-45986885.87993167,-122631695.6798178,-22993442.939965837
50866745.07138344,135644653.52368918,25433372.53569172
-5124041.476405447,-13664110.60374786,-2562020.7382027237
-18391904.893483166,-49045079.71595511,-9195952.446741583
17438760.862722483,46503362.30059329,8719380.431361241
14362847.134760411,38300925.69269443,7181423.567380206
-18378256.95162156,-49008685.204324156,-9189128.47581078
-2531194.1898796833,-6749851.1730124885,-1265597.0949398417
22639832.40100967,60372886.40269246,11319916.200504836
-11075213.07406956,-29533901.530852158,-5537606.53703478
2527101.406829789,6738937.084879437,1263550.7034148944
27273167.30299926,72728446.14133136,13636583.65149963
21612476.094890118,57633269.58637365,10806238.047445059
22417498.98171937,59779997.284584984,11208749.490859685
-2203408.585506372,-5875756.228016993,-1101704.292753186
-25549982.22604236,-68133285.93611297,-12774991.11302118
20294935.83622406,54119828.8965975,10147467.91811203
25406329.600159954,67750212.26709321,12703164.800079977
69532327.51202141,185419540.03205708,34766163.756010704
36115081.53733139,96306884.09955037,18057540.768665694
21270868.095841534,56722314.92224409,10635434.047920767
27936636.122170318,74497696.32578751,13968318.061085159
12598168.91468075,33595117.10581533,6299084.457340375
46514910.22758822,124039760.60690191,23257455.11379411
74779907.80886614,199413087.49030972,37389953.90443307
51084915.194653824,136226440.51907685,25542457.597326912
62475173.60886976,166600462.95698604,31237586.80443488
50580193.23036033,134880515.2809609,25290096.615180165
43463400.994338095,115902402.65156826,21731700.497169048
84507501.91151126,225353338.43069667,42253750.95575563
17481487.077261902,46617298.87269841,8740743.538630951
56245028.63176356,149986743.01803616,28122514.31588178
-4083103.421871849,-10888275.791658264,-2041551.7109359244
89354307.91010328,238278154.42694208,44677153.95505164
47739786.19412378,127306096.51766342,23869893.09706189
9577664.931376675,25540439.81700447,4788832.465688338
34357974.186681665,91621264.49781777,17178987.093340833
-12533163.58561413,-33421769.56163768,-6266581.792807065
60362194.002781235,160965850.6740833,30181097.001390617
41046839.09866197,109458237.59643191,20523419.549330983
25199370.418420702,67198321.11578853,12599685.209210351
54507042.588918135,145352113.57044834,27253521.294459067
-35070738.05062895,-93521968.13501054,-17535369.025314476
15503121.757116133,41341658.01897636,7751560.878558067
26055623.95853624,69481663.88942997,13027811.97926812
-6699194.353229419,-17864518.275278453,-3349597.1766147097
33372735.462587897,88993961.23356771,16686367.731293948
-3348540.653320431,-8929441.742187817,-1674270.3266602154
33398556.759324808,89062818.02486615,16699278.379662404
27010044.871197768,72026786.32319404,13505022.435598884
59732878.335678846,159287675.56181026,29866439.167839423
31631426.07911394,84350469.54430383,15815713.03955697
92297775.46036567,246127401.22764176,46148887.730182834
34056988.47699149,90818635.93864398,17028494.238495745
1897433.242275301,5059821.979400802,948716.6211376505
24205397.08600059,64547725.56266825,12102698.543000296
1631923.6211460752,4351796.3230562005,815961.8105730376
248550.48140593473,662801.2837491593,124275.24070296736
14589605.027174529,38905613.40579875,7294802.513587264
-29587442.258003555,-78899846.02134281,-14793721.129001778
15806647.4192134,42151059.78456907,7903323.7096067
23509365.99284966,62691642.647599086,11754682.99642483
20027068.775574286,53405516.734864764,10013534.387787143
22958629.805101376,61223012.81360367,11479314.902550688
12649339.088296348,33731570.9021236,6324669.544148174
76708354.65124784,204555612.4033276,38354177.32562392
32194497.69437186,85851993.8516583,16097248.84718593
81490022.39010298,217306726.37360796,40745011.19505149
45171060.626783594,120456161.67142293,22585530.313391797
-737726.5638326386,-1967270.8368870362,-368863.2819163193
32569591.55977615,86852244.15940307,16284795.779888075
1673747.347990645,4463326.261308387,836873.6739953225
79459997.3790086,211893326.34402293,39729998.6895043
30003924.150891926,80010464.40237847,15001962.075445963
26115942.8761855,69642514.33649467,13057971.43809275
15556203.810056977,41483210.16015194,7778101.9050284885
-3728551.3085846393,-9942803.489559038,-1864275.6542923197
34180748.87354116,91148663.66277643,17090374.43677058
62861340.48071471,167630241.2819059,31430670.240357354
-22438112.58416339,-59834966.89110237,-11219056.292081695
40064720.14108011,106839253.70954697,20032360.070540056
56815043.33887337,151506782.23699564,28407521.669436686
-5023423.604087823,-13395796.277567528,-2511711.8020439115
14658634.594703216,39089692.25254191,7329317.297351608
5648988.628212176,15063969.67523247,2824494.314106088
38371052.55127752,102322806.8034067,19185526.27563876
7416454.345392741,19777211.58771398,3708227.1726963706
62225377.215373,165934339.2409947,31112688.6076865
58938217.84682623,157168580.92486995,29469108.923413116
-4977083.650945393,-13272223.069187716,-2488541.8254726967
5051108.065842753,13469621.508914009,2525554.0329213766
33805882.91557459,90149021.1081989,16902941.457787294
61691693.61168468,164511182.96449247,30845846.80584234
15038450.680314202,40102535.14750454,7519225.340157101
-8788460.474798692,-23435894.59946318,-4394230.237399346
24361248.208455462,64963328.555881225,12180624.104227731
112272390.20273097,299393040.5406159,56136195.101365484
4263470.361869883,11369254.298319686,2131735.1809349414
38080431.90328959,101547818.40877223,19040215.951644793
40072244.49135057,106859318.64360152,20036122.245675284
57322214.15059405,152859237.73491746,28661107.075297024
10669338.98349959,28451570.622665573,5334669.491749795
9004709.834242411,24012559.557979763,4502354.9171212055
59109611.11635247,157625629.64360657,29554805.558176234
92387466.75488998,246366578.01303995,46193733.37744499
34555151.82173538,92147071.52462769,17277575.91086769
23408252.074466974,62422005.53191193,11704126.037233487
29831695.861117437,79551188.96297984,14915847.930558719
35546786.709316105,94791431.22484295,17773393.354658052
-4796928.236978159,-12791808.631941758,-2398464.1184890796
64188590.98385651,171169575.9569507,32094295.491928253
18174482.90696582,48465287.751908846,9087241.45348291
37016305.66893381,98710148.45049016,18508152.834466904
-2984038.727842289,-7957436.607579438,-1492019.3639211445
-27984024.163648207,-74624064.43639523,-13992012.081824103
51509244.55955455,137357985.49214545,25754622.279777274
36149719.75656643,96399252.68417715,18074859.878283214
36401639.913191766,97071039.76851137,18200819.956595883
-4137888.708405199,-11034369.88908053,-2068944.3542025995
89646488.24287643,239057301.9810038,44823244.12143821
69669016.86763075,185784044.98034868,34834508.433815375
52976049.999225445,141269466.66460118,26488024.999612723
10909169.635011757,29091119.02669802,5454584.817505878
34001631.135280535,90671016.3607481,17000815.567640267
1671574.1939491269,4457531.183864338,835787.0969745634
46911664.48361674,125097771.95631132,23455832.24180837
-6540764.108290428,-17442037.622107808,-3270382.054145214
-7549048.592402217,-20130796.246405914,-3774524.2962011085
4701751.263014953,12538003.368039874,2350875.6315074763
11295671.306625243,30121790.15100065,5647835.653312622
60149406.82471951,160398418.199252,30074703.412359755
22386394.449146792,59697051.864391446,11193197.224573396
12634995.369919643,33693320.98645238,6317497.684959821
30778899.27348405,82077064.7292908,15389449.636742026
46149218.25864597,123064582.0230559,23074609.129322983
21652343.182130896,57739581.81901572,10826171.591065448
50795842.48489536,135455579.95972097,25397921.24244768
39391586.159195796,105044229.75785546,19695793.079597898
20722030.789830353,55258748.77288094,10361015.394915177
17216795.35909166,45911454.29091109,8608397.67954583
55380002.20457593,147680005.87886915,27690001.102287967
16326793.26374216,43538115.36997909,8163396.63187108
45182542.28041733,120486779.4144462,22591271.140208665
49690503.9597069,132508010.55921842,24845251.97985345
-47724004.7384855,-127264012.63596134,-23862002.36924275
32166606.714767843,85777617.90604758,16083303.357383922
48701532.62416016,129870753.6644271,24350766.31208008
59635641.59089096,159028377.57570922,29817820.79544548
12498557.820614742,33329487.52163931,6249278.910307371
-6119711.7456696825,-16319231.32178582,-3059855.8728348413
18377938.107890498,49007834.95437466,9188969.053945249
33147137.78002898,88392367.4134106,16573568.89001449
23008648.678789612,61356396.4767723,11504324.339394806
30958962.44808818,82557233.19490181,15479481.22404409
27363397.316887926,72969059.51170114,13681698.658443963
77032064.59055004,205418838.90813342,38516032.29527502
29010228.14478674,77360608.38609797,14505114.07239337
45946612.17503262,122524299.13342033,22973306.08751631
32297681.54603885,86127150.78943694,16148840.773019426
46925036.89290797,125133431.71442126,23462518.446453985
47556584.25193728,126817558.00516607,23778292.12596864
5256714.822039825,14017906.1921062,2628357.4110199125
36933830.060256004,98490213.49401602,18466915.030128002
15247012.36298238,40658699.634619676,7623506.18149119
43869717.69538096,116985913.85434924,21934858.84769048
17799014.209640954,47464037.89237588,8899507.104820477
15870684.465043154,42321825.24011508,7935342.232521577
34062915.27688443,90834440.73835847,17031457.638442215
11088247.030497676,29568658.747993805,5544123.515248838
1689668.2340718422,4505781.957524912,844834.1170359211
-19042686.6563842,-50780497.75035787,-9521343.3281921
45390427.75546638,121041140.68124367,22695213.87773319
53704241.46644302,143211310.57718137,26852120.73322151
22155400.487852123,59081067.96760566,11077700.243926061
13329282.564579,35544753.505544,6664641.2822895
17148060.991472043,45728162.64392545,8574030.495736022
75450015.6066373,201200041.61769947,37725007.80331865
34850152.00877729,92933738.69007277,17425076.004388645
52856927.540016115,140951806.77337632,26428463.770008057
-5785685.052742512,-15428493.473980032,-2892842.526371256
17806369.48708464,47483651.965559036,8903184.74354232
11698306.537494166,31195484.099984445,5849153.268747083
19736059.391323227,52629491.71019527,9868029.695661614
13642397.712787297,36379727.234099455,6821198.856393648
-12951671.32198406,-34537790.191957496,-6475835.66099203
49623902.75155653,132330407.33748409,24811951.375778265
35264040.15236934,94037440.40631825,17632020.07618467
51234477.1287427,136625272.34331387,25617238.56437135
64088739.22721469,170903304.60590583,32044369.613607343
36138897.5457566,96370393.45535094,18069448.7728783
14014948.030587373,37373194.748233,7007474.015293687
-3156066.4246910065,-8416177.13250935,-1578033.2123455033
-5501937.122349854,-14671832.326266276,-2750968.561174927
-7734430.901671831,-20625149.07112488,-3867215.4508359153
26276478.772704173,70070610.06054446,13138239.386352086
73128037.3431874,195008099.5818331,36564018.6715937
57415548.284878634,153108128.75967637,28707774.142439317
6811097.416338668,18162926.443569783,3405548.708169334
27990880.712849807,74642348.56759948,13995440.356424903
19142125.154220723,51045667.07792193,9571062.577110361
37229512.358681455,99278699.62315054,18614756.179340728
23839951.93465845,63573205.1590892,11919975.967329225
1350689.6026228773,3601838.9403276728,675344.8013114387
35766430.641576774,95377148.37753806,17883215.320788387
31874384.23682393,84998357.9648638,15937192.118411966
82968500.99506783,221249335.98684758,41484250.49753392
18402918.05859009,49074448.15624025,9201459.029295046
-6557774.694366664,-17487399.18497777,-3278887.347183332
15673461.235241747,41795896.62731133,7836730.617620873
3498362.019892373,9328965.386379661,1749181.0099461866
19885274.11989435,53027397.6530516,9942637.059947176
66581260.71741996,177550028.57978657,33290630.35870998
-3539224.6682922984,-9437932.448779462,-1769612.3341461492
14701670.866772579,39204455.64472688,7350835.4333862895
35911881.44079097,95765017.17544259,17955940.720395487
6155568.967859557,16414850.580958817,3077784.4839297784
35326753.80262769,94204676.80700716,17663376.901313845
14818880.134724988,39517013.69259997,7409440.067362494
59647219.834300704,159059252.89146852,29823609.917150352
22043407.836100698,58782420.896268524,11021703.918050349
14757184.662444914,39352492.433186434,7378592.331222457
38104965.928250365,101613242.4753343,19052482.964125182
49014309.50449467,130704825.3453191,24507154.752247334
36788592.1368727,98102912.36499387,18394296.06843635
36157354.954634726,96419613.21235926,18078677.477317363
-25429617.641210716,-67812313.70989524,-12714808.820605358
-18266190.683779135,-48709841.82341103,-9133095.341889568
-25701945.1277037,-68538520.3405432,-12850972.56385185
60981508.09562506,162617354.92166683,30490754.04781253
10825099.228679514,28866931.276478704,5412549.614339757
57010191.92311243,152027178.46163315,28505095.961556215
-16155558.5257951,-43081489.40212026,-8077779.26289755
66077521.6948093,176206724.51949146,33038760.84740465
76055497.22262992,202814659.26034644,38027748.61131496
-952855.7017976488,-2540948.538127064,-476427.8508988244
-24491146.92278262,-65309725.12742031,-12245573.46139131
-9869121.982373973,-26317658.61966393,-4934560.991186987
46543518.888700396,124116050.36986773,23271759.444350198
9905861.956020163,26415631.882720437,4952930.978010082
22395933.058400758,59722488.15573535,11197966.529200379
17417844.883311618,46447586.35549765,8708922.441655809
45583819.33447088,121556851.55858901,22791909.66723544
24134750.51656524,64359334.71084064,12067375.25828262
3177247.0257563135,8472658.73535017,1588623.5128781567
74268656.04375176,198049749.4500047,37134328.02187588
8708443.168463212,23222515.1159019,4354221.584231606
50811451.30126764,135497203.47004703,25405725.65063382
-9295267.684947908,-24787380.493194424,-4647633.842473954
27765571.59298352,74041524.24795605,13882785.79649176
52330800.84025947,139548802.24069193,26165400.420129735
45143493.56385631,120382649.50361684,22571746.781928156
41508825.17906726,110690200.4775127,20754412.58953363
32401214.849848814,86403239.59959684,16200607.424924407
18578421.32860555,49542456.87628147,9289210.664302776
8830352.55109925,23547606.80293133,4415176.275549625
39434674.76613645,105159132.70969722,19717337.383068226
58710401.22609156,156561069.93624416,29355200.61304578
15593082.248693181,41581552.66318181,7796541.124346591
15969275.135769676,42584733.6953858,7984637.567884838
35216618.81873621,93910983.5166299,17608309.409368105
7702163.13668883,20539101.69783688,3851081.568344415
24925338.99821906,66467570.6619175,12462669.49910953
41280224.84256232,110080599.58016618,20640112.42128116
37233343.05453026,99288914.81208071,18616671.52726513
35996731.553286545,95991284.14209744,17998365.776643272
32358047.312018465,86288126.16538258,16179023.656009233
61909286.9428537,165091431.84760985,30954643.47142685
20923814.249601033,55796837.99893609,10461907.124800516
14319118.808517605,38184316.82271361,7159559.4042588025
-11250316.678287229,-30000844.47543261,-5625158.339143614
1225821.6198396287,3268857.652905677,612910.8099198143
73447756.72658132,195860684.60421687,36723878.36329066
59489334.51579605,158638225.37545612,29744667.257898025
-9003206.55506674,-24008550.81351131,-4501603.27753337
49763491.429033555,132702643.81075613,24881745.714516778
13578233.929520769,36208623.81205539,6789116.9647603845
21069200.00302799,56184533.34140797,10534600.001513995
56080729.01193926,149548610.6985047,28040364.50596963
16033883.484383104,42757022.625021614,8016941.742191552
-16635403.087327182,-44361074.89953916,-8317701.543663591
36652912.27625811,97741099.40335496,18326456.138129056
98293005.65191822,262114681.7384486,49146502.82595911
24351274.885449924,64936733.02786647,12175637.442724962
11109200.501920028,29624534.67178674,5554600.250960014
-6465920.162648298,-17242453.767062128,-3232960.081324149
43567764.764137395,116180706.03769971,21783882.382068697
31528217.79003295,84075247.44008787,15764108.895016475
34031154.999512225,90749746.66536592,17015577.499756113
64608549.013630405,172289464.03634775,32304274.506815203
55638817.17638411,148370179.13702428,27819408.588192053
69681505.30093528,185817347.46916074,34840752.65046764
28720355.62799685,76587615.00799161,14360177.813998425
25521514.908994894,68057373.09065305,12760757.454497447
18404098.214705393,49077595.239214376,9202049.107352696
31893848.561728477,85050262.83127594,15946924.280864239
44180407.71631936,117814420.57685164,22090203.85815968
20413408.533912066,54435756.090432175,10206704.266956033
103050747.59021454,274801993.57390547,51525373.79510727
49938309.4336457,133168825.15638855,24969154.71682285
14069489.933383463,37518639.8223559,7034744.9666917315
29349182.05671692,78264485.48457845,14674591.02835846
-27146850.054675028,-72391600.14580007,-13573425.027337514
2345754.8022556272,6255346.139348339,1172877.4011278136
22332416.148350086,59553109.728933565,11166208.074175043
12218255.991970528,32582015.978588074,6109127.995985264
58139237.483445525,155037966.6225214,29069618.741722763
24924837.25958033,66466232.69221421,12462418.629790165
-15130506.628567556,-40348017.67618015,-7565253.314283778
41512445.98175607,110699855.95134953,20756222.990878034
13134645.34718933,35025720.92583821,6567322.673594665
49404484.32348368,131745291.52928983,24702242.16174184
9075906.486061092,24202417.296162914,4537953.243030546
-2437989.240282851,-6501304.6407542685,-1218994.6201414254
28716282.938314565,76576754.50217217,14358141.469157282
39083912.10248838,104223765.60663569,19541956.05124419
44190912.54983579,117842433.46622878,22095456.274917897
74185537.3709053,197828099.65574744,37092768.68545265
45993562.35021431,122649499.6005715,22996781.175107155
30760497.653542403,82027993.74277973,15380248.826771202
-16701119.955721252,-44536319.88192333,-8350559.977860626
67040576.79381797,178774871.45018125,33520288.396908984
66159643.77209779,176425716.7255941,33079821.886048894
16775532.420744281,44734753.12198475,8387766.210372141
37711831.230296806,100564883.28079148,18855915.615148403
22364466.750688124,59638578.001834996,11182233.375344062
54769747.916615516,146052661.1109747,27384873.958307758
94914369.52882561,253104985.4102016,47457184.764412805
39696410.19507018,105857093.85352047,19848205.09753509
14213756.365235643,37903350.30729505,7106878.182617822
43455215.21731836,115880573.91284896,21727607.60865918
22988833.08663775,61303554.89770066,11494416.543318875
49177595.50655796,131140254.68415456,24588797.75327898
3446958.9651763816,9191890.573803686,1723479.4825881908
20874803.23588299,55666141.962354645,10437401.617941495
34219565.202629395,91252173.87367839,17109782.601314697
40667087.573878266,108445566.86367537,20333543.786939133
56370994.50371481,150322652.00990614,28185497.251857404
38628102.98592647,103008274.62913726,19314051.492963236
16346455.426404398,43590547.80374506,8173227.713202199
38929165.03947031,103811106.77192083,19464582.519735154
42733433.83666009,113955823.5644269,21366716.918330044
32893522.075458143,87716058.86788838,16446761.037729071
69888080.77295522,186368215.39454725,34944040.38647761
3772038.4081756417,10058769.088468378,1886019.2040878208
17462077.37822481,46565539.675266154,8731038.689112404
33183483.536757853,88489289.43135428,16591741.768378926
73570168.79630871,196187116.79015657,36785084.398154356
45634941.19453548,121693176.51876128,22817470.59726774
-19139236.412483927,-51037963.7666238,-9569618.206241963
14816484.107163712,39510624.2857699,7408242.053581856
21429331.54099577,57144884.10932205,10714665.770497885
50827347.920402534,135539594.45440677,25413673.960201267
61356600.219565794,163617600.5855088,30678300.109782897
20196781.89201424,53858085.04537131,10098390.94600712
31107345.964532986,82952922.57208796,15553672.982266493
12836642.851783032,34231047.604754746,6418321.425891516
19002808.100803725,50674154.9354766,9501404.050401863
64316575.918097354,171510869.11492628,32158287.959048677
13294318.271367515,35451515.39031337,6647159.135683757
27038069.805208094,72101519.48055492,13519034.902604047
34504235.97269106,92011295.92717615,17252117.98634553
-11116092.665585307,-29642913.77489415,-5558046.332792654
-12424601.645636484,-33132271.055030625,-6212300.822818242
10294134.982132593,27451026.619020246,5147067.491066297
9854986.364928221,26279963.63980859,4927493.182464111
70988413.28376631,189302435.42337686,35494206.64188316
41891661.73660771,111711097.96428722,20945830.868303854
1543765.2229799689,4116707.2612799173,771882.6114899844
4306463.5116025815,11483902.697606884,2153231.7558012907
3609950.2750994633,9626534.066931901,1804975.1375497316
47539197.558803685,126771193.49014316,23769598.779401843
41957149.181615524,111885731.15097474,20978574.590807762
55705706.13470772,148548549.6925539,27852853.06735386
59619744.20435022,158985984.54493392,29809872.10217511
-5539048.501423931,-14770796.00379715,-2769524.2507119654
5036573.00624836,13430861.349995626,2518286.50312418
68438432.08582258,182502485.56219354,34219216.04291129
8940441.658342484,23841177.755579956,4470220.829171242
-14507842.370511096,-38687579.654696256,-7253921.185255548
62735078.271534376,167293542.057425,31367539.135767188
60763617.518877044,162036313.38367212,30381808.759438522
39616438.74356961,105643836.64951897,19808219.371784806
25792049.25405735,68778798.01081961,12896024.627028676
16429173.517893033,43811129.38104808,8214586.758946517
59240288.29814388,157974102.12838367,29620144.14907194
8608501.667139722,22956004.445705924,4304250.833569861
-9652546.4357743,-25740123.828731466,-4826273.21788715
42585327.880123176,113560874.34699513,21292663.940061588
51067705.109651536,136180546.95907077,25533852.554825768
78286900.86519948,208765068.9738653,39143450.43259974
-4410726.01991615,-11761936.053109733,-2205363.009958075
659848.6034931086,1759596.275981623,329924.3017465543
62551962.65127348,166805233.7367293,31275981.32563674
75250133.88482271,200667023.69286057,37625066.942411356
38730498.27112312,103281328.72299498,19365249.13556156
9512584.182199242,25366891.15253131,4756292.091099621
-8364234.00496195,-22304624.013231866,-4182117.002480975
24826734.46810224,66204625.24827264,12413367.23405112
-2600956.865081745,-6935884.973551321,-1300478.4325408726
-4333529.969385431,-11556079.918361152,-2166764.9846927156
-20243118.70127122,-53981649.87005659,-10121559.35063561
75056665.04447223,200151106.78525928,37528332.522236116
-1862304.1265915977,-4966144.3375775935,-931152.0632957988
18544490.884814817,49451975.69283951,9272245.442407409
66868499.51555282,178315998.70814085,33434249.75777641
20001315.507408816,53336841.35309018,10000657.753704408
-20036937.326144923,-53431832.869719796,-10018468.663072461
48108488.771598116,128289303.3909283,24054244.385799058
6610647.245995946,17628392.65598919,3305323.622997973
17801276.72641532,47470071.27044086,8900638.36320766
59530290.75788479,158747442.0210261,29765145.378942396
593051.1231435814,1581469.6617162172,296525.5615717907
91626756.90328905,244338018.4087708,45813378.451644525
68768644.7912826,183383052.77675357,34384322.3956413
41686719.473190725,111164585.26184194,20843359.736595362
42570982.426269695,113522619.80338585,21285491.213134848
19987914.342088293,53301104.91223545,9993957.171044147
40851716.77185173,108937911.39160463,20425858.385925867
8010294.620992207,21360785.65597922,4005147.3104961035
-9084177.097203923,-24224472.25921046,-4542088.548601962
46780698.55642075,124748529.48378867,23390349.278210375
30904219.23162358,82411251.28432955,15452109.61581179
18530405.987667415,49414415.967113115,9265202.993833708
36251616.42187707,96670977.12500551,18125808.210938536
-18008710.60645181,-48023228.28387149,-9004355.303225905
26787643.480619173,71433715.9483178,13393821.740309587
29761132.635858163,79363020.36228845,14880566.317929082
4431807.100304462,11818152.267478565,2215903.550152231
14331007.463628838,38216019.903010234,7165503.731814419
158605.26579704325,422947.375458782,79302.63289852162
28987993.216772057,77301315.24472548,14493996.608386029
28282693.737122644,75420516.63232705,14141346.868561322
75293127.09814891,200781672.26173043,37646563.549074456
7262561.6473568315,19366831.059618216,3631280.8236784157
21802169.20381108,58139117.87682955,10901084.60190554
26266653.142365545,70044408.37964146,13133326.571182773
12514463.115672633,33371901.641793687,6257231.5578363165
24826392.29616227,66203712.78976606,12413196.148081135
17778874.32249473,47410331.52665262,8889437.161247365
69278237.65503933,184741967.08010486,34639118.82751966
-3156580.2004954945,-8417547.201321319,-1578290.1002477473
25128914.881934974,67010439.68515993,12564457.440967487
2846626.2803922477,7591003.414379327,1423313.1401961239
6849462.490171403,18265233.30712374,3424731.2450857013
-10749696.35110298,-28665856.936274614,-5374848.17555149
-16528982.052836234,-44077285.474229954,-8264491.026418117
18625901.504010733,49669070.67736196,9312950.752005367
25842219.767587014,68912586.04689871,12921109.883793507
32357513.756741878,86286703.35131168,16178756.878370939
24185662.979907967,64495101.27975457,12092831.489953984
28565280.333759267,76174080.8900247,14282640.166879633
8977097.514590468,23938926.70557458,4488548.757295234
8518439.591060562,22715838.909494836,4259219.795530281
-4756557.423895753,-12684153.130388675,-2378278.7119478765
41318901.57994165,110183737.54651107,20659450.789970826
85167400.1673716,227113067.11299092,42583700.0836858
-32949914.763926763,-87866439.37047137,-16474957.381963382
32608176.068026636,86955136.18140435,16304088.034013318
66632080.12904185,177685547.01077828,33316040.064520925
36504821.02191882,97346189.3917835,18252410.51095941
49648360.946047954,132395629.18946122,24824180.473023977
68831550.90997586,183550802.42660227,34415775.45498793
26347544.693344034,70260119.18225075,13173772.346672017
59778197.8235028,159408527.5293408,29889098.9117514
-9897084.684234668,-26392225.824625783,-4948542.342117334
67271824.55808502,179391532.1548934,33635912.27904251
15810037.7446861,42160100.65249627,7905018.87234305
70007541.29626128,186686776.79003006,35003770.64813064
-7818830.930926216,-20850215.81580324,-3909415.465463108
28873442.64230276,76995847.04614069,14436721.32115138
-29271145.295849975,-78056387.45559993,-14635572.647924988
34277653.49839731,91407075.99572617,17138826.749198657
22529328.042753845,60078208.11401026,11264664.021376923
2382296.171645867,6352789.791055647,1191148.0858229336
20496628.52091559,54657676.055774905,10248314.260457795
7274389.338142775,19398371.568380736,3637194.6690713875
48554834.05523181,129479557.48061816,24277417.027615905
53821250.0330835,143523333.421556,26910625.01654175
30608119.20521054,81621651.21389477,15304059.60260527
35548983.21658389,94797288.57755704,17774491.608291946
1350007.313326733,3600019.502204621,675003.6566633665
57369679.77307122,152985812.72818992,28684839.88653561
-15597720.749884378,-41593921.99969167,-7798860.374942189
39355295.959446095,104947455.89185625,19677647.979723047
72801710.65030009,194137895.0674669,36400855.32515004
84692915.15902671,225847773.75740454,42346457.579513356
10451788.163446447,27871435.102523856,5225894.081723223
60319702.35425489,160852539.61134636,30159851.177127443
38421214.55986134,102456572.15963024,19210607.27993067
37536075.149624795,100096200.39899945,18768037.574812397
4104695.032453094,10945853.419874918,2052347.516226547
12410768.92192048,33095383.79178795,6205384.46096024
16576271.903061975,44203391.7414986,8288135.951530987
-2294334.4137186697,-6118225.1032497855,-1147167.2068593348
18957361.127529632,50552963.00674569,9478680.563764816
-2759315.203828661,-7358173.876876428,-1379657.6019143304
56338448.64433989,150235863.05157304,28169224.322169945
60945899.82861321,162522399.54296854,30472949.914306603
36843998.76994594,98250663.38652252,18421999.38497297
43980143.93777972,117280383.83407924,21990071.96888986
17856461.660948634,47617231.09586302,8928230.830474317
30674123.118617497,81797661.64964665,15337061.559308749
-3655133.7827402665,-9747023.42064071,-1827566.8913701333
33618861.212068096,89650296.56551492,16809430.606034048
37252039.86319824,99338772.96852866,18626019.93159912
32629360.787368998,87011628.76631732,16314680.393684499
61205484.66266937,163214625.7671183,30602742.331334684
92948730.69955774,247863281.8654873,46474365.34977887
899423.8166411428,2398463.5110430475,449711.9083205714
71798715.52273467,191463241.3939591,35899357.761367336
39835901.93404406,106229071.8241175,19917950.96702203
52450272.289793625,139867392.77278298,26225136.144896813
33605120.1856749,89613653.8284664,16802560.09283745
40434786.09144069,107826096.24384186,20217393.045720346
20808880.68084804,55490348.48226144,10404440.34042402
8950328.279176505,23867542.077804014,4475164.139588253
-2949917.978029401,-7866447.941411736,-1474958.9890147005
10436739.599124787,27831305.5976661,5218369.799562394
54010338.69758458,144027569.86022553,27005169.34879229
58762165.109521,156699106.95872268,29381082.5547605
21962079.960527815,58565546.561407514,10981039.980263907
26551639.29196156,70804371.44523081,13275819.64598078
21132712.989089243,56353901.304237984,10566356.494544622
10687874.001395108,28500997.337053623,5343937.000697554
46834730.87760742,124892615.67361978,23417365.43880371
23340421.633240487,62241124.35530797,11670210.816620244
43892760.11725979,117047360.31269278,21946380.058629896
25523825.277686954,68063534.07383187,12761912.638843477
42013871.86917645,112036991.65113719,21006935.934588224
72426215.27815147,193136574.07507056,36213107.63907573
17052467.698856346,45473247.196950264,8526233.849428173
79631019.65926124,212349385.75803,39815509.82963062
73208061.2840472,195221496.75745922,36604030.6420236
53650506.463071115,143068017.2348563,26825253.231535558
20108615.511059616,53622974.696158975,10054307.755529808
57169914.14977618,152453104.39940315,28584957.07488809
81451108.03435752,217202954.7582867,40725554.01717876
49256244.91370064,131349986.43653503,24628122.45685032
43899505.948811874,117065349.19683167,21949752.974405937
41534801.093214154,110759469.58190441,20767400.546607077
32351870.622256674,86271654.99268447,16175935.311128337
62221988.66169861,165925303.09786296,31110994.330849305
19746374.2519477,52656998.00519387,9873187.12597385
47453399.2094629,126542397.89190108,23726699.60473145
-5877271.162169584,-15672723.09911889,-2938635.581084792
-6761112.406059072,-18029633.082824193,-3380556.203029536
60812116.009874925,162165642.6929998,30406058.004937463
26603985.47529034,70943961.2674409,13301992.73764517
19664996.759855803,52439991.35961548,9832498.379927902
4481651.32013977,11951070.187039386,2240825.660069885
37694302.249681614,100518139.3324843,18847151.124840807
44540718.4915144,118775249.31070507,22270359.2457572
74839798.47095418,199572795.92254448,37419899.23547709
-4197257.685133178,-11192687.160355141,-2098628.842566589
32250726.639042653,86001937.70411374,16125363.319521327
36009262.79767737,96024700.79380631,18004631.398838684
6828989.216472823,18210637.910594195,3414494.6082364116
42422247.73599145,113125993.96264386,21211123.867995724
12780459.528211236,34081225.4085633,6390229.764105618
-38550.32615161097,-102800.86973762925,-19275.163075805485
26680318.377320055,71147515.67285348,13340159.188660027
43499259.09180347,115998024.24480926,21749629.545901734
44845213.21177065,119587235.2313884,22422606.605885327
61188623.64973035,163169663.0659476,30594311.824865174
47911804.769563064,127764812.71883485,23955902.384781532
9956700.558051517,26551201.488137376,4978350.279025759
65267787.55494777,174047433.47986072,32633893.777473886
66885012.43697264,178360033.16526037,33442506.21848632
16209891.514678936,43226377.37247717,8104945.757339468
35929763.249853164,95812701.99960843,17964881.624926582
-14384534.193744346,-38358757.84998493,-7192267.096872173
63258996.12381751,168690656.33018002,31629498.061908755
22883729.438934375,61023278.503824994,11441864.719467187
61552258.71558894,164139356.57490385,30776129.35779447
11408630.576307628,30423014.870153677,5704315.288153814
34817039.4697401,92845438.5859736,17408519.73487005
84583677.1993226,225556472.53152692,42291838.5996613
23935015.349102817,63826707.597607516,11967507.674551409
66328403.51820744,176875742.71521986,33164201.75910372
73667674.37354685,196447131.6627916,36833837.18677343
17329881.111339685,46213016.29690583,8664940.555669842
-4113844.3433659244,-10970251.582309132,-2056922.1716829622
50748088.303426564,135328235.47580418,25374044.151713282
-5420309.026274452,-14454157.403398538,-2710154.513137226
35649234.773544155,95064626.06278442,17824617.386772078
40549637.74462403,108132367.31899743,20274818.872312017
23868488.457175072,63649302.552466854,11934244.228587536
29457172.968381856,78552461.24901828,14728586.484190928
831905.2947619199,2218414.11936512,415952.64738095994
48317956.92912446,128847885.1443319,24158978.46456223
26096568.622085385,69590849.65889436,13048284.311042693
23462211.85982123,62565898.29285661,11731105.929910615
63016125.48992584,168043001.3064689,31508062.74496292
17739697.67951504,47305860.47870678,8869848.83975752
7345930.365069542,19589147.640185446,3672965.182534771
29606375.471651148,78950334.59106973,14803187.735825574
81315396.83369532,216841058.22318754,40657698.41684766
8818294.573070172,23515452.194853794,4409147.286535086
29126379.952464394,77670346.53990506,14563189.976232197
-9461956.528600803,-25231884.076268807,-4730978.264300401
50163622.412761144,133769659.76736306,25081811.206380572
27835754.464066308,74228678.57084349,13917877.232033154
37626311.252464905,100336830.00657308,18813155.626232453
65490350.59834692,174640934.92892513,32745175.29917346
11211614.549006991,29897638.79735198,5605807.274503496
46795763.10315806,124788701.60842147,23397881.55157903
26161443.65017881,69763849.73381016,13080721.825089404
22176865.81999295,59138308.85331453,11088432.909996474
21299109.762462486,56797626.03323329,10649554.881231243
11915831.11112599,31775549.62966931,5957915.555562995
4679027.0703919595,12477405.521045227,2339513.5351959798
53209719.224760324,141892584.59936088,26604859.612380162
50187784.08139369,133834090.8837165,25093892.040696844
16947299.886843204,45192799.69824854,8473649.943421602
18726531.73266585,49937417.95377561,9363265.866332926
81634713.49343814,217692569.31583506,40817356.74671907
-22461466.127726905,-59897243.00727175,-11230733.063863453
-454102.9253369133,-1210941.1342317688,-227051.46266845666
22371453.228971202,59657208.61058988,11185726.614485601
-5829868.326893231,-15546315.538381949,-2914934.1634466155
10557488.417417102,28153302.446445607,5278744.208708551
28454464.393155336,75878571.7150809,14227232.196577668
16866679.208878968,44977811.22367725,8433339.604439484
37031533.45697749,98750755.88527331,18515766.728488743
62190588.31128647,165841568.83009726,31095294.155643236
37617811.4925713,100314163.98019013,18808905.74628565
-8152897.38294386,-21741059.687850296,-4076448.69147193
35956099.792857915,95882932.78095445,17978049.896428958
-6105640.002812033,-16281706.674165418,-3052820.0014060163
59427902.10018788,158474405.600501,29713951.05009394
48535754.264135964,129428678.03769591,24267877.132067982
45010316.17652679,120027509.80407144,22505158.088263396
-3364491.1971300305,-8971976.52568008,-1682245.5985650152
7141112.184670189,19042965.82578717,3570556.0923350947
12157626.838275563,32420338.235401504,6078813.4191377815
-326568.3656506563,-870848.9750684168,-163284.18282532814
1600020.0447441465,4266720.119317724,800010.0223720733
70816005.82714158,188842682.2057109,35408002.91357079
33751913.2854755,90005102.09460133,16875956.64273775
5862500.449560101,15633334.532160271,2931250.2247800506
41370828.4423594,110322209.17962508,20685414.2211797
53872275.03190561,143659400.08508164,26936137.515952803
55375300.36616916,147667467.64311776,27687650.18308458
36667644.44221873,97780385.17924996,18333822.221109364
37383485.429236755,99689294.47796467,18691742.714618377
28984345.98647861,77291589.2972763,14492172.993239306
15872808.896173466,42327490.38979591,7936404.448086733
38600468.41620539,102934582.44321439,19300234.208102696
-1779676.5018366883,-4745804.004897836,-889838.2509183441
-10049073.9005971,-26797530.401592262,-5024536.95029855
-1448332.463409155,-3862219.9024244132,-724166.2317045775
49469453.32660255,131918542.20427346,24734726.663301274
14678357.261059254,39142286.02949135,7339178.630529627
48774411.926884495,130065098.47169198,24387205.963442247
46233277.276667014,123288739.40444538,23116638.638333507
71664629.53479733,191105678.75945953,35832314.76739866
2564879.695262387,6839679.187366365,1282439.8476311935
40618007.63783641,108314687.03423044,20309003.818918206
45739815.46495747,121972841.23988658,22869907.732478734
-4897832.74097694,-13060887.30927184,-2448916.37048847
92079924.70621118,245546465.88322982,46039962.35310559
-10573559.46184606,-28196158.564922825,-5286779.73092303
38747879.66342072,103327679.10245526,19373939.83171036
41858339.71464552,111622239.23905472,20929169.85732276
20509434.71143325,54691825.89715533,10254717.355716625
3099207.6401471486,8264553.707059064,1549603.8200735743
13937894.765377743,37167719.374340646,6968947.382688872
14510956.725115748,38695884.600308664,7255478.362557874
44956518.45073387,119884049.20195699,22478259.225366935
15064906.033423973,40173082.75579726,7532453.016711987
-29688824.713719998,-79170199.23658666,-14844412.356859999
25277165.199694116,67405773.86585097,12638582.599847058
28270140.4131547,75387041.10174587,14135070.20657735
34872782.379101336,92994086.34427021,17436391.189550668
66845004.48954238,178253345.30544636,33422502.24477119
13245704.817128409,35321879.51234242,6622852.408564204
65017017.95916457,173378714.5577722,32508508.979582284
-2315454.413588981,-6174545.10290395,-1157727.2067944906
27479250.83771838,73278002.23391567,13739625.41885919
55105117.76122103,146946980.6965894,27552558.880610514
55989696.05762,149305856.15365332,27994848.02881
50391566.698040895,134377511.19477573,25195783.349020448
34657625.71335484,92420335.2356129,17328812.85667742
40731444.128011055,108617184.3413628,20365722.064005528
38489338.594799414,102638236.25279844,19244669.297399707
32621289.488879144,86990105.30367772,16310644.744439572
83902374.23403688,223739664.62409833,41951187.11701844
16772931.54217906,44727817.445810825,8386465.77108953
-11035017.753465386,-29426714.00924103,-5517508.876732693
27447752.287150502,73194006.09906802,13723876.143575251
19387147.573304098,51699060.1954776,9693573.786652049
15325314.951592488,40867506.53757997,7662657.475796244
15032849.150920415,40087597.73578777,7516424.575460208
13803390.013874762,36809040.03699936,6901695.006937381
11765578.485559663,31374875.96149243,5882789.242779831
-4184560.361936755,-11158827.631831348,-2092280.1809683775
-26593900.17986109,-70917067.14629625,-13296950.089930546
55692956.623841085,148514550.99690956,27846478.311920542
25813723.3085525,68836595.48947333,12906861.65427625
-28477358.391821604,-75939622.37819093,-14238679.195910802
-31830834.796454877,-84882226.12387967,-15915417.398227438
25732232.036485933,68619285.43062915,12866116.018242966
-14927350.272466693,-39806267.39324451,-7463675.136233347
40032516.28122527,106753376.74993406,20016258.140612636
-13341624.692157835,-35577665.84575423,-6670812.346078917
44313370.07799072,118168986.87464193,22156685.03899536
-4708115.844513075,-12554975.5853682,-2354057.9222565377
44170265.51328128,117787374.70208341,22085132.75664064
-15253384.273914719,-40675691.39710592,-7626692.1369573595
38329122.967387624,102210994.57970034,19164561.483693812
86382788.53534128,230354102.7609101,43191394.26767064
37568689.666411564,100183172.44376418,18784344.833205782
56245526.70317005,149988071.20845348,28122763.351585027
15391051.358287308,41042803.62209949,7695525.679143654
61167113.00372031,163112301.34325415,30583556.501860157
47501780.14031454,126671413.70750545,23750890.07015727
-32808798.635180343,-87490129.69381425,-16404399.317590171
3317720.04319537,8847253.448520986,1658860.021597685
51581096.838549264,137549591.5694647,25790548.419274632
44167924.70661605,117781132.55097613,22083962.353308026
19743371.786175925,52648991.42980247,9871685.893087963
37814902.01387747,100839738.70367324,18907451.006938733
29967796.99750555,79914125.32668146,14983898.498752775
11681093.71802832,31149583.24807552,5840546.85901416
35933612.339259,95822966.238024,17966806.1696295
8394835.031342752,22386226.75024734,4197417.515671376
51157478.03511352,136419941.42696938,25578739.01755676
21850006.533734363,58266684.089958295,10925003.266867181
37927650.028291225,101140400.07544327,18963825.014145613
17784680.311149243,47425814.16306465,8892340.155574622
4929812.459972283,13146166.559926087,2464906.2299861414
20880316.699737232,55680844.53263263,10440158.349868616
9945012.194774132,26520032.519397683,4972506.097387066
-28250391.413987856,-75334377.10396762,-14125195.706993928
60356087.36921552,160949566.31790805,30178043.68460776
14321986.993249975,38191965.31533326,7160993.496624988
21116500.660351947,56310668.42760519,10558250.330175973
9598422.573411599,25595793.529097598,4799211.286705799
66221665.19045858,176591107.17455623,33110832.59522929
-13207646.877000207,-35220391.67200055,-6603823.438500104
77713682.21009856,207236485.89359617,38856841.10504928
45820774.43664584,122188731.83105558,22910387.21832292
41421212.88587922,110456567.6956779,20710606.44293961
20329909.29178165,54213091.44475106,10164954.645890824
25631251.11016995,68350002.9604532,12815625.555084975
12333176.128069207,32888469.674851216,6166588.064034604
29601237.421348576,78936633.1235962,14800618.710674288
20597105.484789245,54925614.62610466,10298552.742394622
-7729853.033937711,-20612941.423833895,-3864926.5169688556
5064681.246692073,13505816.657845527,2532340.6233460363
-16225525.819824964,-43268068.85286657,-8112762.909912482
436726.706165802,1164604.549775472,218363.353082901
28919156.999450184,77117751.99853383,14459578.499725092
47271004.71457529,126056012.57220078,23635502.357287645
59745170.10540865,159320453.6144231,29872585.052704327
21229579.734014153,56612212.624037735,10614789.867007077
45771490.147953354,122057307.06120895,22885745.073976677
24651231.468455058,65736617.249213494,12325615.734227529
487043.2852423209,1298782.0939795226,243521.64262116046
3115870.445700283,8308987.855200755,1557935.2228501416
6031081.5243980205,16082884.065061387,3015540.7621990102
19460897.860888302,51895727.62903547,9730448.930444151
20508636.261902295,54689696.69840612,10254318.130951148
17474702.61464046,46599206.972374566,8737351.30732023
22702544.97758531,60540119.940227486,11351272.488792654
-13252789.72606447,-35340772.60283859,-6626394.863032235
403227.09047990874,1075272.2412797567,201613.54523995437
-3411847.2843964994,-9098259.425057331,-1705923.6421982497
46108465.58424508,122955908.22465354,23054232.79212254
22294301.171946947,59451469.791858524,11147150.585973473
17659798.532751698,47092796.08733786,8829899.266375849
5873053.430385917,15661475.814362446,2936526.7151929587
-3963114.8002905236,-10568306.134108063,-1981557.4001452618
60966242.2654181,162576646.04111493,30483121.13270905
11425059.045644218,30466824.12171792,5712529.522822109
14735711.692903707,39295231.18107655,7367855.846451853
7702916.052157235,20541109.472419295,3851458.0260786177
53103296.495677724,141608790.6551406,26551648.247838862
26727056.66601664,71272151.1093777,13363528.33300832
42407562.797118016,113086834.12564804,21203781.398559008
55258102.21350351,147354939.23600936,27629051.106751755
-1554822.8705912882,-4146194.321576768,-777411.4352956441
37873632.02771958,100996352.07391888,18936816.01385979
16435193.996984823,43827183.99195953,8217596.998492411
52626576.06425524,140337536.1713473,26313288.03212762
16413698.825424876,43769863.53446633,8206849.412712438
24186742.4958383,64497979.98890213,12093371.24791915
70937443.37331244,189166515.6621665,35468721.68665622
-39147730.07475727,-104393946.8660194,-19573865.037378635
72332262.87610203,192886034.3362721,36166131.438051015
20213658.201028388,53903088.536075704,10106829.100514194
43202132.215690345,115205685.9085076,21601066.107845172
83094468.87140812,221585250.32375497,41547234.43570406
-19106380.47103182,-50950347.922751516,-9553190.23551591
90932079.7298881,242485545.94636828,45466039.86494405
48781566.35308283,130084176.9415542,24390783.176541414
44915446.06186781,119774522.83164749,22457723.030933905
-18266858.86292758,-48711623.63447355,-9133429.43146379
36086723.09823294,96231261.59528784,18043361.54911647
34207037.47386816,91218766.59698176,17103518.73693408
24652085.354178052,65738894.27780814,12326042.677089026
-17655504.060052596,-47081344.16014026,-8827752.030026298
44303297.805224866,118142127.48059964,22151648.902612433
39932656.827324316,106487084.87286484,19966328.413662158
-5233787.247089298,-13956765.992238129,-2616893.623544649
25831983.20089182,68885288.53571153,12915991.60044591
93783072.14865157,250088192.39640418,46891536.074325785
-17204121.8442605,-45877658.25136133,-8602060.92213025
4384727.617175838,11692606.979135567,2192363.808587919
46205242.80439098,123213980.81170928,23102621.40219549
20638213.578820437,55035236.21018783,10319106.789410219
42254205.180131115,112677880.48034963,21127102.590065558
29771084.75931152,79389559.35816406,14885542.37965576
38319641.180634074,102185709.8150242,19159820.590317037
21968097.316207584,58581592.84322022,10984048.658103792
71159513.70565115,189758703.21506974,35579756.852825575
39635603.96451981,105694943.90538616,19817801.982259907
-12264732.903175652,-32705954.408468407,-6132366.451587826
17052986.254362825,45474630.0116342,8526493.127181413
61211860.80269668,163231628.80719116,30605930.40134834
38474034.02923167,102597424.07795112,19237017.014615834
33095162.22062054,88253765.92165478,16547581.11031027
-9367423.694129137,-24979796.5176777,-4683711.847064569
-41907454.60926433,-111753212.29137154,-20953727.304632165
9509738.51998828,25359302.719968747,4754869.25999414
-52616192.7462131,-140309847.32323492,-26308096.37310655
89693683.96906826,239183157.2508487,44846841.98453413
28385023.477977686,75693395.94127384,14192511.738988843
62625920.080623,167002453.548328,31312960.0403115
14625557.894874306,39001487.71966482,7312778.947437153
-19040048.315480877,-50773462.174615666,-9520024.157740438
28927825.62941582,77140868.34510887,14463912.81470791
24549198.784291983,65464530.09144528,12274599.392145991
64976042.045649104,173269445.4550643,32488021.022824552
52721861.010752045,140591629.36200544,26360930.505376022
39559598.47239331,105492262.59304883,19779799.236196656
15750165.910853304,42000442.428942144,7875082.955426652
74151379.80532004,197737012.81418678,37075689.90266002
15421190.239590064,41123173.972240165,7710595.119795032
34926342.57801653,93136913.54137741,17463171.289008263
17122056.72818989,45658817.9418397,8561028.364094945
10930475.393652948,29147934.383074526,5465237.696826474
-31311096.60500147,-83496257.61333725,-15655548.302500734
-49095419.540912755,-130921118.77576736,-24547709.770456377
12727466.269898627,33939910.053063005,6363733.1349493135
60756624.378702484,162017665.0098733,30378312.189351242
56720223.842186354,151253930.24583027,28360111.921093177
78590216.96379723,209573911.90345928,39295108.48189861
21950572.467747815,58534859.91399418,10975286.233873907
49751885.88238607,132671695.68636286,24875942.941193037
39899343.7199418,106398249.9198448,19949671.8599709
6619782.855569217,17652754.28151791,3309891.4277846087
29488217.45183582,78635246.53822885,14744108.72591791
-13550868.449443473,-36135649.19851593,-6775434.224721736
46752653.6763837,124673743.1370232,23376326.83819185
-27535802.10770842,-73428805.62055579,-13767901.05385421
33870860.718327485,90322295.24887328,16935430.359163743
56028021.92787819,149408058.47434184,28014010.963939097
-10494507.52838291,-27985353.4090211,-5247253.764191455
46466312.217773244,123910165.914062,23233156.108886622
42862357.64111519,114299620.37630716,21431178.820557594
57740016.27753686,153973376.7400983,28870008.13876843
43268809.79552475,115383492.78806601,21634404.897762377
46514200.203981996,124037867.21061864,23257100.101990998
43609457.953424335,116291887.87579823,21804728.976712167
59499481.84161688,158665284.91097835,29749740.92080844
53051769.31439219,141471384.83837914,26525884.657196093
23112606.24177717,61633616.64473912,11556303.120888585
-15399029.227081634,-41064077.938884355,-7699514.613540817
43506114.1803358,116016304.48089546,21753057.0901679
-4763029.140915825,-12701411.0424422,-2381514.5704579125
21828287.5361093,58208766.76295813,10914143.76805465
-2838225.6068710336,-7568601.618322757,-1419112.8034355168
6413568.278007672,17102848.741353795,3206784.139003836
14299167.836789025,38131114.2314374,7149583.9183945125
23684516.226680312,63158709.93781416,11842258.113340156
43964328.14670186,117238208.39120495,21982164.07335093
44143766.227218926,117716709.93925047,22071883.113609463
28798265.243434552,76795373.98249215,14399132.621717276
27744119.143379036,73984317.71567743,13872059.571689518
26448242.40121104,70528646.40322943,13224121.20060552
26916887.79510672,71778367.45361792,13458443.89755336
33011225.800307587,88029935.4674869,16505612.900153793
-3248696.7176249423,-8663191.246999847,-1624348.3588124712
44148133.31393195,117728355.50381853,22074066.656965975
-13739454.143818922,-36638544.383517124,-6869727.071909461
87813311.02250682,234168829.39335153,43906655.51125341
13317149.44002301,35512398.50672802,6658574.720011505
19215066.069427676,51240176.185140476,9607533.034713838
10650607.681963021,28401620.485234722,5325303.8409815105
-23444398.19044742,-62518395.17452645,-11722199.09522371
48228454.54399649,128609212.11732396,24114227.271998245
15524247.807617983,41397994.15364795,7762123.903808991
10337576.391300771,27566870.376802053,5168788.195650386
-7799744.428423721,-20799318.47579659,-3899872.2142118607
31677995.806442555,84474655.48384681,15838997.903221278
-1762507.5469581224,-4700020.12522166,-881253.7734790612
46715463.17577675,124574568.468738,23357731.587888375
47405494.04922542,126414650.79793446,23702747.02461271
8819177.480560673,23517806.614828464,4409588.740280337
18505690.526559718,49348508.07082591,9252845.263279859
64252172.64699648,171339127.0586573,32126086.32349824
89303784.61766912,238143425.64711764,44651892.30883456
-31861882.916666955,-84965021.11111188,-15930941.458333477
25479335.327846568,67944894.20759085,12739667.663923284
2813359.4963257723,7502291.990202059,1406679.7481628861
23965909.97426814,63909093.26471503,11982954.98713407
46713479.76035482,124569279.36094618,23356739.88017741
36132147.15902283,96352392.42406088,18066073.579511415
27342792.65448594,72914113.74529584,13671396.32724297
11557140.57290743,30819041.527753145,5778570.286453715
-6809682.715656859,-18159153.90841829,-3404841.3578284294
2642894.8550070454,7047719.613352122,1321447.4275035227
64301381.24678137,171470349.991417,32150690.623390686
54009960.61448401,144026561.63862404,27004980.307242006
43223523.49168921,115262729.31117123,21611761.745844606
499287.6434203666,1331433.7157876443,249643.8217101833
-30861436.594265323,-82297164.2513742,-15430718.297132662
-4455997.279718303,-11882659.412582142,-2227998.6398591516
24119606.013109095,64318949.36829092,12059803.006554548
83431111.70258711,222482964.5402323,41715555.85129356
56931216.34437078,151816576.9183221,28465608.17218539
56536364.38013451,150763638.34702536,28268182.190067254
-2890243.0380609347,-7707314.768162494,-1445121.5190304674
-11774097.547174817,-31397593.459132843,-5887048.7735874085
20281101.7534425,54082938.00918,10140550.87672125
29770406.238107003,79387749.96828534,14885203.119053502
69794305.03279246,186118146.75411323,34897152.51639623
39852601.09060901,106273602.90829068,19926300.545304503
28159425.892316982,75091802.37951195,14079712.946158491
43947580.50798637,117193548.02129698,21973790.253993183
70433718.79803476,187823250.12809268,35216859.39901738
18286137.657654595,48763033.753745586,9143068.828827297
23289238.003755245,62104634.67668066,11644619.001877623
73706205.26271544,196549880.70057452,36853102.63135772
11484811.584895412,30626164.226387765,5742405.792447706
77932118.40251653,207818982.40671074,38966059.201258264
27333935.198006205,72890493.86134988,13666967.599003103
42045083.60720147,112120222.95253725,21022541.803600736
31017496.434071656,82713323.8241911,15508748.217035828
53870140.56772093,143653708.18058914,26935070.283860464
20832034.85114116,55552092.936376415,10416017.42557058
13645129.493385894,36387011.98236238,6822564.746692947
31334055.579894684,83557481.54638582,15667027.789947342
18047121.92964696,48125658.47905856,9023560.96482348
-14832940.175201695,-39554507.13387118,-7416470.087600848
27669151.563195106,73784404.16852027,13834575.781597553
49816638.53917143,132844369.43779048,24908319.269585714
-4080517.7936809696,-10881380.783149252,-2040258.8968404848
69064412.4093084,184171766.4248224,34532206.2046542
10601371.236305494,28270323.296814647,5300685.618152747
32422947.693222675,86461193.8485938,16211473.846611338
26556754.064800166,70818010.83946711,13278377.032400083
16569017.411700033,44184046.43120009,8284508.705850016
42357374.28620484,112952998.09654625,21178687.14310242
34448601.429551356,91862937.14547028,17224300.714775678
-3530082.3947653654,-9413553.05270764,-1765041.1973826827
87380997.0440387,233015992.11743653,43690498.52201935
43812286.97532975,116832765.267546,21906143.487664875
40338865.97431198,107570309.26483193,20169432.98715599
69834375.17156108,186225000.45749623,34917187.58578054
51072221.488135226,136192590.63502726,25536110.744067613
23851422.16066442,63603792.428438455,11925711.08033221
25276471.67078315,67403924.45542173,12638235.835391575
26540215.96838589,70773909.24902904,13270107.984192945
900381.5199358861,2401017.3864956964,450190.7599679431
-10231833.481676998,-27284889.284471992,-5115916.740838499
4392293.950402931,11712783.86774115,2196146.9752014657
23799848.441190742,63466262.50984198,11899924.220595371
46447559.763111405,123860159.36829709,23223779.881555703
32744232.155700605,87317952.41520162,16372116.077850303
15995111.425749317,42653630.46866485,7997555.712874658
-14045145.414717793,-37453721.105914116,-7022572.707358897
7935801.779777075,21162138.079405535,3967900.8898885376
33108663.836033504,88289770.22942269,16554331.918016752
78766289.63666295,210043439.0311012,39383144.81833147
54179693.30948081,144479182.15861547,27089846.654740404
70656205.90354243,188416549.07611316,35328102.951771215
77732842.64780383,207287580.39414355,38866421.323901914
96782471.04421212,258086589.4512323,48391235.52210606
52107040.9612159,138952109.22990906,26053520.48060795
-45664516.483406775,-121772043.9557514,-22832258.241703387
12992945.862882903,34647855.634354405,6496472.931441451
-5680422.790931264,-15147794.109150037,-2840211.395465632
3419079.7262415085,9117545.936644023,1709539.8631207542
10812685.310500385,28833827.494667698,5406342.655250193
94824343.90903103,252864917.0907494,47412171.95451552
15659703.503331168,41759209.34221645,7829851.751665584
36731317.92555995,97950181.13482654,18365658.962779976
28695081.555124275,76520217.48033139,14347540.777562138
29740778.292731043,79308742.11394945,14870389.146365521
54308351.98785909,144822271.96762425,27154175.993929546
30707894.210938085,81887717.8958349,15353947.105469042
49995955.97369329,133322549.2631821,24997977.986846644
-10191347.208421202,-27176925.889123205,-5095673.604210601
33179257.295357693,88478019.45428719,16589628.647678846
7878636.233883687,21009696.623689834,3939318.1169418436
9422630.433198906,25127014.48853042,4711315.216599453
14513750.792684713,38703335.44715924,7256875.396342357
46601887.64687298,124271700.39166129,23300943.82343649
14262400.319378942,38033067.51834384,7131200.159689471
28413587.470229544,75769566.58727878,14206793.735114772
11071715.770817528,29524575.38884674,5535857.885408764
54300970.65307892,144802588.40821046,27150485.32653946
28675165.11950541,76467106.98534775,14337582.559752705
-8289188.609540494,-22104502.958774652,-4144594.304770247
-23472047.267461676,-62592126.04656447,-11736023.633730838
15481934.06807899,41285157.514877304,7740967.034039495
20061882.826141108,53498354.203042954,10030941.413070554
31986131.665131554,85296351.10701747,15993065.832565777
1481621.0730043813,3950989.5280116834,740810.5365021906
17164831.685461193,45772884.494563185,8582415.842730597
32257016.22435988,86018709.93162635,16128508.11217994
-6984297.810770901,-18624794.162055735,-3492148.9053854505
43295122.262900606,115453659.36773495,21647561.131450303
64859226.16185549,172957936.43161464,32429613.080927745
26761678.364754334,71364475.63934489,13380839.182377167
73433673.85752954,195823130.28674543,36716836.92876477
-2159948.8659515,-5759863.642537333,-1079974.43297575
-13071870.755098572,-34858322.01359619,-6535935.377549286
65921988.38769969,175791969.03386584,32960994.193849847
23328816.19828862,62210176.52876966,11664408.09914431
51750442.113643944,138001178.96971717,25875221.056821972
-20399126.264569037,-54397670.03885076,-10199563.132284518
36385128.108226016,97027008.28860271,18192564.054113008
34220297.54520367,91254126.7872098,17110148.772601835
25139611.09203738,67038962.912099674,12569805.54601869
28941465.27885348,77177240.74360928,14470732.63942674
87930600.27091451,234481600.72243872,43965300.135457255
-16389919.912764909,-43706453.10070642,-8194959.956382454
60686622.01702918,161830992.04541117,30343311.00851459
24791442.937740475,66110514.50064127,12395721.468870237
79543670.45932445,212116454.5581985,39771835.229662225
47791615.909261145,127444309.09136306,23895807.954630572
38821120.93733676,103522989.16623135,19410560.46866838
3171313.2784147044,8456835.409105878,1585656.6392073522
-232578.71253711052,-620209.9000989614,-116289.35626855526
35019552.65197199,93385473.73859197,17509776.325985994
64741817.2014077,172644845.87042052,32370908.60070385
17933680.77676599,47823148.738042645,8966840.388382996
-12085536.565930204,-32228097.509147212,-6042768.282965102
26441107.840150144,70509620.90706705,13220553.920075072
967607.758703487,2580287.356542632,483803.8793517435
22281177.83374671,59416474.22332455,11140588.916873354
81585674.25308315,217561798.00822175,40792837.12654158
-2705867.495078873,-7215646.653543661,-1352933.7475394364
63573163.09825281,169528434.92867416,31786581.549126405
91452045.36057155,243872120.96152413,45726022.680285774
8779270.372868719,23411387.660983253,4389635.186434359
45624288.554082125,121664769.47755234,22812144.277041063
57427081.30909467,153138883.4909191,28713540.654547334
68759112.4542869,183357633.21143174,34379556.22714345
4241227.821792853,11309940.858114276,2120613.9108964265
-4669334.689241796,-12451559.171311455,-2334667.344620898
-7281284.686289214,-19416759.163437903,-3640642.343144607
28253749.226124857,75343331.26966628,14126874.613062428
98234421.1972238,261958456.52593014,49117210.5986119
36861769.63879154,98298052.37011077,18430884.81939577
37027513.632668726,98740036.35378326,18513756.816334363
80639654.8802613,215039079.68069682,40319827.44013065
46320033.96411646,123520090.57097724,23160016.98205823
8607212.603906391,22952566.943750374,4303606.301953196
101543834.4186978,270783558.4498608,50771917.2093489
6369525.105990902,16985400.282642405,3184762.552995451
-26758842.66481282,-71356913.77283418,-13379421.33240641
54952071.05044931,146538856.1345315,27476035.525224656
51614163.98267304,137637770.62046146,25807081.99133652
18073663.389136277,48196435.704363406,9036831.694568139
29450683.017863106,78535154.71430162,14725341.508931553
22025195.47330418,58733854.595477805,11012597.73665209
-8680455.581384445,-23147881.55035852,-4340227.790692222
10266790.537372846,27378108.099660926,5133395.268686423
58289783.79050079,155439423.44133544,29144891.895250395
37464913.69420413,99906436.51787768,18732456.847102065
7661804.704223972,20431479.211263925,3830902.352111986
18654502.23085704,49745339.28228544,9327251.11542852
-12069717.207912726,-32185912.554433938,-6034858.603956363
1143794.615608773,3050118.974956728,571897.3078043865
41198336.57083002,109862230.85554671,20599168.28541501
36834753.32236711,98226008.85964563,18417376.661183555
61275085.12904888,163400227.010797,30637542.56452444
17212088.981080554,45898903.94954814,8606044.490540277
39457037.76009074,105218767.36024196,19728518.88004537
-15829149.034986043,-42211064.09329611,-7914574.517493022
-6638892.815890756,-17703714.175708685,-3319446.407945378
62703889.28085512,167210371.41561365,31351944.64042756
75942610.8327606,202513628.8873616,37971305.4163803
60727947.2118253,161941192.56486747,30363973.60591265
83247554.02607596,221993477.40286922,41623777.01303798
38671852.65287265,103124940.40766041,19335926.326436326
99225804.60061331,264602145.60163552,49612902.300306655
41621236.539739884,110989964.10597302,20810618.269869942
-32125832.656034123,-85668887.08275767,-16062916.328017062
-17415003.242018584,-46440008.64538289,-8707501.621009292
7151748.884012088,19071330.357365567,3575874.442006044
2862204.4162364234,7632545.109963795,1431102.2081182117
36345782.69133674,96922087.17689799,18172891.34566837
34081562.657262295,90884167.0860328,17040781.328631148
54156943.336643964,144418515.5643839,27078471.668321982
3921756.146367128,10458016.390312342,1960878.073183564
6563916.4925364,17503777.313430402,3281958.2462682
37432275.0350576,99819400.09348693,18716137.5175288
35305508.09556036,94148021.58816096,17652754.04778018
-10451941.977888996,-27871845.274370655,-5225970.988944498
13600589.502565822,36268238.67350886,6800294.751282911
24784388.630041312,66091703.0134435,12392194.315020656
10475313.85150234,27934170.27067291,5237656.92575117
37924257.60755935,101131353.62015828,18962128.803779677
26808573.14013677,71489528.37369806,13404286.570068385
40935551.65910579,109161471.09094878,20467775.829552896
-9170084.060766995,-24453557.495378654,-4585042.0303834975
43600175.25627037,116267134.016721,21800087.628135186
24234721.475404885,64625923.93441302,12117360.737702442
11680646.26414735,31148390.037726272,5840323.132073675
44611025.40710255,118962734.41894011,22305512.703551274
22429134.96933965,59811026.584905736,11214567.484669825
5809277.599731197,15491406.932616524,2904638.7998655983
-9274810.874661308,-24732828.999096822,-4637405.437330654
25889724.093145307,69039264.24838749,12944862.046572654
-14621896.26557245,-38991723.37485986,-7310948.132786225
16902287.7408334,45072767.30888907,8451143.8704167
-14164999.817855215,-37773332.84761391,-7082499.908927607
52459641.67958589,139892377.81222904,26229820.839792944
8635044.322777571,23026784.860740192,4317522.161388786
9733648.924070334,25956397.130854227,4866824.462035167
7437596.873839946,19833591.66357319,3718798.436919973
77357009.05516924,206285357.4804513,38678504.52758462
18062745.83310885,48167322.2216236,9031372.916554425
63450036.31078983,169200096.82877287,31725018.155394915
40930665.630228706,109148441.68060988,20465332.815114353
-3637696.668589201,-9700524.449571202,-1818848.3342946004
50426021.35878476,134469390.29009268,25213010.67939238
24436046.21871831,65162789.91658215,12218023.109359154
45825468.44122306,122201249.17659482,22912734.22061153
69593075.54472415,185581534.78593108,34796537.772362076
22584496.529318813,60225324.07818351,11292248.264659407
80239370.92356801,213971655.79618135,40119685.461784005
43028329.732659884,114742212.62042637,21514164.866329942
-3291074.060388524,-8776197.494369397,-1645537.030194262
33260558.820003804,88694823.52001014,16630279.410001902
-46942327.49571574,-125179539.9885753,-23471163.74785787
52773816.65019458,140730177.7338522,26386908.32509729
16724960.858750932,44599895.623335816,8362480.429375466
24914028.682258442,66437409.81935584,12457014.341129221
7335027.385793691,19560073.028783176,3667513.6928968453
-5066982.384515167,-13511953.02537378,-2533491.1922575836
17457124.375025842,46552331.66673558,8728562.187512921
32840192.258720566,87573846.02325484,16420096.129360283
6851270.210919878,18270053.89578634,3425635.105459939
24516411.817288473,65377098.17943593,12258205.908644237
4402579.214673619,11740211.23912965,2201289.6073368094
13373100.035750212,35661600.095333904,6686550.017875106
-28337723.269404285,-75567262.05174476,-14168861.634702142
69895158.19159333,186387088.51091555,34947579.09579667
79260538.65503107,211361436.4134162,39630269.327515535
6017790.410495305,16047441.094654147,3008895.2052476527
39110439.067389645,104294504.17970571,19555219.533694822
5048805.266662764,13463480.711100707,2524402.633331382
7207147.143181762,19219059.048484698,3603573.571590881
53198680.40101145,141863147.73603055,26599340.200505726
44780801.324975386,119415470.19993436,22390400.662487693
64227196.1161766,171272522.97647092,32113598.0580883
35432496.392653994,94486657.04707733,17716248.196326997
6038105.63543124,16101615.02781664,3019052.81771562
17313779.698088598,46170079.19490293,8656889.849044299
-5040156.252225878,-13440416.67260234,-2520078.126112939
26218853.43454161,69916942.49211095,13109426.717270805
11400307.10003611,30400818.93342963,5700153.550018055
6461435.766037945,17230495.376101185,3230717.8830189724
10752610.745483287,28673628.654622097,5376305.372741643
19082439.996086534,50886506.656230755,9541219.998043267
53679873.99274023,143146330.64730728,26839936.996370114
38343491.48775319,102249310.63400851,19171745.743876595
15174842.149827082,40466245.73287222,7587421.074913541
-13506355.17788562,-36016947.14102832,-6753177.58894281
27863132.23013705,74301685.94703214,13931566.115068525
8235604.934373091,21961613.158328243,4117802.4671865455
50408400.36489636,134422400.97305694,25204200.18244818
15728754.977658127,41943346.60708834,7864377.488829063
26324613.316759445,70198968.84469186,13162306.658379722
37287872.193363935,99434325.84897049,18643936.096681967
80937442.8004112,215833180.80109653,40468721.4002056
46931950.44413628,125151867.85103008,23465975.22206814
-250818.47037543016,-668849.2543344804,-125409.23518771508
29351164.371743504,78269771.65798268,14675582.185871752
-222578.74903953145,-593543.3307720838,-111289.37451976573
57245354.69358944,152654279.18290517,28622677.34679472
23666815.980145574,63111509.2803882,11833407.990072787
6007504.424395584,16020011.798388222,3003752.212197792
85525728.63676152,228068609.6980307,42762864.31838076
20057084.239020307,53485557.97072082,10028542.119510153
3226260.673936121,8603361.79716299,1613130.3369680606
-20285629.58067769,-54095012.215140514,-10142814.790338846
6014673.520524266,16039129.38806471,3007336.760262133
39295812.30864508,104788832.82305354,19647906.15432254
-29907528.583733518,-79753409.55662271,-14953764.291866759
63669331.917354874,169784885.11294633,31834665.958677437
36838226.84499439,98235271.58665171,18419113.422497194
27569211.15806614,73517896.4215097,13784605.57903307
37809792.66658771,100826113.77756722,18904896.333293855
-5485325.529010185,-14627534.74402716,-2742662.7645050925
17564227.621144883,46837940.32305302,8782113.810572442
73663484.1748478,196435957.79959413,36831742.0874239
14983078.850379577,39954876.93434554,7491539.425189788
-24239373.83718652,-64638330.23249739,-12119686.91859326
34450639.00676551,91868370.68470801,17225319.503382754
-27479399.218553446,-73278397.91614252,-13739699.609276723
12246353.536631098,32656942.764349595,6123176.768315549
17055176.25105252,45480470.00280673,8527588.12552626
28208972.591235217,75223926.90996058,14104486.295617608
27744380.369631495,73985014.31901732,13872190.184815748
38450190.01306025,102533840.03482732,19225095.006530125
14857537.811152454,39620100.829739876,7428768.905576227
60461464.43676999,161230571.83138666,30230732.218384996
51889850.95172454,138372935.8712654,25944925.47586227
20865526.727254614,55641404.6060123,10432763.363627307
69136469.05798432,184363917.48795816,34568234.52899216
10766626.063838925,28711002.8369038,5383313.031919463
29588322.798451263,78902194.12920338,14794161.399225632
13370990.855770051,35655975.61538681,6685495.427885026
21734393.19447412,57958381.85193098,10867196.59723706
8267686.308829819,22047163.49021285,4133843.1544149094
6330924.455850639,16882465.215601705,3165462.2279253197
55899878.267099515,149066342.0455987,27949939.133549757
26256235.65082734,70016628.40220624,13128117.82541367
52787017.0041899,140765378.67783973,26393508.50209495
14049710.315943949,37465894.175850525,7024855.157971974
63349231.85018153,168931284.93381742,31674615.925090764
-13080255.301402478,-34880680.803739935,-6540127.650701239
-18188865.776270565,-48503642.070054844,-9094432.888135282
49137714.3880475,131033905.03479333,24568857.19402375
29996973.491287824,79991929.31010087,14998486.745643912
23661997.12113878,63098658.98970342,11830998.56056939
17271631.7381832,46057684.63515521,8635815.8690916
70096055.65255913,186922815.073491,35048027.826279566
30877110.418877292,82338961.11700611,15438555.209438646
8206455.967014564,21883882.578705505,4103227.983507282
-4972049.554441473,-13258798.81184393,-2486024.7772207367
-16575418.732185107,-44201116.61916029,-8287709.366092553
61590791.11294485,164242109.6345196,30795395.556472424
31302565.321752798,83473507.52467413,15651282.660876399
8346990.873663965,22258642.329770572,4173495.4368319823
25641512.222259175,68377365.92602447,12820756.111129588
19281339.484015685,51416905.29070849,9640669.742007842
36680460.71765957,97814561.91375886,18340230.358829785
56543031.13445697,150781416.35855192,28271515.567228485
10098994.101544997,26930650.937453326,5049497.050772498
11560589.894650279,30828239.719067406,5780294.947325139
17023469.984574873,45395919.95886633,8511734.992287437
18764056.77127135,50037484.72339027,9382028.385635676
16849872.43093515,44932993.14916039,8424936.215467574
-5691862.893850273,-15178301.050267395,-2845931.4469251367
43872337.383296795,116992899.68879145,21936168.691648398
54444199.629177496,145184532.34447333,27222099.814588748
-1260842.5199784862,-3362246.71994263,-630421.2599892431
25091137.955976676,66909701.2159378,12545568.977988338
53954585.37862871,143878894.3430099,26977292.689314354
9181048.020598916,24482794.721597113,4590524.010299458
28337808.416622948,75567489.11099452,14168904.208311474
-11738450.110499194,-31302533.627997853,-5869225.055249597
39128506.04990822,104342682.79975525,19564253.02495411
41627722.856558725,111007260.95082328,20813861.428279363
-29981176.811457783,-79949804.83055408,-14990588.405728891
82700255.42540424,220534014.46774462,41350127.71270212
-9441950.47173577,-25178534.591295388,-4720975.235867885
75075221.65415041,200200591.0777344,37537610.827075206
-21998427.737860397,-58662473.96762773,-10999213.868930198
61943735.14579089,165183293.72210905,30971867.572895445
42061043.15994136,112162781.75984362,21030521.57997068
37158438.653112,99089169.741632,18579219.326556
10281591.457579304,27417577.220211476,5140795.728789652
24091489.81367533,64243972.83646754,12045744.906837665
18309151.338020965,48824403.568055905,9154575.669010483
45109141.669894405,120291044.45305175,22554570.834947202
37141294.46782729,99043451.91420612,18570647.233913645
2334396.692641817,6225057.847044846,1167198.3463209085
-24303971.670916963,-64810591.12244524,-12151985.835458482
58083497.459609576,154889326.55895886,29041748.729804788
64646101.31787716,172389603.5143391,32323050.65893858
-6810385.953231657,-18161029.20861775,-3405192.9766158285
42946982.71987014,114525287.25298706,21473491.35993507
53670834.39118145,143122225.04315054,26835417.195590723
11823423.216194632,31529128.576519016,5911711.608097316
6562473.245109011,17499928.65362403,3281236.6225545057
45619876.047852226,121653002.7942726,22809938.023926113
36565011.45075375,97506697.20200999,18282505.725376874
-33678556.842868924,-89809484.91431715,-16839278.421434462
35415367.137545325,94440979.03345421,17707683.568772662
21398503.4708892,57062675.9223712,10699251.7354446
78524300.60654078,209398134.9507754,39262150.30327039
66606509.47658448,177617358.60422528,33303254.73829224
21155832.580927186,56415553.549139164,10577916.290463593
42575028.565978035,113533409.50927475,21287514.282989018
8747914.63369896,23327772.356530562,4373957.31684948
12376443.47307025,33003849.26152067,6188221.736535125
367993.5982701832,981316.2620538218,183996.7991350916
49493319.24739828,131982184.65972875,24746659.62369914
14762636.738579856,39367031.30287962,7381318.369289928
42264397.47407492,112705059.93086646,21132198.73703746
3436365.0474418527,9163640.126511607,1718182.5237209264
-7350115.602622477,-19600308.273659937,-3675057.8013112387
7646089.605569869,20389572.28151965,3823044.8027849346
40546824.37563198,108124865.00168528,20273412.18781599
47938947.530860566,127837193.41562818,23969473.765430283
-13051357.234612925,-34803619.29230113,-6525678.6173064625
64568286.66733465,172182097.77955908,32284143.333667327
38838118.47523572,103568315.93396191,19419059.23761786
27663776.02669919,73770069.40453117,13831888.013349595
18918144.36966821,50448384.9857819,9459072.184834106
18472701.512507115,49260537.366685644,9236350.756253557
2353296.3701083446,6275456.986955585,1176648.1850541723
42577583.63199024,113540223.01864064,21288791.81599512
19525242.306574527,52067312.81753208,9762621.153287264
85555536.63705952,228148097.6988254,42777768.31852976
67713561.59696858,180569497.59191617,33856780.79848429
49941408.23933133,133177088.63821687,24970704.119665664
44043372.17886118,117448992.47696315,22021686.08943059
54334615.196194336,144892307.18985155,27167307.598097168
88079475.76373668,234878602.03663114,44039737.88186834
20288070.283424973,54101520.75579993,10144035.141712487
-6801508.301652013,-18137355.471072037,-3400754.1508260067
33854423.48326242,90278462.62203313,16927211.74163121
-6075043.641287935,-16200116.376767825,-3037521.8206439675
-3853980.564235958,-10277281.50462922,-1926990.282117979
-46031515.09704041,-122750706.92544107,-23015757.548520204
53674109.448412225,143130958.5290993,26837054.724206112
24503728.820304815,65343276.85414617,12251864.410152407
1001763.2872651644,2671368.7660404383,500881.6436325822
-4727458.90381039,-12606557.076827707,-2363729.451905195
4526554.822793166,12070812.860781776,2263277.411396583
53245004.73302274,141986679.28806064,26622502.36651137
-10007480.92500356,-26686615.800009493,-5003740.46250178
20754535.572744764,55345428.193986036,10377267.786372382
30114466.548894342,80305244.1303849,15057233.274447171
24472618.325454745,65260315.53454599,12236309.162727373
55052115.94614955,146805642.52306548,27526057.973074775
42960444.665850066,114561185.77560017,21480222.332925033
54717457.16255918,145913219.10015783,27358728.58127959
-37519760.604607135,-100052694.94561903,-18759880.302303568
-24881259.89900463,-66350026.397345684,-12440629.949502315
87522284.99641351,233392759.99043605,43761142.49820676
31508720.453650873,84023254.54306899,15754360.226825437
69961187.3527173,186563166.27391282,34980593.67635865
85170125.13978153,227120333.7060841,42585062.56989077
-31543309.183279615,-84115491.1554123,-15771654.591639807
68593878.84037063,182917010.2409883,34296939.42018531
24781503.683265507,66084009.822041355,12390751.841632754
37379134.5537987,99677692.14346321,18689567.27689935
-20341461.264696088,-54243896.705856234,-10170730.632348044
7277075.272795048,19405534.060786795,3638537.636397524
39500129.2421028,105333677.9789408,19750064.6210514
33498683.939662743,89329823.83910066,16749341.969831372
48293937.4447157,128783833.18590854,24146968.72235785
10338352.043029059,27568938.781410825,5169176.021514529
37401156.030990385,99736416.08264104,18700578.015495192
39901624.09259784,106404330.91359425,19950812.04629892
45825870.176717,122202320.47124533,22912935.0883585
27971648.82251815,74591063.52671507,13985824.411259076
41242510.0444414,109980026.78517707,20621255.0222207
35432156.655989245,94485751.08263798,17716078.327994622
28097731.199902937,74927283.19974117,14048865.599951468
36405544.50377408,97081452.0100642,18202772.25188704
36783070.537166245,98088188.09910999,18391535.268583123
63860663.42739353,170295102.47304943,31930331.713696767
73460428.88695325,195894477.03187534,36730214.443476625
35744017.89935424,95317381.06494465,17872008.94967712
336905.7305460957,898415.2814562551,168452.86527304785
27078627.685741194,72209673.82864319,13539313.842870597
70551746.09475945,188137989.5860252,35275873.047379725
37916006.60236812,101109350.9396483,18958003.30118406
25193415.927648634,67182442.47372968,12596707.963824317
40908522.40123225,109089393.06995267,20454261.200616125
60050979.05157953,160135944.1375454,30025489.525789764
37657758.518043905,100420689.38145041,18828879.259021953
16542735.734107366,44113961.95761964,8271367.867053683
1510002.2723215437,4026672.726190783,755001.1361607718
24129996.142570075,64346656.38018686,12064998.071285037
2263757.2847174923,6036686.092579979,1131878.6423587461
62023698.69013455,165396529.8403588,31011849.345067274
39392224.2980847,105045931.4615592,19696112.14904235
1248996.8895023796,3330658.3720063455,624498.4447511898
59050664.61328559,157468438.9687616,29525332.306642797
60412412.37277747,161099766.3274066,30206206.186388735
63247140.7837692,168659042.0900512,31623570.3918846
2776040.16084398,7402773.762250614,1388020.08042199
53677283.220958866,143139421.92255697,26838641.610479433
12959889.170880673,34559704.45568179,6479944.585440337
27034364.999944303,72091639.99985148,13517182.499972152
-13594268.88560178,-36251383.69493808,-6797134.44280089
27615918.254763488,73642448.6793693,13807959.127381744
2603963.876106322,6943903.669616858,1301981.938053161
19143739.09423275,51049970.917954005,9571869.547116375
32963161.596361272,87901764.25696339,16481580.798180636
53198256.6981747,141862017.86179918,26599128.34908735
80747002.0059891,215325338.6826376,40373501.00299455
-949011.9564811564,-2530698.550616417,-474505.9782405782
56884409.721706405,151691759.25788373,28442204.860853203
51277082.38940236,136738886.37173963,25638541.19470118
102132289.4696109,272352771.9189624,51066144.73480545
85165998.06869933,227109328.1831982,42582999.034349665
56968473.419146486,151915929.11772397,28484236.709573243
48391046.06695736,129042789.5118863,24195523.03347868
23845402.464495696,63587739.90532186,11922701.232247848
-2482237.551944413,-6619300.138518436,-1241118.7759722066
18288574.809406195,48769532.82508318,9144287.404703097
43667337.06951909,116446232.18538423,21833668.534759544
16609504.310754877,44292011.49534634,8304752.155377438
93554272.00763318,249478058.68702182,46777136.00381659
24409404.329289947,65091744.87810653,12204702.164644973
33090468.209428698,88241248.55847652,16545234.104714349
14848477.189060941,39595939.17082918,7424238.594530471
-7747544.224231689,-20660117.931284506,-3873772.1121158446
5917941.680639793,15781177.815039448,2958970.8403198966
14498146.553140596,38661724.141708255,7249073.276570298
79081614.48615877,210884305.2964234,39540807.24307939
19583665.86277688,52223108.96740501,9791832.93138844
4133053.8530640225,11021476.941504061,2066526.9265320112
-68454248.1083597,-182544661.6222925,-34227124.05417985
34507447.713673644,92019860.56979638,17253723.856836822
-28624690.623581696,-76332508.32955119,-14312345.311790848
28891888.793060984,77045036.78149596,14445944.396530492
55238316.34550928,147302176.9213581,27619158.17275464
10903332.09420119,29075552.251203176,5451666.047100595
26697536.86703433,71193431.64542489,13348768.433517165
3038764.613433299,8103372.302488798,1519382.3067166496
11123152.485295946,29661739.960789192,5561576.242647973
45404240.36384536,121077974.30358765,22702120.18192268
29221276.884902734,77923405.02640729,14610638.442451367
59893434.85818101,159715826.2884827,29946717.429090504
25394250.810126238,67718002.16033663,12697125.405063119
16999113.3732582,45330968.995355204,8499556.6866291
21079390.517372876,56211708.046327665,10539695.258686438
57419312.03355448,153118165.42281193,28709656.01677724
82688547.24146688,220502792.6439117,41344273.62073344
-857108.3698454787,-2285622.319587943,-428554.18492273934
81064244.54843964,216171318.79583904,40532122.27421982
59146491.73698447,157723977.96529192,29573245.868492234
33976141.83842006,90603044.9024535,16988070.91921003
-10028490.399363637,-26742641.064969696,-5014245.1996818185
25860704.090942055,68961877.57584548,12930352.045471027
-5540656.698899532,-14775084.530398753,-2770328.349449766
51515007.85770774,137373354.28722063,25757503.92885387
60052776.75340278,160140738.00907406,30026388.37670139
45410180.99461266,121093815.98563376,22705090.49730633
48844489.552713424,130251972.14056914,24422244.776356712
27991081.83902527,74642884.90406738,13995540.919512635
64719250.5627198,172584668.1672528,32359625.2813599
26783574.844407324,71422866.25175285,13391787.422203662
44315201.50554526,118173870.68145402,22157600.75277263
-35060.201563686525,-93493.8708364974,-17530.100781843263
46194577.44413944,123185539.8510385,23097288.72206972
26586371.959247604,70896991.89132695,13293185.979623802
85151220.8087794,227069922.15674508,42575610.4043897
39039547.96688977,104105461.24503939,19519773.983444884
78372855.78823975,208994282.10197267,39186427.89411987
6002431.425127791,16006483.800340775,3001215.7125638956
57249838.90393206,152666237.07715213,28624919.45196603
17034916.957050063,45426445.21880017,8517458.478525031
11716484.406173797,31243958.416463457,5858242.203086899
16114268.376866689,42971382.33831117,8057134.1884333445
36624989.348289765,97666638.26210605,18312494.674144883
39156350.961091615,104416935.8962443,19578175.480545808
51906487.5533011,138417300.14213628,25953243.77665055
612999.5004468911,1634665.334525043,306499.75022344553
48106335.24189632,128283560.64505684,24053167.62094816
8517238.785706824,22712636.761884864,4258619.392853412
80624286.97012018,214998098.58698714,40312143.48506009
40381219.52856117,107683252.07616311,20190609.764280584
30947315.373331968,82526174.32888524,15473657.686665984
59304133.34830508,158144355.5954802,29652066.67415254
88571620.07185617,236190986.85828313,44285810.035928085
66359737.2531791,176959299.34181094,33179868.62658955
33052499.507267732,88139998.68604729,16526249.753633866
38044903.72721601,101453076.60590936,19022451.863608006
61267552.60347964,163380140.2759457,30633776.30173982
11523157.228950618,30728419.277201645,5761578.614475309
52437852.097857006,139834272.26095203,26218926.048928503
-23003400.45792167,-61342401.221124455,-11501700.228960834
79935399.59260756,213161065.58028683,39967699.79630378
-6195649.1439866815,-16521731.05063115,-3097824.5719933407
-8426791.098564489,-22471442.929505304,-4213395.549282244
105539376.84218274,281438338.24582064,52769688.42109137
55212068.17979781,147232181.81279415,27606034.089898907
48508498.28573264,129355995.42862037,24254249.14286632
75869964.68742028,202319905.83312073,37934982.34371014
1821293.785718975,4856783.428583933,910646.8928594874
48524099.3501289,129397598.26701038,24262049.67506445
15230143.801898293,40613716.805062115,7615071.900949147
12392695.271710783,33047187.391228754,6196347.635855392
-3377821.5836247364,-9007524.222999297,-1688910.7918123682
57437178.287520654,153165808.76672176,28718589.143760327
-36415373.72894433,-97107663.27718487,-18207686.864472166
29058717.769646544,77489914.05239078,14529358.884823272
-10578595.636564862,-28209588.364172965,-5289297.818282431
-807289.1659158969,-2152771.1091090585,-403644.58295794844
20657440.809788704,55086508.82610321,10328720.404894352
-8100101.884949705,-21600271.693199214,-4050050.9424748523
11785006.284727648,31426683.425940394,5892503.142363824
57324796.18346785,152866123.15591425,28662398.091733925
50101040.87139294,133602775.65704785,25050520.43569647
40675451.192474134,108467869.84659769,20337725.596237067
27973871.377797183,74596990.34079249,13986935.688898591
12776545.315256078,34070787.50734954,6388272.657628039
12516692.803805334,33377847.476814225,6258346.401902667
-6960748.186591152,-18561995.164243072,-3480374.093295576
53226444.8811909,141937186.3498424,26613222.44059545
36556869.49506276,97484985.32016736,18278434.74753138
18960347.457566116,50560926.553509645,9480173.728783058
16260866.324020574,43362310.1973882,8130433.162010287
52176031.99923311,139136085.3312883,26088015.999616556
37651032.15284984,100402752.40759957,18825516.07642492
24985642.708316863,66628380.55551164,12492821.354158431
72434356.77610779,193158284.73628742,36217178.388053894
61349700.44889017,163599201.19704047,30674850.224445086
33548748.750366718,89463330.00097792,16774374.375183359
41891190.44915394,111709841.19774383,20945595.22457697
19210176.10424932,51227136.27799819,9605088.05212466
98279306.79979733,262078151.4661262,49139653.39989866
53026871.84304871,141404991.58146322,26513435.921524353
15342990.245618306,40914640.65498215,7671495.122809153
33854755.81111029,90279348.82962742,16927377.905555144
-291704.7316278995,-777879.2843410653,-145852.36581394976
67740692.83458406,180641847.55889082,33870346.41729203
23227500.175147202,61940000.46705921,11613750.087573601
43121132.6651942,114989687.10718453,21560566.3325971
32932145.647770055,87819055.06072015,16466072.823885027
1103069.492107342,2941518.6456195787,551534.746053671
-24514021.69042386,-65370724.507796966,-12257010.84521193
52653354.97192092,140408946.59178913,26326677.48596046
33591815.12550667,89578173.66801777,16795907.562753335
-4545262.453329859,-12120699.875546293,-2272631.2266649297
39768632.162375584,106049685.76633489,19884316.081187792
31523597.77071744,84062927.38857983,15761798.88535872
40560788.12098922,108162101.65597124,20280394.06049461
16369575.11582686,43652200.30887163,8184787.55791343
21959341.545842916,58558244.12224777,10979670.772921458
25029537.732863277,66745433.95430207,12514768.866431639
2634366.0488803266,7024976.130347538,1317183.0244401633
27952652.766961046,74540407.3785628,13976326.383480523
-7480672.001302467,-19948458.670139913,-3740336.0006512334
-894313.5113710421,-2384836.030322779,-447156.75568552106
-19923566.79121976,-53129511.4432527,-9961783.39560988
-14639795.535631787,-39039454.76168477,-7319897.7678158935
22171764.53439444,59124705.42505184,11085882.26719722
52178565.46536065,139142841.24096173,26089282.732680324
-40369781.95660396,-107652751.88427722,-20184890.97830198
-3947255.8634567377,-10526015.635884633,-1973627.9317283689
95687591.02564359,255166909.40171623,47843795.51282179
54917878.89243867,146447677.04650313,27458939.446219336
37145151.76252459,99053738.0333989,18572575.881262295
-236247.96917889602,-629994.584477056,-118123.98458944801
16002701.468814576,42673870.58350553,8001350.734407288
37414606.09257355,99772282.91352947,18707303.046286777
-2244437.1685199803,-5985165.782719947,-1122218.5842599901
21286945.64858523,56765188.396227285,10643472.824292615
21228718.85653685,56609916.95076494,10614359.428268425
9429197.893125111,25144527.715000298,4714598.946562556
11765801.311208474,31375470.163222596,5882900.655604237
9625937.474501617,25669166.598670978,4812968.737250809
16037437.570241103,42766500.18730961,8018718.7851205515
26670421.78588272,71121124.76235391,13335210.89294136
17122757.609448805,45660686.95853015,8561378.804724403
-2714384.5789849767,-7238358.877293272,-1357192.2894924884
28187495.243125636,75166653.98166837,14093747.621562818
1953422.2617564574,5209126.031350553,976711.1308782287
-11082745.467917703,-29553987.91444721,-5541372.733958852
41018600.53652782,109382934.76407419,20509300.26826391
-29174940.6557335,-77799841.74862267,-14587470.32786675
34108175.12705081,90955133.67213549,17054087.563525405
8206344.640303232,21883585.707475282,4103172.320151616
6019984.0542023955,16053290.81120639,3009992.0271011977
22630473.54584653,60347929.45559074,11315236.772923265
17025833.585490733,45402222.89464195,8512916.792745367
78066770.10071094,208178053.60189584,39033385.05035547
23964891.32129408,63906376.85678422,11982445.66064704
13118779.596875096,34983412.25833359,6559389.798437548
13809649.426165748,36825731.80310866,6904824.713082874
13580785.608592737,36215428.28958063,6790392.804296369
-19038103.935284372,-50768277.160758324,-9519051.967642186
10315001.140455326,27506669.70788087,5157500.570227663
44161894.120740056,117765050.98864014,22080947.060370028
18930596.783567686,50481591.42284716,9465298.391783843
11552478.424559226,30806609.132157937,5776239.212279613
-465747.3505104592,-1241992.934694558,-232873.6752552296
-6621844.956471245,-17658253.217256654,-3310922.4782356224
29763896.07609602,79370389.53625606,14881948.03804801
80762852.71233152,215367607.23288405,40381426.35616576
776267.5286065432,2070046.742950782,388133.7643032716
36939705.63352155,98505881.6893908,18469852.816760775
44406614.473530434,118417638.59608117,22203307.236765217
-10350154.822704557,-27600412.860545486,-5175077.411352279
-15926175.51894573,-42469801.383855276,-7963087.759472865
27765455.217904516,74041213.91441204,13882727.608952258
45304849.096122555,120812930.92299348,22652424.548061278
37695486.53939901,100521297.43839738,18847743.269699506
55170688.34461527,147121835.58564073,27585344.172307637
62891620.28561207,167710987.42829883,31445810.142806035
43254681.80225604,115345818.13934943,21627340.90112802
69624001.69038714,185664004.50769907,34812000.84519357
37156196.9797704,99083191.9460544,18578098.4898852
69993459.11944681,186649224.31852484,34996729.55972341
31623417.883755278,84329114.35668075,15811708.941877639
26531842.851547115,70751580.93745896,13265921.425773557
65339056.316588804,174237483.51090348,32669528.158294402
39559960.96847831,105493229.24927549,19779980.484239154
21458341.131619,57222243.017650664,10729170.5658095
36368819.26257695,96983518.03353854,18184409.631288476
20998439.098952677,55995837.597207144,10499219.549476339
49075239.692631066,130867305.84701619,24537619.846315533
19075734.25308293,50868624.67488782,9537867.126541466
41872104.639341235,111658945.70490995,20936052.319670618
58241043.46943096,155309449.2518159,29120521.73471548
105206808.22633599,280551488.60356265,52603404.11316799
-1975674.8144083263,-5268466.171755537,-987837.4072041631
49065978.186249696,130842608.49666585,24532989.093124848
31603803.550025176,84276809.4667338,15801901.775012588
58517440.85212282,156046508.9389942,29258720.42606141
58860802.066670306,156962138.84445417,29430401.033335153
11657913.700998195,31087769.869328517,5828956.850499097
29935183.82297963,79827156.86127901,14967591.911489815
-1657610.3217338072,-4420294.191290153,-828805.1608669036
78773223.03211021,210061928.08562726,39386611.51605511
-14958343.707220543,-39888916.55258811,-7479171.853610272
49267933.910701886,131381157.09520504,24633966.955350943
50416598.95692344,134444263.88512918,25208299.47846172
39312681.00135431,104833816.00361148,19656340.500677153
-6985311.577731579,-18627497.540617544,-3492655.7888657893
14990439.590772135,39974505.57539236,7495219.795386068
54524397.32897578,145398392.87726873,27262198.66448789
39115362.15787618,104307632.42100313,19557681.07893809
-1580449.645957839,-4214532.389220905,-790224.8229789195
56183881.36673306,149823683.6446215,28091940.68336653
47143613.325737745,125716302.20196733,23571806.662868872
50554887.12123574,134813032.32329533,25277443.56061787
43208438.07577431,115222501.53539817,21604219.037887156
-5475911.424878707,-14602430.466343218,-2737955.7124393536
-22378454.923737973,-59675879.79663459,-11189227.461868986
33355519.290781945,88948051.44208519,16677759.645390972
5964694.031519549,15905850.750718797,2982347.0157597745
46691041.536683105,124509444.09782161,23345520.768341552
4742646.014156735,12647056.037751293,2371323.0070783673
19271031.383613624,51389417.02296966,9635515.691806812
50060020.47044502,133493387.92118673,25030010.23522251
10230448.035274008,27281194.760730688,5115224.017637004
29689102.06719848,79170938.84586261,14844551.03359924
-1189120.1541468652,-3170987.0777249737,-594560.0770734326
76968249.6000417,205248665.60011122,38484124.80002085
15038100.56766965,40101601.513785735,7519050.283834825
-18779913.619548395,-50079769.65212906,-9389956.809774198
2799814.834870283,7466172.892987422,1399907.4174351415
-49858647.29805795,-132956392.7948212,-24929323.649028976
58554030.774512924,156144082.06536782,29277015.387256462
14692018.891999654,39178717.04533241,7346009.445999827
8104045.910148358,21610789.093728956,4052022.955074179
40060079.114878014,106826877.63967471,20030039.557439007
44052658.40985886,117473755.75962362,22026329.20492943
50583641.05952569,134889709.4920685,25291820.529762845
69604594.35394512,185612251.6105203,34802297.17697256
34838935.745488375,92903828.65463567,17419467.872744188
75842975.92277461,202247935.79406562,37921487.96138731
39692069.37325793,105845518.3286878,19846034.686628964
20137565.196607195,53700173.85761918,10068782.598303597
42012344.52920247,112032918.74453992,21006172.264601234
-8374536.090217031,-22332096.24057875,-4187268.0451085153
50774242.13001112,135397979.013363,25387121.06500556
80707985.38793272,215221294.3678206,40353992.69396636
-2539369.0762569197,-6771650.870018453,-1269684.5381284598
59132258.573597014,157686022.86292538,29566129.286798507
31973529.297013074,85262744.79203486,15986764.648506537
-517976.02780723205,-1381269.4074859521,-258988.01390361603
49577846.65989884,132207591.09306356,24788923.32994942
29111880.10564903,77631680.28173076,14555940.052824516
71211038.7368827,189896103.29835388,35605519.36844135
4258383.477471411,11355689.273257097,2129191.7387357056
5561658.653404935,14831089.742413161,2780829.3267024676
70847246.315177,188925990.17380533,35423623.1575885
10601837.009730073,28271565.35928019,5300918.504865036
28506578.22112354,76017541.9229961,14253289.11056177
-24215651.950432643,-64575071.867820375,-12107825.975216322
4803785.976978067,12810095.938608179,2401892.9884890337
22588326.8206333,60235538.18835546,11294163.41031665
44361885.80681485,118298362.15150626,22180942.903407425
22084360.021765813,58891626.72470883,11042180.010882907
44893507.99196259,119716021.31190024,22446753.995981295
23346877.42263415,62258339.79369106,11673438.711317075
612651.2925663366,1633736.7801768975,306325.6462831683
-41196318.31629054,-109856848.84344144,-20598159.15814527
10688349.25755837,28502264.68682232,5344174.628779185
13940929.025037158,37175810.73343243,6970464.512518579
37694182.08069388,100517818.88185035,18847091.04034694
14625835.30769787,39002227.48719432,7312917.653848935
18979223.190388445,50611261.84103585,9489611.595194222
39329559.2871715,104878824.76579067,19664779.64358575
36292235.05537949,96779293.48101196,18146117.527689744
67957438.64793137,181219836.39448366,33978719.32396568
54004116.10364523,144010976.27638727,27002058.051822614
46914533.89383248,125105423.71688662,23457266.94691624
-3270485.909591328,-8721295.758910209,-1635242.954795664
7070736.292040038,18855296.778773434,3535368.146020019
7607063.857783874,20285503.620756995,3803531.928891937
17744496.561062858,47318657.496167615,8872248.280531429
51970403.51036333,138587742.69430223,25985201.755181666
52709502.45197176,140558673.20525804,26354751.22598588
19048501.230782766,50796003.28208738,9524250.615391383
20588315.416428003,54902174.443808004,10294157.708214002
65245267.11199922,173987378.96533126,32622633.55599961
61296058.63076774,163456156.34871396,30648029.31538387
30495909.52575711,81322425.40201896,15247954.762878556
34100274.462007865,90934065.23202096,17050137.231003933
-582164.3666716891,-1552438.3111245043,-291082.18333584454
9577122.005199252,25538992.01386467,4788561.002599626
36224146.53329833,96597724.08879554,18112073.266649164
11199729.78178922,29865946.084771257,5599864.89089461
22060309.684580557,58827492.492214814,11030154.842290279
57551112.13157737,153469632.350873,28775556.065788686
9518566.339582035,25382843.57221876,4759283.169791018
-780384.8779921824,-2081026.3413124862,-390192.4389960912
51678576.182055116,137809536.4854803,25839288.091027558
6300084.169947867,16800224.453194313,3150042.0849739336
14575847.502501056,38868926.67333615,7287923.751250528
1193409.3607850375,3182424.962093433,596704.6803925188
20398126.150906235,54395003.06908329,10199063.075453117
45363513.86453473,120969370.30542594,22681756.932267364
-18484936.787255198,-49293164.76601386,-9242468.393627599
36926073.25025242,98469528.66733977,18463036.62512621
-15615752.423349138,-41642006.46226437,-7807876.211674569
33305078.027964614,88813541.40790564,16652539.013982307
36961379.206010066,98563677.88269351,18480689.603005033
75442545.42927048,201180121.14472127,37721272.71463524
50621959.62939945,134991892.34506518,25310979.814699724
69650176.35256559,185733803.60684156,34825088.17628279
44272010.45933357,118058694.55822285,22136005.229666784
26965907.116865132,71909085.64497368,13482953.558432566
53417124.30084124,142445664.80224332,26708562.15042062
19992697.11546159,53313858.97456425,9996348.557730796
22351064.33438559,59602838.22502823,11175532.167192794
3094716.4484633207,8252577.195902188,1547358.2242316604
23281872.65138402,62084993.737024054,11640936.32569201
8244620.433326408,21985654.48887042,4122310.216663204
16483709.114799725,43956557.639465936,8241854.557399862
22753864.279148296,60676971.41106212,11376932.139574148
-1955071.20920025,-5213523.224534,-977535.604600125
47350018.021201305,126266714.72320348,23675009.010600653
54506037.80299052,145349434.14130804,27253018.90149526
45597217.05169194,121592578.80451185,22798608.52584597
5107532.737690042,13620087.300506778,2553766.368845021
15558934.436210215,41490491.8298939,7779467.218105108
4944526.58401619,13185404.224043174,2472263.292008095
26877094.955916673,71672253.2157778,13438547.477958336
13095849.250880085,34922264.66901356,6547924.6254400425
87151302.35590471,232403472.94907925,43575651.17795236
20610205.117182627,54960546.97915367,10305102.558591314
2553283.3188150055,6808755.516840015,1276641.6594075027
-2651276.1238855794,-7070069.663694878,-1325638.0619427897
22149425.681502078,59065135.15067221,11074712.840751039
45587022.603256755,121565393.60868467,22793511.301628377
32257118.002247993,86018981.33932798,16128559.001123996
11167646.268805642,29780390.050148375,5583823.134402821
-7356267.588366844,-19616713.56897825,-3678133.794183422
5941808.515250152,15844822.707333738,2970904.257625076
95300911.51936577,254135764.05164203,47650455.75968289
30822624.802437652,82193666.13983375,15411312.401218826
-4384909.35652012,-11693091.617386986,-2192454.67826006
74645551.47783995,199054803.94090652,37322775.73891997
-35609810.53649273,-94959494.76398061,-17804905.268246364
51913347.915202826,138435594.44054088,25956673.957601413
30363701.900668018,80969871.73511472,15181850.950334009
48186742.4022583,128497979.73935546,24093371.20112915
39047601.13758003,104126936.36688009,19523800.568790015
32719078.830727838,87250876.8819409,16359539.415363919
65409645.05377991,174425720.1434131,32704822.526889954
1523797.1470444007,4063459.0587850683,761898.5735222003
80382225.66979983,214352601.7861329,40191112.83489992
63568014.57965856,169514705.54575616,31784007.28982928
88849027.04188651,236930738.77836403,44424513.520943254
4859054.207256737,12957477.886017965,2429527.1036283686
17258062.41291424,46021499.7677713,8629031.20645712
40292933.83649828,107447823.56399542,20146466.91824914
11388178.31972999,30368475.519279968,5694089.159864995
-2707965.620230815,-7221241.65394884,-1353982.8101154075
64077818.956359655,170874183.88362575,32038909.478179827
18154732.941723682,48412621.17792982,9077366.470861841
12344267.917503407,32918047.780009087,6172133.958751704
24084274.300318982,64224731.46751728,12042137.150159491
32809754.368111886,87492678.31496504,16404877.184055943
-10683182.916853614,-28488487.778276306,-5341591.458426807
10464368.976940067,27904983.938506845,5232184.488470034
23865536.831733212,63641431.55128856,11932768.415866606
34425449.105506174,91801197.61468314,17212724.552753087
47502419.66410588,126673119.10428233,23751209.83205294
11191281.819901833,29843418.18640489,5595640.909950917
8800639.971943323,23468373.25851553,4400319.985971661
25531177.131239917,68083139.01663978,12765588.565619959
61323354.194786064,163528944.5194295,30661677.097393032
42373728.22037595,112996608.5876692,21186864.110187974
51458916.53869768,137223777.43652716,25729458.26934884
35696973.16140324,95191928.43040864,17848486.58070162
8629967.568203067,23013246.848541513,4314983.784101534
43235345.351569176,115294254.27085114,21617672.675784588
49321298.14081041,131523461.70882776,24660649.070405204
5449144.938037781,14531053.16810075,2724572.4690188905
14704554.80334269,39212146.14224717,7352277.401671345
30319844.207072478,80852917.88552661,15159922.103536239
24872750.165576313,66327333.774870165,12436375.082788156
20072605.005220775,53526946.68058873,10036302.502610387
8668890.356791418,23117040.95144378,4334445.178395709
19632685.2783483,52353827.4089288,9816342.63917415
61781468.01446764,164750581.37191373,30890734.00723382
27447702.0234395,73193872.06250533,13723851.01171975
92857032.09887537,247618752.26366764,46428516.04943769
13991305.568171086,37310148.18178956,6995652.784085543
360449.2878547722,961198.1009460591,180224.6439273861
43871164.058410496,116989770.82242799,21935582.029205248
49934948.63466862,133159863.02578297,24967474.31733431
-5724050.690192206,-15264135.173845883,-2862025.345096103
56016363.9209377,149376970.45583388,28008181.96046885
45003431.61802458,120009150.98139888,22501715.80901229
47478090.88517617,126608242.36046977,23739045.442588083
53671892.558381744,143125046.8223513,26835946.279190872
-24296287.810575552,-64790100.828201465,-12148143.905287776
33130090.729461502,88346908.61189733,16565045.364730751
17903312.605279185,47742166.94741116,8951656.302639592
-21430885.26582064,-57149027.37552171,-10715442.63291032
51824047.20181172,138197459.20483127,25912023.60090586
17299546.63189659,46132124.35172424,8649773.315948294
-14714009.037162622,-39237357.432433665,-7357004.518581311
-17764940.889518686,-47373175.70538317,-8882470.444759343
20442955.22902374,54514547.27739664,10221477.61451187
18716783.556565963,49911422.817509234,9358391.778282981
26511853.92726933,70698277.13938488,13255926.963634664
-28805566.274523273,-76814843.39872873,-14402783.137261637
63359163.8473706,168957770.25965494,31679581.9236853
24370569.916552607,64988186.444140285,12185284.958276303
-4090188.3483489747,-10907168.9289306,-2045094.1741744874
40726601.93374865,108604271.82332972,20363300.966874324
3358224.039151314,8955264.104403505,1679112.019575657
34687667.92138111,92500447.79034962,17343833.960690554
83894933.03681856,223719821.4315162,41947466.51840928
71135702.84357482,189695207.58286616,35567851.42178741
14349119.248650916,38264317.99640244,7174559.624325458
-903818.1997269787,-2410181.86593861,-451909.09986348933
28586113.468747403,76229635.91665974,14293056.734373702
96804431.51660427,258145150.7109447,48402215.75830214
42372773.062423185,112994061.49979517,21186386.531211592
-3507269.9631219837,-9352719.901658624,-1753634.9815609918
-1683089.6250087116,-4488239.000023231,-841544.8125043558
17468000.16506135,46581333.77349693,8734000.082530675
2465030.999425563,6573415.998468168,1232515.4997127815
61407739.3012523,163753971.4700061,30703869.65062615
52206590.10440142,139217573.61173713,26103295.05220071
-205859.44260470694,-548958.5136125518,-102929.72130235347
-4011770.2164389924,-10698053.91050398,-2005885.1082194962
31758562.006344557,84689498.68358548,15879281.003172278
21460015.728620365,57226708.60965431,10730007.864310183
42369868.96056733,112986317.22817956,21184934.480283666
-15656506.543221349,-41750684.11525693,-7828253.271610674
38324299.59609343,102198132.25624914,19162149.798046716
7716748.105605574,20577994.94828153,3858374.052802787
15282503.750735575,40753343.335294865,7641251.875367788
3963083.3058062783,10568222.148816742,1981541.6529031391
122394.1896507874,326384.5057354331,61197.0948253937
-19030834.121310323,-50748890.99016087,-9515417.060655162
5810637.915261711,15495034.440697897,2905318.9576308555
-18497914.015375115,-49327770.70766697,-9248957.007687557
27656777.293225035,73751406.11526676,13828388.646612518
37433225.06586255,99821933.5089668,18716612.532931276
-23184065.75767825,-61824175.35380867,-11592032.878839126
16478168.183831645,43941781.82355105,8239084.091915823
34496610.322774455,91990960.86073188,17248305.161387227
-9815829.178336643,-26175544.475564383,-4907914.589168321
-966101.3604764332,-2576270.294603822,-483050.6802382166
-29254976.313210193,-78013270.1685605,-14627488.156605097
65431716.03877404,174484576.10339746,32715858.01938702
20403279.435376227,54408745.16100327,10201639.717688113
70467244.6772281,187912652.47260824,35233622.33861405
88900314.46651368,237067505.24403647,44450157.23325684
68247467.85664196,181993247.61771193,34123733.92832098
22985103.025159277,61293608.06709141,11492551.512579639
-12901036.274178041,-34402763.39780811,-6450518.137089021
18368681.059628658,48983149.49234309,9184340.529814329
-12331573.061982982,-32884194.831954617,-6165786.530991491
-30533626.562621783,-81423004.16699141,-15266813.281310892
-10570259.42770412,-28187358.473877653,-5285129.71385206
19108459.751239687,50955892.6699725,9554229.875619844
-818961.3610926544,-2183896.962913745,-409480.6805463272
-12157481.962875316,-32419951.901000842,-6078740.981437658
42836422.11476811,114230458.97271496,21418211.057384055
3738858.468520587,9970289.249388231,1869429.2342602934
50985020.06862165,135960053.5163244,25492510.034310825
-18586109.06332571,-49562957.5022019,-9293054.531662855
14192906.276499063,37847750.07066417,7096453.138249531
10749376.892153004,28665005.045741342,5374688.446076502
-5577668.470011306,-14873782.586696815,-2788834.235005653
42721906.33111577,113925083.54964204,21360953.165557884
-8026627.1022812715,-21404338.93941672,-4013313.5511406357
38953693.03915689,103876514.77108504,19476846.519578446
-17707770.428851593,-47220721.14360425,-8853885.214425797
2134514.702074078,5692039.205530874,1067257.351037039
67438640.36454241,179836374.30544645,33719320.182271205
-3113913.9612924084,-8303770.563446422,-1556956.9806462042
41992484.078935824,111979957.54382886,20996242.039467912
32686962.720236227,87165233.92062993,16343481.360118113
17065201.22467032,45507203.26578752,8532600.61233516
33974256.84777855,90598018.26074281,16987128.423889276
-14861426.864573415,-39630471.63886244,-7430713.432286708
38804935.73923522,103479828.6379606,19402467.86961761
28781453.513161015,76750542.7017627,14390726.756580507
32953201.28872533,87875203.43660088,16476600.644362666
10777564.091692373,28740170.91117966,5388782.045846187
49466003.760098204,131909343.36026187,24733001.880049102
29399395.653825488,78398388.4102013,14699697.826912744
56600343.7623827,150934250.03302056,28300171.88119135
3237255.04038055,8632680.107681468,1618627.520190275
25057741.806256413,66820644.81668377,12528870.903128207
-11751840.405075584,-31338241.080201555,-5875920.202537792
16213384.174033672,43235691.13075646,8106692.087016836
49296087.605555505,131456233.61481468,24648043.802777752
54637974.132512964,145701264.3533679,27318987.066256482
39212427.165018365,104566472.44004898,19606213.582509182
22428495.702202655,59809321.872540414,11214247.851101328
4474727.655387628,11932607.081033675,2237363.827693814
7599242.740716671,20264647.308577787,3799621.3703583353
13482516.804109544,35953378.144292116,6741258.402054772
68433471.20166685,182489256.53777826,34216735.60083342
26780835.213193987,71415560.5685173,13390417.606596993
59381608.38266084,158350955.68709558,29690804.19133042
13396171.249099294,35723123.33093145,6698085.624549647
53742154.18783827,143312411.1675687,26871077.093919136
5778111.043870823,15408296.116988862,2889055.5219354117
54252359.559130035,144672958.82434675,27126179.779565018
26226524.796676517,69937399.45780404,13113262.398338258
-9223150.847972387,-24595068.927926365,-4611575.423986194
28375234.802876707,75667292.80767122,14187617.401438354
26208753.452487163,69890009.20663244,13104376.726243582
11867706.020756388,31647216.05535037,5933853.010378194
41122268.5279923,109659382.74131279,20561134.26399615
82426948.43445298,219805195.82520795,41213474.21722649
24851095.173513528,66269587.129369415,12425547.586756764
5876552.218166349,15670805.915110264,2938276.1090831747
34972366.332950026,93259643.5545334,17486183.166475013
32062150.18355045,85499067.15613453,16031075.091775225
83203350.51388398,221875601.37035728,41601675.25694199
-8050364.904640108,-21467639.745706957,-4025182.452320054
80451420.7335409,214537121.95610905,40225710.36677045
2376872.324206947,6338326.197885191,1188436.1621034734
52074215.30400378,138864574.14401007,26037107.65200189
73394953.87433484,195719876.99822623,36697476.93716742
52079801.04915155,138879469.46440414,26039900.524575774
6044413.78854085,16118436.769442268,3022206.894270425
-2543954.9361058176,-6783879.829615514,-1271977.4680529088
-1655915.902669866,-4415775.740452976,-827957.951334933
22154365.49509345,59078307.98691587,11077182.747546725
16467962.674588976,43914567.13223727,8233981.337294488
20017204.130773183,53379211.01539516,10008602.065386591
88474322.42655173,235931526.47080463,44237161.213275865
10035054.32539978,26760144.86773275,5017527.16269989
25511570.672013823,68030855.12537019,12755785.336006911
17126339.842803165,45670239.58080844,8563169.921401583
20731787.751424268,55284767.33713138,10365893.875712134
34337149.42826798,91565731.8087146,17168574.71413399
13050311.945302833,34800831.85414089,6525155.972651416
30829898.356353845,82213062.28361025,15414949.178176923
22526812.589060813,60071500.237495504,11263406.294530407
17761647.965185497,47364394.573828,8880823.982592748
14616164.502535835,38976438.67342889,7308082.251267917
23613660.195049703,62969760.52013254,11806830.097524852
1511829.0604914445,4031544.1613105186,755914.5302457223
33666952.23640234,89778539.29707292,16833476.11820117
33379843.791493475,89012916.77731593,16689921.895746738
5577275.657327509,14872735.08620669,2788637.8286637543
37748712.06854088,100663232.18277569,18874356.03427044
56345484.89301084,150254626.38136223,28172742.44650542
21983548.56399449,58622796.17065197,10991774.281997245
26227452.663401395,69939873.76907039,13113726.331700698
8946227.675965272,23856607.135907393,4473113.837982636
3602349.254871935,9606264.679658493,1801174.6274359676
-23139904.262694307,-61706411.36718482,-11569952.131347153
31659424.154151708,84425131.0777379,15829712.077075854
47515531.75130169,126708084.67013784,23757765.875650845
9110612.123754364,24294965.663344968,4555306.061877182
-5633602.2531036865,-15022939.341609832,-2816801.1265518432
8970338.950415367,23920903.86777431,4485169.475207684
53490694.76400984,142641852.70402625,26745347.38200492
23624019.591258053,62997385.57668813,11812009.795629026
59286397.75073855,158097060.66863614,29643198.875369277
57290915.63442013,152775775.02512035,28645457.817210063
18784107.4171225,50090953.11232667,9392053.70856125
42780905.00761062,114082413.35362832,21390452.50380531
18709117.81817179,49890980.84845811,9354558.909085896
30178684.732936025,80476492.62116273,15089342.366468012
45569837.846746214,121519567.59132323,22784918.923373107
-3216665.598932755,-8577774.930487348,-1608332.7994663776
43796827.28283531,116791539.42089418,21898413.641417656
27121236.975369222,72323298.6009846,13560618.487684611
57226741.21955728,152604643.25215274,28613370.60977864
12962387.63207076,34566367.01885536,6481193.81603538
-9252950.365046853,-24674534.306791607,-4626475.182523427
38729878.60783152,103279676.28755073,19364939.30391576
37666385.80998883,100443695.49330354,18833192.904994413
35823837.91778166,95530234.44741777,17911918.95889083
71420200.38097075,190453867.68258864,35710100.19048537
6808440.576978287,18155841.538608763,3404220.2884891434
7545842.277075096,20122246.072200257,3772921.138537548
48515908.87445137,129375756.99853699,24257954.437225685
72719207.24207237,193917885.97885966,36359603.62103619
15097783.117349684,40260754.979599155,7548891.558674842
55368100.8151877,147648268.84050053,27684050.40759385
57809512.057489514,154158698.81997204,28904756.028744757
38270525.93513898,102054735.82703727,19135262.96756949
13819492.13210472,36851979.018945925,6909746.06605236
97109901.05129367,258959736.13678312,48554950.525646836
-18064269.183030423,-48171384.48808113,-9032134.591515211
51204685.05769087,136545826.820509,25602342.528845433
26736058.140994146,71296155.04265106,13368029.070497073
50584378.45471059,134891675.87922823,25292189.227355294
79306763.39078878,211484702.37543675,39653381.69539439
37209153.60924369,99224409.62464984,18604576.804621845
15015614.302256549,40041638.1393508,7507807.151128274
1086360.5335262206,2896961.422736588,543180.2667631103
19275647.709365375,51401727.224974334,9637823.854682688
53732129.17977373,143285677.81272995,26866064.589886867
5173380.231844018,13795680.618250716,2586690.115922009
31033386.88848325,82755698.36928867,15516693.444241624
60000264.85821504,160000706.28857344,30000132.42910752
50554935.58759136,134813161.56691027,25277467.79379568
24856009.403871845,66282691.74365825,12428004.701935923
25269925.579986468,67386468.21329725,12634962.789993234
10372657.226695824,27660419.271188863,5186328.613347912
-24502299.810389884,-65339466.161039695,-12251149.905194942
18194511.126802694,48518696.33814052,9097255.563401347
-11412606.36587221,-30433616.97565923,-5706303.182936105
34365514.22320934,91641371.26189156,17182757.11160467
-4801068.868787367,-12802850.316766312,-2400534.4343936834
50406309.1019665,134416824.27191067,25203154.55098325
-9710339.003227461,-25894237.341939896,-4855169.501613731
16967316.106404282,45246176.28374475,8483658.053202141
24186178.12272013,64496474.99392035,12093089.061360065
38759623.02134462,103358994.72358565,19379811.51067231
3595999.811529696,9589332.830745855,1797999.905764848
25471571.95446796,67924191.87858123,12735785.97723398
12380819.357700044,33015518.28720012,6190409.678850022
-10583685.741168136,-28223161.976448365,-5291842.870584068
48412239.0194492,129099304.05186452,24206119.5097246
-14654874.277760861,-39079664.74069563,-7327437.138880431
30940788.769698706,82508770.05252987,15470394.384849353
11711800.638203088,31231468.368541572,5855900.319101544
41798403.79857479,111462410.12953277,20899201.899287395
4329928.84369888,11546476.916530346,2164964.42184944
39447831.70743119,105194217.88648318,19723915.853715595
5165033.481165009,13773422.616440022,2582516.7405825043
17316403.664089113,46177076.437570974,8658201.832044557
15556951.169223106,41485203.11792828,7778475.584611553
-37650750.77307034,-100402002.06152092,-18825375.38653517
2919559.80797374,7785492.821263307,1459779.90398687
1542562.7578476444,4113500.6875937185,771281.3789238222
-5589315.970146828,-14904842.587058209,-2794657.985073414
73317795.76335195,195514122.0356052,36658897.88167597
32096329.749628935,85590212.66567716,16048164.874814468
72174832.26310429,192466219.36827812,36087416.131552145
29681259.36505869,79150024.97348984,14840629.682529345
68293788.03286831,182116768.08764884,34146894.016434155
49983769.759965464,133290052.69324124,24991884.879982732
28279063.061360117,75410834.83029366,14139531.530680059
77522879.75964643,206727679.35905716,38761439.879823215
57977557.049812004,154606818.79949868,28988778.524906002
61949226.87348606,165197938.32929614,30974613.43674303
44495211.659294635,118653897.75811903,22247605.829647318
-11447658.911049016,-30527090.429464042,-5723829.455524508
15830197.858911918,42213860.95709845,7915098.929455959
11992485.222637536,31979960.593700096,5996242.611318768
73083304.71276537,194888812.56737432,36541652.35638268
45183643.49365136,120489715.9830703,22591821.74682568
-3605428.0334370555,-9614474.755832147,-1802714.0167185278
11875916.552502986,31669110.806674626,5937958.276251493
9361755.349178039,24964680.931141436,4680877.674589019
35889542.21985731,95705445.91961949,17944771.109928656
3561255.846192958,9496682.256514555,1780627.923096479
29350462.264281474,78267899.37141725,14675231.132140737
18951843.587809574,50538249.5674922,9475921.793904787
24943058.395350266,66514822.38760071,12471529.197675133
-1316742.3034635584,-3511312.809236156,-658371.1517317792
14309885.90948208,38159695.758618884,7154942.95474104
1009040.4851980511,2690774.627194803,504520.24259902554
65469683.14408223,174585821.7175526,32734841.572041117
7350229.469249517,19600611.917998713,3675114.7346247584
4891341.346462055,13043576.923898814,2445670.6732310276
48889704.34474585,130372544.91932227,24444852.172372926
68325105.84087065,182200282.24232173,34162552.920435324
-27478804.779641338,-73276812.74571022,-13739402.389820669
23069111.00566398,61517629.34843727,11534555.50283199
44777937.1378527,119407832.36760719,22388968.56892635
36374361.0717009,96998296.19120239,18187180.53585045
31617566.519169316,84313510.71778485,15808783.259584658
-12608553.890135545,-33622810.37369479,-6304276.945067773
1910930.5006833735,5095814.668488996,955465.2503416868
16569986.201849416,44186629.871598445,8284993.100924708
66851768.48619056,178271382.62984148,33425884.24309528
31390916.333433755,83709110.22249001,15695458.166716877
9554884.267138582,25479691.379036218,4777442.133569291
-4078483.98574374,-10875957.29531664,-2039241.99287187
58478448.93768679,155942530.50049812,29239224.468843397
-35424480.7750831,-94465282.06688827,-17712240.38754155
57620193.60501945,153653849.6133852,28810096.802509725
-3370841.9139978713,-8988911.77066099,-1685420.9569989357
93765864.11237293,250042304.29966116,46882932.05618647
49204403.290493555,131211742.10798281,24602201.645246778
13363972.318724602,35637259.51659894,6681986.159362301
-24752755.71174174,-66007348.56464464,-12376377.85587087
-4518142.9942506375,-12048381.3180017,-2259071.4971253187
9272783.946739437,24727423.857971832,4636391.9733697185
23542046.305303693,62778790.14747652,11771023.152651846
45973090.7888266,122594908.77020428,22986545.3944133
20949846.25813598,55866256.68836261,10474923.12906799
4477988.865107735,11941303.640287293,2238994.4325538673
18786230.256994575,50096614.01865219,9393115.128497288
15013742.303525895,40036646.14273572,7506871.151762947
74929049.16844219,199810797.7825125,37464524.584221095
-5477610.252249714,-14606960.672665903,-2738805.126124857
27998648.35764645,74663062.2870572,13999324.178823225
14644839.13200149,39052904.35200397,7322419.566000745
-12646668.05021779,-33724448.133914106,-6323334.025108895
4932323.797933128,13152863.461155007,2466161.898966564
7267926.656247589,19381137.74999357,3633963.3281237944
71464208.95381577,190571223.87684205,35732104.47690789
15620031.621286793,41653417.65676478,7810015.810643396
35397370.92143815,94392989.12383507,17698685.460719075
53712047.557500966,143232126.82000256,26856023.778750483
39106661.96851678,104284431.91604476,19553330.98425839
22189697.19902924,59172525.86407797,11094848.59951462
38032118.71730026,101418983.24613403,19016059.35865013
39125206.42899022,104333883.81064059,19562603.21449511
12401496.949948423,33070658.533195797,6200748.474974211
40686558.05011281,108497488.13363418,20343279.025056407
-22264022.829167847,-59370727.544447586,-11132011.414583923
6875435.559578942,18334494.825543847,3437717.779789471
55455684.26487901,147881824.70634404,27727842.132439505
12343520.769749349,32916055.385998268,6171760.3848746745
-10824666.339212213,-28865776.904565897,-5412333.169606106
800484.0930505199,2134624.24813472,400242.04652525997
17025798.923804436,45402130.4634785,8512899.461902218
50926670.4363103,135804454.49682745,25463335.21815515
-15037170.357504588,-40099120.95334557,-7518585.178752294
-5420050.894014755,-14453469.050706014,-2710025.4470073776
-12913339.708208244,-34435572.55522198,-6456669.854104122
54946938.31406859,146525168.83751625,27473469.157034297
27597110.294453643,73592294.11854304,13798555.147226822
61039084.955008164,162770893.2133551,30519542.477504082
43156465.19246666,115083907.1799111,21578232.59623333
14180353.604317093,37814276.278178915,7090176.802158547
74638845.84763801,199036922.26036805,37319422.923819005
45757803.275166884,122020808.73377836,22878901.637583442
16761810.673484318,44698161.79595818,8380905.336742159
44275985.491538905,118069294.64410374,22137992.745769452
66557926.31311632,177487803.50164354,33278963.15655816
44780106.31166888,119413616.83111702,22390053.15583444
49748006.69087269,132661351.17566052,24874003.345436346
89137749.16540766,237700664.4410871,44568874.58270383
25493241.05489809,67981976.14639491,12746620.527449045
67905611.7824274,181081631.4198064,33952805.8912137
48067317.27222626,128179512.72593668,24033658.63611313
23608872.565443125,62956993.50784834,11804436.282721562
-917711.2378415759,-2447229.9675775357,-458855.61892078794
16515226.504649362,44040604.0123983,8257613.252324681
52469913.637306005,139919769.69948268,26234956.818653002
23682873.423624553,63154329.12966548,11841436.711812276
70903256.41367216,189075350.4364591,35451628.20683608
-22263399.22601341,-59369064.602702424,-11131699.613006705
9542177.380293211,25445806.34744856,4771088.6901466055
40067561.24736016,106846829.99296042,20033780.62368008
20612324.501986515,54966198.67196404,10306162.250993257
59192705.28404916,157847214.09079775,29596352.64202458
-2591922.964407019,-6911794.57175205,-1295961.4822035094
61861555.11404837,164964146.97079563,30930777.557024185
-18668115.67787677,-49781641.80767138,-9334057.838938385
72659189.46848844,193757838.58263585,36329594.73424422
34609071.847932614,92290858.26115364,17304535.923966307
-13311522.25228887,-35497392.67277032,-6655761.126144435
-5614353.063481022,-14971608.169282723,-2807176.531740511
-5468250.587351511,-14582001.566270698,-2734125.2936757556
10170873.725969788,27122329.93591943,5085436.862984894
67536971.83192629,180098591.5518034,33768485.91596314
22551173.70772398,60136463.22059728,11275586.85386199
1380667.5244350212,3681780.065160056,690333.7622175106
20828820.05415907,55543520.144424185,10414410.027079536
40612206.86915121,108299218.31773657,20306103.434575606
70607723.6917021,188287263.17787224,35303861.84585105
51376854.02347571,137004944.0626019,25688427.011737853
14341820.652440833,38244855.07317556,7170910.326220416
69057907.73868704,184154420.63649875,34528953.86934352
21686598.3534413,57830928.94251014,10843299.17672065
-15329425.439299963,-40878467.83813324,-7664712.719649982
21050730.84805229,56135282.26147278,10525365.424026145
25646959.97425778,68391893.2646874,12823479.98712889
34172690.39159914,91127174.3775977,17086345.19579957
86739336.09172328,231304896.24459544,43369668.04586164
69162944.89898986,184434519.73063964,34581472.44949493
50183400.60370377,133822401.6098767,25091700.301851884
28172074.051652223,75125530.80440593,14086037.025826111
24793134.532422263,66115025.419792704,12396567.266211132
49290117.25821652,131440312.68857738,24645058.62910826
-34305787.51672241,-91482100.0445931,-17152893.758361205
31718339.234318428,84582237.95818247,15859169.617159214
73174698.40881687,195132529.09017834,36587349.20440844
41925294.32125637,111800784.85668366,20962647.160628185
58846528.027840875,156924074.74090898,29423264.013920438
10546663.018190742,28124434.715175312,5273331.509095371
15123255.091313055,40328680.24350148,7561627.545656527
8187208.835167262,21832556.893779363,4093604.417583631
69291404.31883112,184777078.18354964,34645702.15941556
6177392.004214122,16473045.34457099,3088696.002107061
9175053.441909919,24466809.178426452,4587526.720954959
24550168.399927422,65467115.73313979,12275084.199963711
22047777.650731068,58794073.735282846,11023888.825365534
65421345.769074894,174456922.0508664,32710672.884537447
31249644.45067351,83332385.20179603,15624822.225336755
75922907.70595656,202461087.21588415,37961453.85297828
18722231.832081653,49925951.55221774,9361115.916040827
79614158.06308022,212304421.50154728,39807079.03154011
-10960537.583832383,-29228100.22355302,-5480268.791916192
26743943.581797685,71317182.88479383,13371971.790898843
51482293.924612135,137286117.13229904,25741146.962306067
16537624.250875898,44100331.33566906,8268812.125437949
20180608.580817748,53814956.215514,10090304.290408874
-31242855.280329946,-83314280.74754652,-15621427.640164973
20899982.74902393,55733287.330730475,10449991.374511965
60625646.76425569,161668391.3713485,30312823.382127844
8690167.307721443,23173779.487257186,4345083.653860722
-26835191.66369917,-71560511.10319778,-13417595.831849584
17546527.360968836,46790739.629250236,8773263.680484418
-9086240.315111004,-24229974.173629344,-4543120.157555502
49097109.62019607,130925625.65385617,24548554.810098033
64014205.80652987,170704548.817413,32007102.903264936
39443058.27001739,105181488.72004639,19721529.135008696
66204868.441598445,176546315.8442625,33102434.220799223
30959229.00565788,82557944.01508768,15479614.50282894
65996670.50679266,175991121.35144708,32998335.25339633
-275418.6462105679,-734449.723228181,-137709.32310528395
15277879.126776407,40741011.00473708,7638939.563388203
33002502.882860564,88006674.35429484,16501251.441430282
-9126780.626315998,-24338081.670175992,-4563390.313157999
57985148.23793214,154627061.96781904,28992574.11896607
35316002.78285022,94176007.42093393,17658001.39142511
74533243.42689443,198755315.8050518,37266621.71344721
29732349.14546646,79286264.38791056,14866174.57273323
21274464.232747417,56731904.620659776,10637232.116373708
31102040.85284794,82938775.6075945,15551020.42642397
24679387.951034043,65811701.20275745,12339693.975517021
40095826.56883886,106922204.18357028,20047913.28441943
30523087.549605474,81394900.13228127,15261543.774802737
83097509.67592347,221593359.13579592,41548754.83796173
19412414.543548353,51766438.78279561,9706207.271774177
-5723616.482042479,-15262977.28544661,-2861808.2410212397
28141308.247166995,75043488.65911199,14070654.123583497
47243195.487800285,125981854.6341341,23621597.743900143
-6617624.385075947,-17646998.360202525,-3308812.1925379736
34491391.86157021,91977044.96418722,17245695.930785105
26488545.6538017,70636121.74347119,13244272.82690085
-12070620.419304626,-32188321.118145667,-6035310.209652313
26334353.070522755,70224941.52139401,13167176.535261378
47413783.93496226,126436757.15989935,23706891.96748113
33462256.529342104,89232684.07824561,16731128.264671052
4036390.8326796857,10763708.887145828,2018195.4163398428
45546191.36227127,121456510.29939006,22773095.681135636
12506413.771750988,33350436.724669304,6253206.885875494
83885567.19562335,223694845.8549956,41942783.59781168
25789762.472850416,68772699.92760111,12894881.236425208
41872015.83473854,111658708.89263609,20936007.91736927
6675966.944451256,17802578.518536683,3337983.472225628
59061504.38015334,157497345.01374224,29530752.19007667
43018289.833304934,114715439.55547982,21509144.916652467
83011711.344837,221364563.58623198,41505855.6724185
66237393.47579584,176633049.2687889,33118696.73789792
-19995234.046631563,-53320624.12435084,-9997617.023315782
9140228.922777694,24373943.79407385,4570114.461388847
45176401.65167676,120470404.40447137,22588200.82583838
12877876.998666886,34341005.329778366,6438938.499333443
10402532.967567837,27740087.913514234,5201266.483783918
46395370.547002204,123720988.12533921,23197685.273501102
15341738.819492321,40911303.51864619,7670869.409746161
21554309.11214678,57478157.632391416,10777154.55607339
17545087.762111526,46786900.698964074,8772543.881055763
21751700.922240533,58004535.79264142,10875850.461120266
10841710.141172383,28911227.043126352,5420855.0705861915
21905666.48625729,58415110.63001944,10952833.243128644
-654925.8667265245,-1746468.9779373987,-327462.9333632623
24035370.51007732,64094321.36020619,12017685.25503866
69424415.51828487,185131774.71542633,34712207.759142436
22550573.15341298,60134861.742434606,11275286.57670649
-25380027.73891909,-67680073.97045091,-12690013.869459545
25721279.999031357,68590079.99741696,12860639.999515679
10922045.577136092,29125454.87236291,5461022.788568046
37929399.596045464,101145065.58945458,18964699.798022732
64185020.30938889,171160054.15837038,32092510.154694445
29998990.32082477,79997307.52219938,14999495.160412384
60590459.58765877,161574558.90042338,30295229.793829385
-11749817.231449878,-31332845.950533006,-5874908.615724939
11189180.694059217,29837815.18415791,5594590.347029609
16705196.102984888,44547189.6079597,8352598.051492444
56216404.086864464,149910410.89830524,28108202.043432232
6556169.917713661,17483119.780569762,3278084.9588568304
7643516.746837439,20382711.324899837,3821758.3734187195
56771278.21572578,151390075.24193543,28385639.10786289
4408603.778417339,11756276.742446236,2204301.8892086693
-22119636.677620783,-58985697.80698876,-11059818.338810392
-13246411.88927481,-35323765.038066156,-6623205.944637405
32581803.72788262,86884809.94102032,16290901.86394131
15799613.3880441,42132302.3681176,7899806.69402205
3489359.757178456,9304959.352475883,1744679.878589228
17482597.690880515,46620260.50901471,8741298.845440257
-661783.9304285015,-1764757.1478093371,-330891.9652142507
37746293.85834684,100656783.62225825,18873146.92917342
6182120.026881932,16485653.405018486,3091060.013440966
-1370141.1486380391,-3653709.7297014375,-685070.5743190196
-5523224.793366358,-14728599.448976953,-2761612.396683179
3231514.215473627,8617371.241263006,1615757.1077368136
-23978716.728368808,-63943244.60898349,-11989358.364184404
8472945.863229137,22594522.301944364,4236472.931614568
68742510.01628458,183313360.0434256,34371255.00814229
62487300.04541145,166632800.1210972,31243650.022705726
22681553.170787446,60484141.78876652,11340776.585393723
37898354.27767753,101062278.07380675,18949177.138838764
55574436.900280274,148198498.4007474,27787218.450140137
35462221.46974618,94565923.91932315,17731110.73487309
2429617.2960153962,6478979.456041057,1214808.6480076981
31209616.759979043,83225644.69327745,15604808.379989522
21366561.672699064,56977497.793864176,10683280.836349532
-456696.096599106,-1217856.257597616,-228348.048299553
18810443.33173306,50161182.21795482,9405221.66586653
71419383.69060501,190451689.84161335,35709691.84530251
86289449.03126147,230105197.41669726,43144724.51563074
-18689368.21926089,-49838315.251362376,-9344684.109630445
38572019.25328831,102858718.00876883,19286009.626644153
30229787.125458814,80612765.66789018,15114893.562729407
27503785.456614047,73343427.88430412,13751892.728307024
34193693.45000244,91183182.53333984,17096846.72500122
-14970655.747864442,-39921748.66097184,-7485327.873932221
31923791.004338916,85130109.34490378,15961895.502169458
92412035.09464821,246432093.5857286,46206017.547324106
17161408.878106788,45763757.00828477,8580704.439053394
81573235.860772,217528628.96205863,40786617.930386
9613663.045439756,25636434.787839346,4806831.522719878
47846723.941490926,127591263.84397581,23923361.970745463
-33191133.025061898,-88509688.06683172,-16595566.512530949
43068369.30750575,114848984.82001533,21534184.653752875
-32237828.224334575,-85967541.93155886,-16118914.112167288
27584993.5746123,73559982.8656328,13792496.78730615
29112768.909836594,77634050.42623092,14556384.454918297
21337935.87677411,56901162.33806429,10668967.938387055
26586295.712064054,70896788.56550415,13293147.856032027
59116326.5079436,157643537.35451627,29558163.2539718
7670619.659516066,20454985.75870951,3835309.829758033
16389979.938036477,43706613.16809727,8194989.969018239
-3589110.6664129063,-9570961.777101083,-1794555.3332064531
52764713.17642795,140705901.80380785,26382356.588213976
81563007.52020532,217501353.38721418,40781503.76010266
13023943.021875165,34730514.72500044,6511971.510937583
73252235.40513135,195339294.4136836,36626117.70256568
20824037.924931675,55530767.7998178,10412018.962465838
14175970.17653761,37802587.13743363,7087985.088268805
-2821687.184742726,-7524499.159313936,-1410843.592371363
35041777.13362425,93444739.02299799,17520888.566812124
33768593.07482262,90049581.53286031,16884296.53741131
20525909.601047546,54735758.93612679,10262954.800523773
27340481.606436327,72907950.95049687,13670240.803218164
40007498.88228288,106686663.68608768,20003749.44114144
63778181.7492186,170075151.3312496,31889090.8746093
55748035.72441774,148661428.59844732,27874017.86220887
7400300.639742519,19734135.039313383,3700150.3198712594
27905469.084866427,74414584.22631048,13952734.542433213
22296538.71181445,59457436.56483853,11148269.355907224
69408612.2128735,185089632.56766266,34704306.10643675
18415530.816532146,49108082.17741906,9207765.408266073
67527894.46863712,180074385.249699,33763947.23431856
-17983561.956201553,-47956165.216537476,-8991780.978100777
20488455.74152292,54635881.977394454,10244227.87076146
9134713.886083297,24359237.02955546,4567356.943041649
35618310.429975405,94982161.14660108,17809155.214987703
54948521.48054228,146529390.6147794,27474260.74027114
66182982.59977884,176487953.59941024,33091491.29988942
872274.4269993837,2326065.1386650233,436137.21349969186
15781434.120898226,42083824.32239527,7890717.060449113
502120.7044148629,1338988.545106301,251060.35220743145
33208357.12882351,88555619.01019603,16604178.564411756
51752608.4756342,138006955.93502453,25876304.2378171
79201223.58077835,211203262.8820756,39600611.79038917
43021554.37215206,114724144.99240549,21510777.18607603
-22114062.14513386,-58970832.38702363,-11057031.07256693
4937887.468626711,13167699.916337894,2468943.7343133553
43615085.49499639,116306894.65332371,21807542.747498196
50484392.70335092,134625047.20893577,25242196.35167546
31497268.35027819,83992715.60074183,15748634.175139096
-19203207.506588876,-51208553.350903675,-9601603.753294438
15289731.158898218,40772616.42372858,7644865.579449109
2453540.256536861,6542774.01743163,1226770.1282684305
46761299.40251442,124696798.40670511,23380649.70125721
29756156.029678896,79349749.41247706,14878078.014839448
51459573.91366671,137225530.43644455,25729786.956833355
-4084202.933576328,-10891207.822870208,-2042101.466788164
48564941.25001814,129506510.00004838,24282470.62500907
17018312.538183395,45382166.768489055,8509156.269091697
20079913.478153747,53546435.94174332,10039956.739076873
13722846.966191616,36594258.57651097,6861423.483095808
26503658.109400526,70676421.62506807,13251829.054700263
-9823267.533587528,-26195380.089566745,-4911633.766793764
40595605.895568684,108254949.05484982,20297802.947784342
33425293.54877302,89134116.13006139,16712646.77438651
4608595.297244119,12289587.459317653,2304297.6486220597
23994700.52364864,63985868.06306303,11997350.26182432
60669423.6177213,161785129.6472568,30334711.80886065
52146190.44788254,139056507.86102012,26073095.22394127
28419573.228854083,75785528.61027755,14209786.614427041
20242349.691202518,53979599.17654005,10121174.845601259
52461268.960684136,139896717.228491,26230634.480342068
48815406.6252567,130174417.6673512,24407703.31262835
34126930.9614625,91005149.23056667,17063465.48073125
34338934.81454235,91570492.8387796,17169467.407271177
41223325.60167857,109928868.27114286,20611662.800839286
30894124.70196372,82384332.53856991,15447062.35098186
5833669.820559199,15556452.854824532,2916834.9102795995
9727556.518254243,25940150.715344645,4863778.259127121
54902381.3012248,146406350.13659945,27451190.6506124
28919060.897819217,77117495.72751792,14459530.448909609
53642956.25238451,143047883.33969203,26821478.126192257
28496256.406263806,75990017.08337015,14248128.203131903
-14333230.67843516,-38221948.4758271,-7166615.33921758
-9762214.464843396,-26032571.906249058,-4881107.232421698
-16464173.300243076,-43904462.13398153,-8232086.650121538
-12343564.022360051,-32916170.72629347,-6171782.0111800255
88633231.7413795,236355284.64367867,44316615.87068975
18989894.711964667,50639719.23190578,9494947.355982333
24002984.51433598,64007958.70489594,12001492.25716799
15218131.68820381,40581684.50187682,7609065.844101905
54301068.999228336,144802850.6646089,27150534.499614168
19145449.96276102,51054533.23402939,9572724.98138051
24225507.115834415,64601352.308891766,12112753.557917207
38872343.490809105,103659582.64215761,19436171.745404553
-47553234.85746388,-126808626.28657034,-23776617.42873194
45686536.82232428,121830764.85953142,22843268.41116214
-21449221.05931835,-57197922.824848935,-10724610.529659174
18379223.086316597,49011261.563510925,9189611.543158298
17771619.803941827,47390986.14384487,8885809.901970914
34850384.320148386,92934358.18706237,17425192.160074193
35548351.55465958,94795604.1457589,17774175.77732979
57458590.4360094,153222907.8293584,28729295.2180047
-7821431.355585399,-20857150.281561065,-3910715.6777926995
42688153.06595859,113835074.84255624,21344076.532979295
72915124.68907964,194440332.50421238,36457562.34453982
-7355220.936451552,-19613922.49720414,-3677610.468225776
-1707263.9918777249,-4552703.9783406,-853631.9959388624
59307505.77984319,158153348.7462485,29653752.889921594
-4317396.640630873,-11513057.708348995,-2158698.3203154365
69010160.70559157,184027095.21491086,34505080.35279579
55494493.0680353,147985314.8480941,27747246.53401765
-23642382.461239304,-63046353.229971476,-11821191.230619652
9959538.594269766,26558769.58471938,4979769.297134883
30798259.172247626,82128691.12599367,15399129.586123813
-10411006.038688226,-27762682.769835267,-5205503.019344113
48598554.486319005,129596145.29685068,24299277.243159503
5206529.38396093,13884078.357229145,2603264.691980465
21258353.175720975,56688941.8019226,10629176.587860487
51216835.246155195,136578227.3230805,25608417.623077597
16362767.06623271,43634045.509953886,8181383.533116355
32063688.77630641,85503170.07015042,16031844.388153205
6082293.135005978,16219448.360015942,3041146.567502989
22935849.66305948,61162265.76815862,11467924.83152974
-10416050.589763109,-27776134.906034954,-5208025.294881554
38529861.1685685,102746296.44951601,19264930.58428425
59168738.38775813,157783302.36735502,29584369.193879064
60401030.28630035,161069414.09680092,30200515.143150177
61035001.06814114,162760002.84837636,30517500.53407057
53831291.159582615,143550109.758887,26915645.579791307
56989163.94765494,151971103.86041316,28494581.97382747
8524450.183281748,22731867.155417994,4262225.091640874
58593673.1763926,156249795.13704693,29296836.5881963
20834267.079911225,55558045.54642993,10417133.539955612
49030108.86885448,130746956.98361194,24515054.43442724
-22736590.84292988,-60630908.91447969,-11368295.42146494
8400480.032198016,22401280.085861374,4200240.016099008
49522680.85860254,132060482.28960676,24761340.42930127
1283418.067865376,3422448.180974336,641709.033932688
13075556.060916651,34868149.49577773,6537778.0304583255
87294633.25988175,232785688.69301802,43647316.629940875
36711284.02090531,97896757.38908082,18355642.010452654
14490463.382943012,38641235.68784803,7245231.691471506
3493561.1720970846,9316163.125592224,1746780.5860485423
21247371.51078431,56659657.36209149,10623685.755392155
56004928.26602072,149346475.37605524,28002464.13301036
87558115.5664913,233488308.17731017,43779057.78324565
38749531.24157254,103332083.3108601,19374765.62078627
26587452.06269162,70899872.16717766,13293726.03134581
49389169.67828357,131704452.47542286,24694584.839141786
10280121.169451963,27413656.451871905,5140060.584725982
20641874.477777023,55044998.607405394,10320937.238888511
2923156.0010380642,7795082.669434839,1461578.0005190321
39545530.78127361,105454748.75006296,19772765.390636805
35969968.9642903,95919917.23810747,17984984.48214515
78408806.80779313,209090151.4874483,39204403.40389656
15296207.762515942,40789887.36670918,7648103.881257971
56213358.31603705,149902288.84276545,28106679.158018526
33319581.573702227,88852217.5298726,16659790.786851114
13652227.633521387,36405940.35605703,6826113.816760694
49164645.5474269,131105721.45980509,24582322.77371345
6900027.097514851,18400072.2600396,3450013.5487574255
14641131.217305971,39043016.57948259,7320565.608652986
38866281.00353474,103643416.00942597,19433140.50176737
45538299.30461596,121435464.81230922,22769149.65230798
7864953.752110599,20973210.00562826,3932476.8760552993
71289412.70883489,190105100.55689305,35644706.35441744
34745126.18025803,92653669.81402141,17372563.090129014
71629846.67744794,191012924.4731945,35814923.33872397
-2226170.1440910026,-5936453.717576006,-1113085.0720455013
25678247.119730618,68475325.65261498,12839123.559865309
63221252.69621143,168590007.18989715,31610626.348105714
33676379.31703394,89803678.17875716,16838189.65851697
6657453.450558731,17753209.20148995,3328726.7252793657
19248962.6492422,51330567.06464587,9624481.3246211
6467769.7631974965,17247386.035193324,3233884.8815987483
-3723307.73045815,-9928820.614555066,-1861653.865229075
11334513.017842589,30225368.04758024,5667256.5089212945
35043970.20579637,93450587.21545698,17521985.102898184
27602694.602117073,73607185.60564554,13801347.301058536
-8471362.88034418,-22590301.014251146,-4235681.44017209
22482481.84260625,59953284.913616665,11241240.921303125
38877086.749179944,103672231.33114651,19438543.374589972
-530098.8302170851,-1413596.8805788935,-265049.41510854254
5620331.772706338,14987551.39388357,2810165.886353169
6270182.064863141,16720485.506301709,3135091.0324315703
-57474884.58152649,-153266358.88407063,-28737442.290763244
8607688.952499935,22953837.206666496,4303844.476249968
-23158263.344080877,-61755368.917549,-11579131.672040438
18417540.16408419,49113440.43755784,9208770.082042094
88788496.9014828,236769325.07062083,44394248.4507414
44937281.16030842,119832749.76082246,22468640.58015421
3453522.936063537,9209394.496169431,1726761.4680317685
26299500.285566177,70132000.7615098,13149750.142783089
33472325.518916626,89259534.717111,16736162.759458313
73925017.72188804,197133380.59170145,36962508.86094402
28560578.225543007,76161541.93478136,14280289.112771504
-4307953.453173502,-11487875.875129338,-2153976.726586751
-5940055.956478329,-15840149.217275545,-2970027.9782391647
24616279.202886954,65643411.20769855,12308139.601443477
65771682.765889026,175391154.04237074,32885841.382944513
92193284.02343187,245848757.3958183,46096642.01171593
27538615.942582373,73436309.18021967,13769307.971291186
41522796.39596199,110727457.05589864,20761398.197980996
19024348.19666737,50731595.19111299,9512174.098333685
35180933.11528796,93815821.64076789,17590466.55764398
48806028.853595115,130149410.27625364,24403014.426797558
27464426.19377917,73238469.8500778,13732213.096889585
-24903040.380842976,-66408107.682247944,-12451520.190421488
41001594.15882908,109337584.4235442,20500797.07941454
28512401.621126965,76033070.9896719,14256200.810563482
52025793.20723514,138735448.55262706,26012896.60361757
6265622.233672659,16708325.956460424,3132811.1168363295
63656336.58912641,169750230.9043371,31828168.294563204
17570101.14080481,46853603.042146154,8785050.570402404
28077409.172124542,74873091.12566544,14038704.586062271
34257672.02960427,91353792.07894473,17128836.014802136
-31814949.965100337,-84839866.5736009,-15907474.982550168
41087283.651390634,109566089.7370417,20543641.825695317
25193564.136395,67182837.69705333,12596782.0681975
-5342389.979069154,-14246373.277517743,-2671194.989534577
19652459.621931165,52406558.991816446,9826229.810965583
19813981.415048216,52837283.77346191,9906990.707524108
-41634308.413597666,-111024822.43626045,-20817154.206798833
35883870.98891731,95690322.63711284,17941935.494458657
76021640.80450223,202724375.47867262,38010820.40225112
-15047020.21028729,-40125387.22743277,-7523510.105143645
47915110.900190614,127773629.06717497,23957555.450095307
40334568.450336,107558849.200896,20167284.225168
89796022.07477972,239456058.86607924,44898011.03738986
14828676.360241637,39543136.960644364,7414338.180120818
-16535049.254765464,-44093464.679374576,-8267524.627382732
24859437.582986545,66291833.554630786,12429718.791493272
65447269.4820065,174526051.95201734,32723634.74100325
62384257.39861574,166358019.72964197,31192128.69930787
25318498.444113936,67515995.8509705,12659249.222056968
31279455.531699248,83411881.41786467,15639727.765849624
39912946.906595156,106434525.08425374,19956473.453297578
84343138.76509507,224915036.70692018,42171569.382547535
16303095.280876545,43474920.74900412,8151547.640438273
53726979.98261404,143271946.6203041,26863489.99130702
12202608.96028733,32540290.560766216,6101304.480143665
35245979.46867246,93989278.58312657,17622989.73433623
4502369.142375713,12006317.713001901,2251184.5711878566
39030146.56868279,104080390.84982076,19515073.284341395
46048437.950941555,122795834.53584415,23024218.975470778
11018225.825223438,29381935.53392917,5509112.912611719
-4755879.14274746,-12682344.380659893,-2377939.57137373
20782183.496733032,55419155.99128808,10391091.748366516
1314693.829733303,3505850.2126221415,657346.9148666515
-2277929.768180313,-6074479.381814169,-1138964.8840901565
-17672872.145481404,-47127659.05461708,-8836436.072740702
21473747.058143813,57263325.4883835,10736873.529071907
13898887.579869056,37063700.21298415,6949443.789934528
20957354.060016472,55886277.49337725,10478677.030008236
28707274.414304346,76552731.77147825,14353637.207152173
-9235584.552798256,-24628225.474128686,-4617792.276399128
39495453.93686083,105321210.49829555,19747726.968430415
68232788.69782898,181954103.19421062,34116394.34891449
51298035.86924707,136794762.31799218,25649017.934623536
-11411013.565009398,-30429369.506691728,-5705506.782504699
26625601.158960626,71001603.09056167,13312800.579480313
22293106.602568794,59448284.27351678,11146553.301284397
18550032.155719277,49466752.415251404,9275016.077859638
13890857.747852998,37042287.32760799,6945428.873926499
-6833764.717634195,-18223372.580357853,-3416882.3588170977
52045075.58675496,138786868.23134655,26022537.79337748
-11274838.307570845,-30066235.486855585,-5637419.153785422
22149837.552866306,59066233.474310145,11074918.776433153
25294454.31770438,67451878.18054502,12647227.15885219
-2429236.3337707873,-6477963.5567221,-1214618.1668853937
32869612.491867937,87652299.97831449,16434806.245933969
14358245.649790606,38288655.06610828,7179122.824895303
49200941.406061515,131202510.41616404,24600470.703030758
44131675.862552546,117684468.9668068,22065837.931276273
-22177067.83694533,-59138847.56518754,-11088533.918472664
75871347.14039996,202323592.37439993,37935673.57019998
25364335.958347023,67638229.22225873,12682167.979173511
6326992.129314729,16871979.011505943,3163496.0646573645
83965198.66904363,223907196.450783,41982599.334521815
54368927.75760891,144983807.35362378,27184463.878804456
28253036.85237301,75341431.60632804,14126518.426186506
-7553545.892858804,-20142789.047623478,-3776772.946429402
-829675.0966230101,-2212466.924328027,-414837.54831150506
31984325.97682325,85291535.93819533,15992162.988411626
16255126.34827018,43347003.595387146,8127563.17413509
18521006.051653482,49389349.47107595,9260503.025826741
62189638.59849402,165839036.26265073,31094819.29924701
30815591.970443003,82174911.92118134,15407795.985221501
5847052.829005577,15592140.877348203,2923526.4145027883
619389.5327204629,1651705.4205879013,309694.76636023144
11396700.674264638,30391201.798039038,5698350.337132319
20521582.221331876,54724219.256885,10260791.110665938
62046804.94002918,165458146.50674447,31023402.47001459
8241754.764817215,21978012.70617924,4120877.3824086073
5121970.319115157,13658587.51764042,2560985.1595575786
-3713522.7254315754,-9902727.267817535,-1856761.3627157877
33225195.727934007,88600521.94115736,16612597.863967003
27485020.49430329,73293387.98480877,13742510.247151645
66377278.956872016,177006077.21832538,33188639.478436008
25420345.29431593,67787587.45150915,12710172.647157965
25876244.2223027,69003317.92614055,12938122.11115135
59240052.701520614,157973473.87072164,29620026.350760307
-8753552.539778478,-23342806.772742607,-4376776.269889239
56349274.26858767,150264731.38290048,28174637.134293836
11851102.775682595,31602940.735153586,5925551.387841297
16930773.155718468,45148728.41524925,8465386.577859234
45297887.87968154,120794367.67915078,22648943.93984077
5129379.124119801,13678344.330986137,2564689.5620599007
-14950833.087994343,-39868888.23465158,-7475416.543997171
-408332.2174592299,-1088885.913224613,-204166.10872961496
50322377.5575088,134193006.82002346,25161188.7787544
13923120.917424133,37128322.44646436,6961560.4587120665
-8842482.649825508,-23579953.73286802,-4421241.324912754
12096877.85661658,32258340.95097755,6048438.92830829
46205459.89629514,123214559.7234537,23102729.94814757
13830768.48152248,36882049.28405995,6915384.24076124
-10445151.228607103,-27853736.60961894,-5222575.614303552
14636268.573333558,39030049.528889485,7318134.286666779
-19022206.18885636,-50725883.17028362,-9511103.09442818
-14906596.753823275,-39750924.67686207,-7453298.376911637
45669725.388433814,121785934.36915684,22834862.694216907
-10604146.266484328,-28277723.37729154,-5302073.133242164
5683679.892888149,15156479.714368397,2841839.9464440746
41516246.83945907,110709991.57189086,20758123.419729535
-16378596.905522715,-43676258.41472724,-8189298.452761358
88920582.744408,237121553.985088,44460291.372204
63032091.0404375,168085576.10783333,31516045.52021875
27730220.86680971,73947255.64482589,13865110.433404855
68647686.11807112,183060496.31485632,34323843.05903556
17172970.29902877,45794587.46407672,8586485.149514385
18267621.268085938,48713656.71489584,9133810.634042969
61596783.73873951,164258089.96997204,30798391.869369756
-20742345.217802558,-55312920.58080682,-10371172.608901279
45945954.82953464,122522546.21209237,22972977.41476732
47831793.8868014,127551450.36480373,23915896.9434007
-1175392.8169263364,-3134380.845136897,-587696.4084631682
36690993.47129597,97842649.25678925,18345496.735647984
86821309.02046162,231523490.72123098,43410654.51023081
26241989.06880965,69978637.51682574,13120994.534404825
8951973.859598758,23871930.292263355,4475986.929799379
-16560315.176816612,-44160840.47151096,-8280157.588408306
13595374.19845208,36254331.19587221,6797687.09922604
46153921.170563094,123077123.12150158,23076960.585281547
49608555.23756396,132289480.6335039,24804277.61878198
9138853.065212674,24370274.84056713,4569426.532606337
-3919348.2501463173,-10451595.333723512,-1959674.1250731586
-5245947.408954431,-13989193.09054515,-2622973.7044772157
10215534.000028986,27241424.000077296,5107767.000014493
71461928.89599784,190565143.7226609,35730964.44799892
22130179.114562605,59013810.97216695,11065089.557281302
1016183.015807104,2709821.37548561,508091.507903552
31893564.76137622,85049506.03033659,15946782.38068811
26088445.92650456,69569189.1373455,13044222.96325228
23605867.20771003,62948979.22056009,11802933.603855016
40183710.051155016,107156560.13641337,20091855.025577508
47972693.46383788,127927182.57023434,23986346.73191894
14041866.99989694,37444978.666391835,7020933.49994847
61565652.61176221,164175073.6313659,30782826.305881105
7877062.410452405,21005499.761206415,3938531.2052262025
-15876459.520522993,-42337225.388061315,-7938229.7602614965
15845683.96806316,42255157.24816843,7922841.98403158
37775176.51407447,100733804.03753191,18887588.257037234
39820632.27051163,106188352.72136433,19910316.135255814
34182368.97112177,91152983.92299141,17091184.485560887
18789526.986224804,50105405.29659948,9394763.493112402
-16766177.278622523,-44709806.07632673,-8383088.6393112615
26403570.740354333,70409521.97427823,13201785.370177167
37146823.502723806,99058196.00726348,18573411.751361903
42834871.6432164,114226324.3819104,21417435.8216082
22247571.646496344,59326857.723990254,11123785.823248172
12405389.49498379,33081038.653290108,6202694.747491895
-3441292.490704076,-9176779.97521087,-1720646.245352038
73372866.38175264,195660977.018007,36686433.19087632
63343947.239867,168917192.63964534,31671973.6199335
44114135.132682316,117637693.68715285,22057067.566341158
10858563.947102236,28956170.52560596,5429281.973551118
26695429.033809047,71187810.75682412,13347714.516904524
23925141.217623454,63800376.58032921,11962570.608811727
21793932.51194542,58117153.36518778,10896966.25597271
31231579.713501327,83284212.56933686,15615789.856750663
9225601.215727178,24601603.241939142,4612800.607863589
-16558090.279816154,-44154907.41284308,-8279045.139908077
-13965226.34812901,-37240603.59501069,-6982613.174064505
8015864.179266444,21375637.811377186,4007932.089633222
65678130.97733276,175141682.6062207,32839065.48866638
29625725.94841806,79001935.86244816,14812862.97420903
-5516958.12322169,-14711888.328591172,-2758479.061610845
34946087.1862462,93189565.82998988,17473043.5931231
32836598.780365337,87564263.41430756,16418299.390182668
6490737.914295611,17308634.438121628,3245368.9571478055
11314873.305534376,30172995.481425002,5657436.652767188
53709597.872498564,143225594.32666284,26854798.936249282
-17850796.874735363,-47602124.9992943,-8925398.437367681
62789918.397157066,167439782.39241883,31394959.198578533
16021299.089212017,42723464.237898715,8010649.544606009
55073398.40560008,146862395.74826688,27536699.20280004
55083621.41044404,146889657.09451744,27541810.70522202
12189664.526148317,32505772.069728844,6094832.263074159
-18297007.71974109,-48792020.58597625,-9148503.859870546
56197134.99513346,149859026.6536892,28098567.49756673
9979349.852763556,26611599.607369486,4989674.926381778
44343440.19599371,118249173.85598321,22171720.097996853
-47779597.089624286,-127412258.90566477,-23889798.544812143
43786631.432517014,116764350.48671204,21893315.716258507
49801213.46502487,132803235.90673299,24900606.732512437
29526711.57026832,78737897.52071553,14763355.78513416
8745612.027477521,23321632.07327339,4372806.013738761
43620083.64716106,116320223.05909616,21810041.82358053
32110535.076011825,85628093.53603153,16055267.538005913
-9026693.211370947,-24071181.896989193,-4513346.605685473
12293407.590779185,32782420.242077824,6146703.795389593
28496174.126458675,75989797.67055647,14248087.063229337
14938324.247645115,39835531.327053644,7469162.123822558
20851879.514967173,55605012.03991246,10425939.757483587
-5062502.6398281185,-13500007.03954165,-2531251.3199140592
-21822636.103338894,-58193696.275570385,-10911318.051669447
30093153.342006482,80248408.91201729,15046576.671003241
54638495.38037565,145702654.3476684,27319247.690187827
6236226.227845913,16629936.607589101,3118113.1139229564
44852055.78723916,119605482.09930442,22426027.89361958
4062779.6188450805,10834078.983586881,2031389.8094225402
39210318.64262111,104560849.71365629,19605159.321310554
29395096.2385217,78386923.30272453,14697548.11926085
-199050.714744696,-530801.905985856,-99525.357372348
2123455.926883616,5662549.138356309,1061727.963441808
23768026.012797337,63381402.7007929,11884013.006398669
39633786.14595877,105690096.38922338,19816893.072979383
19338711.272546243,51569896.72678997,9669355.636273121
63031952.458978646,168085206.5572764,31515976.229489323
52931101.23913805,141149603.30436814,26465550.619569026
-2348822.5050442596,-6263526.680118025,-1174411.2525221298
7516187.971176011,20043167.92313603,3758093.9855880053
25054005.27630615,66810680.7368164,12527002.638153074
119009485.73684916,317358628.63159776,59504742.86842458
-15514899.12949483,-41373064.34531955,-7757449.564747415
5677572.781200149,15140194.083200397,2838786.3906000745
23410420.757833112,62427788.68755496,11705210.378916556
20095391.81834233,53587711.51557955,10047695.909171166
57074274.154634394,152198064.4123584,28537137.077317197
-3590936.0714542037,-9575829.523877876,-1795468.0357271018
64775.61288721068,172734.96769922847,32387.80644360534
54975323.1633738,146600861.7689968,27487661.5816869
56045200.58305952,149453868.22149205,28022600.29152976
34540434.42322926,92107825.12861137,17270217.21161463
23950264.184749886,63867371.15933303,11975132.092374943
29771167.935755476,79389781.1620146,14885583.967877738
18711708.9594199,49897890.55845306,9355854.47970995
75523239.88145116,201395306.35053644,37761619.94072558
20814071.063550428,55504189.502801135,10407035.531775214
38158370.70832393,101755655.22219716,19079185.354161967
89328481.02628271,238209282.7367539,44664240.51314136
-9060358.620653637,-24160956.321743034,-4530179.310326818
30065681.165874466,80175149.77566524,15032840.582937233
12221629.365919402,32591011.64245174,6110814.682959701
10884744.63214033,29025985.685707543,5442372.316070165
45785845.32650446,122095587.53734525,22892922.66325223
-2812806.3656568043,-7500816.975084812,-1406403.1828284021
62855778.251710616,167615408.67122832,31427889.125855308
5264101.492054903,14037603.978813073,2632050.7460274515
44962985.58082039,119901294.88218771,22481492.790410195
40633573.521958575,108356196.0585562,20316786.760979287
47161271.92614438,125763391.80305167,23580635.96307219
70918955.19183083,189117213.84488222,35459477.595915414
4255127.773204752,11347007.39521267,2127563.886602376
-1382211.3696123073,-3685896.9856328196,-691105.6848061536
13803335.473274508,36808894.59539869,6901667.736637254
23287835.27634476,62100894.0702527,11643917.63817238
43563219.37143086,116168584.99048229,21781609.68571543
-3898109.009337347,-10394957.358232927,-1949054.5046686735
-1979480.8037982087,-5278615.476795224,-989740.4018991044
22772782.930001926,60727421.1466718,11386391.465000963
6957925.352700745,18554467.607201986,3478962.6763503724
40408381.44856113,107755683.86282967,20204190.724280566
1209180.863685272,3224482.303160725,604590.431842636
40088951.0520035,106903869.47200935,20044475.52600175
55942885.50610783,149181028.01628754,27971442.753053915
34322308.33975837,91526155.57268897,17161154.169879183
-7951654.44808575,-21204411.861562,-3975827.224042875
38981119.55889627,103949652.15705673,19490559.779448137
5928088.273653591,15808235.396409575,2964044.1368267955
35073955.312183775,93530547.49915673,17536977.656091888
35668355.144118644,95115613.71764973,17834177.572059322
36506304.84098545,97350146.24262786,18253152.420492724
28383906.562930435,75690417.50114782,14191953.281465217
63614523.07469278,169638728.19918072,31807261.53734639
-13609085.12327312,-36290893.662061654,-6804542.56163656
36268094.126780935,96714917.67141582,18134047.063390467
75629598.50707082,201678929.3521889,37814799.25353541
56193828.302716024,149850208.80724272,28096914.151358012
24131959.827634644,64351892.873692386,12065979.913817322
35729996.09676567,95279989.5913751,17864998.048382834
68083286.97042076,181555431.92112204,34041643.48521038
79085672.76967518,210895127.3858005,39542836.38483759
18660412.25123736,49761099.33663295,9330206.12561868
-1321101.3887756863,-3522937.036735163,-660550.6943878431
38648635.09181343,103063026.91150248,19324317.545906715
-5384236.5902524935,-14357964.240673315,-2692118.2951262468
66758513.12776479,178022701.67403945,33379256.563882396
8127092.020063882,21672245.38683702,4063546.010031941
9855287.184038155,26280765.82410175,4927643.592019077
54310151.45596187,144827070.54923165,27155075.727980934
4397291.3706737505,11726110.321796669,2198645.6853368753
2190896.794965684,5842391.453241824,1095448.397482842
33705437.90026177,89881167.73403138,16852718.950130884
-16565166.307511786,-44173776.82003143,-8282583.153755893
888171.3536856378,2368456.943161701,444085.6768428189
24635625.216482844,65695000.577287585,12317812.608241422
-16938322.71000308,-45168860.56000822,-8469161.35500154
-15670201.112775605,-41787202.96740162,-7835100.556387803
-42585012.595144495,-113560033.58705197,-21292506.297572248
33795544.109089784,90121450.95757276,16897772.054544892
-12950636.435444534,-34535030.49451876,-6475318.217722267
-9694954.338547705,-25853211.569460545,-4847477.169273852
38173728.79480143,101796610.11947048,19086864.397400714
69027391.06642354,184073042.84379607,34513695.53321177
-6073589.15550151,-16196237.748004027,-3036794.577750755
26597170.98172294,70925789.2845945,13298585.49086147
41030578.62183566,109414876.32489508,20515289.31091783
50390963.21423334,134375901.90462223,25195481.60711667
-8456378.741607767,-22550343.310954046,-4228189.370803883
10390367.95485805,27707647.879621465,5195183.977429025
-18300414.827638693,-48801106.20703652,-9150207.413819347
58651515.060771674,156404040.1620578,29325757.530385837
38595538.44163498,102921435.84435995,19297769.22081749
87721995.44823012,233925321.1952803,43860997.72411506
5943512.609099799,15849366.957599465,2971756.3045498994
27709325.832549397,73891535.55346505,13854662.916274698
7508850.324520301,20023600.86538747,3754425.1622601505
19755200.712596424,52680535.23359046,9877600.356298212
35796454.902139485,95457213.07237196,17898227.451069742
53063016.81822575,141501378.18193534,26531508.409112874
5663669.151723839,15103117.737930238,2831834.5758619197
55361505.40409189,147630681.07757837,27680752.702045944
-19770839.856600933,-52722239.61760248,-9885419.928300466
-17741468.682361815,-47310583.15296484,-8870734.341180908
38449622.11513945,102532325.64037187,19224811.057569724
66808380.02354789,178155680.06279436,33404190.011773944
19828546.6521022,52876124.40560586,9914273.3260511
17864483.113960665,47638621.63722844,8932241.556980332
-2126442.2180002322,-5670512.581333953,-1063221.1090001161
24487548.207574118,65300128.553530976,12243774.103787059
2171373.033790583,5790328.090108221,1085686.5168952914
17389202.558541525,46371206.8227774,8694601.279270763
43133237.586790055,115021966.89810681,21566618.793395028
-3966222.8622583174,-10576594.299355512,-1983111.4311291587
37640973.47872904,100375929.27661076,18820486.73936452
55407418.63872556,147753116.36993483,27703709.31936278
17837628.393214673,47567009.04857246,8918814.196607336
15002749.542733349,40007332.113955595,7501374.771366674
35476335.51075653,94603561.36201742,17738167.755378265
27220269.869557343,72587386.31881958,13610134.934778672
34299965.96723757,91466575.91263352,17149982.983618785
32241894.699402634,85978385.8650737,16120947.349701317
17929853.79324208,47812943.44864554,8964926.89662104
17444272.774707355,46518060.732552946,8722136.387353677
45570199.15790235,121520531.08773962,22785099.578951176
22983360.722760025,61288961.927360065,11491680.361380013
48333475.566160396,128889268.17642772,24166737.783080198
10110222.279405417,26960592.74508111,5055111.139702708
-3335149.217595421,-8893731.246921122,-1667574.6087977104
9129915.576756006,24346441.538016018,4564957.788378003
-9210552.42469304,-24561473.13251478,-4605276.21234652
35252568.421278395,94006849.12340905,17626284.210639197
745022.1912639526,1986725.8433705403,372511.0956319763
34941480.36448691,93177280.97196509,17470740.182243455
57018969.80806595,152050586.15484253,28509484.904032975
54384287.80153068,145024767.47074848,27192143.90076534
12909701.729234457,34425871.27795855,6454850.8646172285
31247281.040573675,83326082.77486312,15623640.520286838
29906102.763375547,79749607.36900146,14953051.381687773
24934347.900028355,66491594.400075614,12467173.950014178
48114573.78988595,128305530.10636254,24057286.894942977
30678375.844362874,81809002.25163433,15339187.922181437
-8390347.810782084,-22374260.828752223,-4195173.905391042
2885413.310724644,7694435.495265717,1442706.655362322
53521668.97214097,142724450.5923759,26760834.486070484
14546133.916613435,38789690.44430249,7273066.958306718
14633416.478979997,39022443.94394666,7316708.239489999
24124017.984060008,64330714.62416002,12062008.992030004
9216229.025214355,24576610.733904947,4608114.512607178
67743767.33971588,180650046.23924237,33871883.66985794
20687648.18419032,55167061.82450753,10343824.09209516
45367706.154065534,120980549.74417476,22683853.077032767
34548977.16408023,92130605.77088062,17274488.582040116
8443161.102669926,22515096.273786474,4221580.551334963
-5171537.61667616,-13790766.977803092,-2585768.80833808
21649984.710731696,57733292.56195119,10824992.355365848
42829141.79870478,114211044.79654609,21414570.89935239
1038401.1364240122,2769069.697130699,519200.5682120061
80602181.81663077,214939151.51101536,40301090.90831538
23145707.33983243,61721886.239553146,11572853.669916214
45550188.93472859,121467170.49260958,22775094.467364296
-16085689.719491864,-42895172.58531164,-8042844.859745932
57080318.52571393,152214182.73523715,28540159.262856964
15384238.662502043,41024636.433338776,7692119.3312510215
50951987.96086464,135871967.89563903,25475993.98043232
54295578.13270045,144788208.3538679,27147789.066350225
2155276.9835582064,5747405.289488549,1077638.4917791032
24477770.96097193,65274055.89592514,12238885.480485965
21337330.31874765,56899547.5166604,10668665.159373825
34968388.56912902,93249036.18434405,17484194.28456451
30326335.134587158,80870227.02556576,15163167.567293579
33272452.232492045,88726539.28664546,16636226.116246022
-8194598.0289229555,-21852261.410461217,-4097299.0144614778
26482277.187281415,70619405.83275044,13241138.593640707
-3468538.646282455,-9249436.390086547,-1734269.3231412275
15285776.793442264,40762071.44917937,7642888.396721132
-33197872.15069929,-88527659.06853144,-16598936.075349646
85122121.63524517,226992324.3606538,42561060.81762259
6502037.129066605,17338765.677510947,3251018.5645333026
6126715.373572394,16337907.66285972,3063357.686786197
30393629.42144247,81049678.45717992,15196814.710721236
15094197.011881297,40251192.03168346,7547098.505940649
33915469.84166811,90441252.91111496,16957734.920834053
25507659.20484475,68020424.54625267,12753829.602422375
23567197.692506973,62845860.513351925,11783598.846253486
18041777.454078946,48111406.54421052,9020888.727039473
48666814.327460304,129778171.53989415,24333407.163730152
44438356.43314545,118502283.82172118,22219178.216572724
11805993.474072058,31482649.264192153,5902996.737036029
29141297.14868933,77710125.7298382,14570648.574344665
10401231.43798087,27736617.167948984,5200615.718990435
15278360.905766392,40742295.74871038,7639180.452883196
46398160.36351844,123728427.63604917,23199080.18175922
-1953000.3038249575,-5208000.810199887,-976500.1519124787
32229428.65004409,85945143.06678425,16114714.325022046
3971446.3049776605,10590523.479940427,1985723.1524888303
-14256865.010400249,-38018306.69440066,-7128432.505200124
59923808.360967435,159796822.29591316,29961904.180483717
14717621.356347375,39246990.283593,7358810.678173687
37094089.88883481,98917573.03689283,18547044.944417406
26501381.613460116,70670350.96922699,13250690.806730058
46469879.39391789,123919678.38378105,23234939.696958944
12401359.37653425,33070291.670758,6200679.688267125
30776026.782742806,82069404.75398082,15388013.391371403
51102080.330023184,136272214.21339515,25551040.165011592
19006161.38731967,50683097.032852456,9503080.693659835
24383137.98733615,65021701.29956307,12191568.993668076
86015787.6105375,229375433.62809998,43007893.80526875
30339333.96435792,80904890.57162112,15169666.98217896
27661280.119562957,73763413.65216789,13830640.059781479
18668771.341118593,49783390.24298292,9334385.670559296
28115147.843225025,74973727.58193341,14057573.921612512
69800616.76970097,186134978.05253592,34900308.38485049
16358657.116230005,43623085.643280014,8179328.558115003
44530188.645302705,118747169.72080721,22265094.322651353
-24333412.307791714,-64889099.487444565,-12166706.153895857
45614401.16049304,121638403.09464811,22807200.58024652
67898351.24550836,181062269.9880223,33949175.62275418
18530067.58398236,49413513.55728629,9265033.79199118
12640775.794985043,33708735.45329345,6320387.897492521
30878299.92833267,82342133.14222045,15439149.964166336
31271180.67012128,83389815.1203234,15635590.33506064
41853550.60718525,111609468.28582734,20926775.303592626
23550104.327573735,62800278.20686329,11775052.163786868
34992789.56721363,93314105.5125697,17496394.783606816
50410865.84538825,134428975.587702,25205432.922694124
51293498.414556496,136782662.43881732,25646749.207278248
-19370614.685587965,-51654972.49490124,-9685307.342793982
87713110.41440873,233901627.77175662,43856555.207204364
18288523.19490021,48769395.18640056,9144261.597450105
46172746.328020595,123127323.54138824,23086373.164010298
-14360792.573603295,-38295446.862942114,-7180396.286801647
48094814.2436988,128252837.9831968,24047407.1218494
33670064.67802198,89786839.14139195,16835032.33901099
-19916849.132372994,-53111597.68632798,-9958424.566186497
26022064.67747248,69392172.47325996,13011032.33873624
36622710.414956994,97660561.10655199,18311355.207478497
34682493.762840346,92486650.03424093,17341246.881420173
4719133.630619843,12584356.34831958,2359566.8153099213
1143887.8798583297,3050367.6796222124,571943.9399291648
7537472.862959996,20099927.63455999,3768736.431479998
69446471.30142489,185190590.13713303,34723235.650712445
88994683.44041291,237319155.8411011,44497341.720206454
20384487.50703014,54358633.352080375,10192243.75351507
-2301939.3162651267,-6138504.843373671,-1150969.6581325633
24288002.946236897,64768007.856631726,12144001.473118449
8174992.030976579,21799978.749270875,4087496.0154882893
56447301.37551256,150526137.00136682,28223650.68775628
35044825.28811765,93452867.43498039,17522412.644058824
-1865863.619429431,-4975636.318478483,-932931.8097147155
-40586639.87097518,-108231039.65593381,-20293319.93548759
27419073.904268302,73117530.41138214,13709536.952134151
61735736.81933794,164628631.5182345,30867868.40966897
24516319.360357646,65376851.62762039,12258159.680178823
27068518.36650809,72182715.64402157,13534259.183254045
28329487.134586155,75545299.02556309,14164743.567293078
49262963.53399603,131367902.75732276,24631481.766998015
2452422.1316181454,6539792.350981722,1226211.0658090727
45668153.58217676,121781742.8858047,22834076.79108838
69639450.664268,185705201.77138132,34819725.332134
31359648.626853712,83625729.6716099,15679824.313426856
55942101.76343349,149178938.03582266,27971050.881716747
26540278.46703633,70774075.91209687,13270139.233518165
18187419.733646598,48499785.956390925,9093709.866823299
-30956111.499361657,-82549630.66496441,-15478055.749680828
26771024.834309857,71389399.55815962,13385512.417154929
4942077.988754623,13178874.636678994,2471038.9943773113
-27636952.36206519,-73698539.63217384,-13818476.181032594
-54729853.355082825,-145946275.6135542,-27364926.677541412
-10731466.926649185,-28617245.13773116,-5365733.463324592
50290856.76297479,134108951.36793277,25145428.381487396
28916028.593507927,77109409.58268781,14458014.296753963
612999.1653731598,1634664.4409950927,306499.5826865799
80784140.52361482,215424374.7296395,40392070.26180741
35674320.38524539,95131521.02732104,17837160.192622695
-27756013.173058327,-74016035.12815554,-13878006.586529164
30449056.989140376,81197485.30437434,15224528.494570188
38325182.83798959,102200487.56797224,19162591.418994796
53245250.07377999,141987333.53007996,26622625.036889996
22299088.27332027,59464235.39552072,11149544.136660134
45041600.20968402,120110933.89249073,22520800.10484201
-11052762.935888581,-29474034.495702885,-5526381.4679442905
26698970.44176929,71197254.51138477,13349485.220884645
80398672.10416248,214396458.9444333,40199336.05208124
60043721.730616204,160116591.2816432,30021860.865308102
72249560.48402512,192665494.62406698,36124780.24201256
4762532.59823721,12700086.92863256,2381266.299118605
1237670.8053901037,3300455.4810402766,618835.4026950519
9967200.967782589,26579202.58075357,4983600.483891294
32590801.54999448,86908804.13331862,16295400.77499724
-2322471.36533172,-6193256.97421792,-1161235.68266586
44604591.37087254,118945576.98899344,22302295.68543627
39347216.53079524,104925910.7487873,19673608.26539762
48068321.97866013,128182191.94309369,24034160.989330065
6570984.557988259,17522625.48796869,3285492.2789941295
-7128118.958878969,-19008317.22367725,-3564059.4794394844
35240204.75677543,93973879.35140115,17620102.378387716
6449822.9608109845,17199527.89549596,3224911.4804054922
45535244.05951281,121427317.49203415,22767622.029756404
-4099877.056833559,-10933005.48488949,-2049938.5284167796
10931161.076188872,29149762.869836994,5465580.538094436
84460236.0860907,225227296.22957522,42230118.04304535
35034492.62315744,93425313.66175318,17517246.31157872
40783882.61947502,108757020.31860006,20391941.30973751
58400438.68315864,155734503.1550897,29200219.34157932
1655696.8305325853,4415191.548086894,827848.4152662926
10263828.194861114,27370208.519629635,5131914.097430557
65226104.67424884,173936279.13133022,32613052.33712442
76328335.96512216,203542229.24032578,38164167.98256108
44980399.442014456,119947731.84537189,22490199.721007228
38681721.92561795,103151258.46831453,19340860.962808974
62247553.1051371,165993474.94703227,31123776.55256855
42540150.96946876,113440402.58525,21270075.48473438
18438360.356209602,49168960.94989227,9219180.178104801
12311521.509360796,32830724.02496212,6155760.754680398
38740255.75166023,103307348.67109394,19370127.875830114
30873041.032365482,82328109.41964129,15436520.516182741
-6545417.2181402985,-17454445.915040795,-3272708.6090701493
11804403.897472214,31478410.39325924,5902201.948736107
-2514866.8915150426,-6706311.710706781,-1257433.4457575213
50667250.5760969,135112668.20292506,25333625.28804845
10123458.375423517,26995889.00112938,5061729.187711759
-12342653.487870706,-32913742.634321887,-6171326.743935353
50310484.95211423,134161293.20563795,25155242.476057116
-9410387.948110465,-25094367.86162791,-4705193.9740552325
74451857.01844226,198538285.3825127,37225928.50922113
62860465.42755458,167627907.8068122,31430232.71377729
-5053113.42296557,-13474969.127908187,-2526556.711482785
25935856.947713714,69162285.19390324,12967928.473856857
31684391.039612524,84491709.43896674,15842195.519806262
-33944668.647015445,-90519116.39204118,-16972334.323507722
-19637862.48231108,-52367633.28616288,-9818931.24115554
11721917.893190894,31258447.715175718,5860958.946595447
5173842.001377629,13796912.003673678,2586921.0006888146
17096164.22997531,45589771.27993415,8548082.114987655
-7529315.432802499,-20078174.48747333,-3764657.7164012496
-5479415.728770761,-14611775.276722027,-2739707.8643853804
15373793.14436618,40996781.71830982,7686896.57218309
35702667.20286668,95207112.5409778,17851333.60143334
1604089.378000617,4277571.674668312,802044.6890003085
-18216662.295532774,-48577766.121420726,-9108331.147766387
26588628.472743344,70903009.26064892,13294314.236371672
32033464.58203898,85422572.21877061,16016732.29101949
62902287.64063948,167739433.70837194,31451143.82031974
55214593.6133863,147238916.30236349,27607296.80669315
13873086.53876587,36994897.43670899,6936543.269382935
13341462.884592775,35577234.35891407,6670731.442296388
31097135.351164635,82925694.26977237,15548567.675582318
36369964.23647032,96986571.29725419,18184982.11823516
4555046.470066647,12146790.586844392,2277523.2350333235
-7186631.971768985,-19164351.924717292,-3593315.9858844923
12150010.021842537,32400026.724913433,6075005.010921269
49097156.48277334,130925750.62072891,24548578.24138667
5020367.398526852,13387646.396071607,2510183.699263426
32148814.918070123,85730173.11485367,16074407.459035061
7948731.171076162,21196616.4562031,3974365.585538081
-5627365.045419144,-15006306.787784385,-2813682.522709572
61830511.82801564,164881364.87470835,30915255.91400782
4136565.14746536,11030840.393240958,2068282.57373268
24616934.565111805,65645158.840298146,12308467.282555902
-11437735.446499957,-30500627.857333217,-5718867.723249978
-17699674.68604883,-47199132.49613021,-8849837.343024416
24157377.572359152,64419673.52629108,12078688.786179576
22762180.529583316,60699148.07888884,11381090.264791658
9147297.912167698,24392794.432447195,4573648.956083849
14190933.261385683,37842488.69702849,7095466.6306928415
46345255.674594596,123587348.46558559,23172627.837297298
46841097.5355447,124909593.4281192,23420548.76777235
40243412.55299933,107315766.80799821,20121706.276499666
29863529.084367193,79636077.5583125,14931764.542183597
31621251.298084125,84323336.794891,15810625.649042062
32953508.25656845,87876022.01751587,16476754.128284225
13570983.030670237,36189288.081787296,6785491.515335118
30792351.904210683,82112938.4112285,15396175.952105341
62815091.98638725,167506911.96369934,31407545.993193626
19524629.849392522,52065679.59838005,9762314.924696261
89983638.37900236,239956369.01067296,44991819.18950118
22239378.79199322,59305010.11198191,11119689.39599661
-35032740.0501852,-93420640.13382721,-17516370.0250926
36769171.2472529,98051123.32600772,18384585.62362645
49643515.33425542,132382707.55801445,24821757.66712771
25638520.141669374,68369387.04445167,12819260.070834687
424846.9772528338,1132925.2726742234,212423.4886264169
66766817.58805426,178044846.90147805,33383408.79402713
43131402.75486028,115017074.01296075,21565701.37743014
78465678.27042148,209241808.72112393,39232839.13521074
84279412.05499148,224745098.81331062,42139706.02749574
12324981.135561556,32866616.36149748,6162490.567780778
37691409.285092354,100510424.76024628,18845704.642546177
17991755.79602684,47978015.45607158,8995877.89801342
53513452.601068944,142702540.26951718,26756726.300534472
6149069.096869088,16397517.591650901,3074534.548434544
46348964.15601496,123597237.74937321,23174482.07800748
78027650.1557383,208073733.74863544,39013825.07786915
13003484.819049668,34675959.517465785,6501742.409524834
92492459.13616914,246646557.69645104,46246229.56808457
16204557.343248066,43212152.915328175,8102278.671624033
4382980.363732712,11687947.636620566,2191490.181866356
8747587.216167336,23326899.243112896,4373793.608083668
37381950.82216273,99685202.19243395,18690975.411081366
8786621.37436856,23430990.331649493,4393310.68718428
7837735.3637623405,20900627.636699576,3918867.6818811703
44835233.79251549,119560623.44670796,22417616.896257743
17731539.74681493,47284105.99150647,8865769.873407464
40591573.946433015,108244197.19048804,20295786.973216508
59779821.39347363,159412857.04926303,29889910.696736816
48761768.174950495,130031381.799868,24380884.087475248
26886155.167727947,71696413.78060786,13443077.583863974
16109946.566199157,42959857.50986442,8054973.283099579
66575071.806233406,177533524.8166224,33287535.903116703
-6252247.705114066,-16672660.54697084,-3126123.852557033
24429912.421239045,65146433.123304114,12214956.210619522
7567853.287032944,20180942.098754518,3783926.643516472
2111890.237683761,5631707.30049003,1055945.1188418805
42507277.544751234,113352740.11933662,21253638.772375617
63632607.36830986,169686952.98215964,31816303.68415493
883689.3919335329,2356505.0451560877,441844.69596676645
-20169799.40493874,-53786131.74650331,-10084899.70246937
9632209.621458959,25685892.32389056,4816104.810729479
84820843.63205403,226188916.3521441,42410421.816027015
20543191.606216636,54781844.283244364,10271595.803108318
-15037667.738566114,-40100447.30284297,-7518833.869283057
39535281.89477619,105427418.38606983,19767640.947388094
32726257.777113892,87270020.73897038,16363128.888556946
26440556.97897831,70508151.94394216,13220278.489489155
51416463.86165265,137110570.2977404,25708231.930826325
21951884.643339958,58538359.04890655,10975942.321669979
34078167.51875221,90875113.38333923,17039083.759376105
8813555.418953316,23502814.450542174,4406777.709476658
-12140135.834743774,-32373695.55931673,-6070067.917371887
56395168.3205933,150387115.52158213,28197584.16029665
23631406.240849894,63017083.30893305,11815703.120424947
30627614.167629626,81673637.78034566,15313807.083814813
454717.66827953066,1212580.448745415,227358.83413976533
16071006.724904552,42856017.9330788,8035503.362452276
57317462.403926544,152846566.41047078,28658731.201963272
5585076.208041616,14893536.554777643,2792538.104020808
17953110.122344755,47874960.32625268,8976555.061172377
-1618670.0572174028,-4316453.485913075,-809335.0286087014
33545995.3796891,89455987.67917094,16772997.68984455
58309194.48073383,155491185.28195688,29154597.240366913
23611354.331814505,62963611.55150535,11805677.165907253
28122697.81470675,74993860.83921799,14061348.907353375
41174207.23211252,109797885.95230004,20587103.61605626
40090121.91814961,106906991.7817323,20045060.959074806
-18930229.735482123,-50480612.62795232,-9465114.867741061
-13391202.451154334,-35709873.203078225,-6695601.225577167
3019174.3611604953,8051131.6297613215,1509587.1805802477
52916287.7672116,141110100.71256426,26458143.8836058
63071042.58418397,168189446.89115724,31535521.292091984
41925044.25879378,111800118.02345006,20962522.12939689
33435097.450504765,89160259.8680127,16717548.725252382
2192470.130168213,5846587.0137819005,1096235.0650841065
-645170.5886152876,-1720454.9029741,-322585.2943076438
29426971.28139206,78471923.4170455,14713485.64069603
41576733.49253497,110871289.3134266,20788366.746267486
31534914.638895556,84093105.70372148,15767457.319447778
35630409.01431268,95014424.03816713,17815204.50715634
-21297521.11546358,-56793389.641236216,-10648760.55773179
36780553.37906591,98081475.67750908,18390276.689532954
33288727.79419923,88769940.78453128,16644363.897099614
17347185.42528357,46259161.13408952,8673592.712641785
8902787.444741959,23740766.51931189,4451393.722370979
80172794.44859909,213794118.52959755,40086397.22429954
42778464.85115505,114075906.2697468,21389232.425577525
62586903.923038915,166898410.4614371,31293451.961519457
27418792.487368852,73116779.96631694,13709396.243684426
36257874.66851853,96687665.78271608,18128937.334259264
73258210.28115465,195355227.4164124,36629105.140577324
32894168.684639428,87717783.15903847,16447084.342319714
34801954.70537285,92805212.54766092,17400977.352686424
21199982.053633522,56533285.47635605,10599991.026816761
44628195.78225376,119008522.08601002,22314097.89112688
36953686.837875165,98543164.90100044,18476843.418937583
-15343429.896609414,-40915813.05762511,-7671714.948304707
-20211271.780412327,-53896724.74776621,-10105635.890206164
32951424.326126207,87870464.86966988,16475712.163063103
76455348.18148549,203880928.48396128,38227674.090742745
38450391.297394015,102534376.7930507,19225195.648697007
-2502985.439797184,-6674627.839459158,-1251492.719898592
26826036.03275207,71536096.08733885,13413018.016376035
62753710.487900965,167343227.96773592,31376855.243950482
24514952.06887513,65373205.51700034,12257476.034437565
21336170.063281823,56896453.502084866,10668085.031640911
102084478.58867708,272225276.2364722,51042239.29433854
-11567727.274026182,-30847272.730736487,-5783863.637013091
27050415.310188513,72134440.82716936,13525207.655094257
17433279.464847475,46488745.23959327,8716639.732423738
41651315.89016869,111070175.7071165,20825657.945084345
19803883.965882268,52810357.24235271,9901941.982941134
41695960.52947633,111189228.07860354,20847980.264738165
22809802.04718382,60826138.792490184,11404901.02359191
35080962.63561725,93549233.69497934,17540481.317808624
4913565.608162139,13102841.621765705,2456782.8040810693
33164060.063522365,88437493.5027263,16582030.031761182
38732242.32635049,103285979.53693463,19366121.163175244
-8001462.851478598,-21337234.270609595,-4000731.425739299
1241121.6429784766,3309657.714609271,620560.8214892383
59324403.78030162,158198410.08080432,29662201.89015081
-9018052.900495121,-24048141.067986988,-4509026.450247561
2831432.9837745,7550487.956731999,1415716.49188725
29776527.984602187,79404074.62560584,14888263.992301093
59545319.895726025,158787519.72193608,29772659.947863013
29685505.18528149,79161347.16075064,14842752.592640745
2976050.5590679236,7936134.824181129,1488025.2795339618
90617877.44158821,241647673.17756855,45308938.720794104
2976798.4102631067,7938129.094034951,1488399.2051315533
19922853.56289035,53127609.50104094,9961426.781445175
30096055.65671244,80256148.41789985,15048027.82835622
23329185.191631403,62211160.51101707,11664592.595815701
32289426.138475318,86105136.36926751,16144713.069237659
61522868.054523975,164060981.47873062,30761434.027261987
-23098030.575887587,-61594748.2023669,-11549015.287943793
11105519.86588609,29614719.642362908,5552759.932943045
34883871.44255803,93023657.18015476,17441935.721279014
31504914.855516404,84013106.28137708,15752457.427758202
-11565101.439205948,-30840270.504549194,-5782550.719602974
38489376.05776419,102638336.15403783,19244688.028882094
30533055.852638185,81421482.27370183,15266527.926319093
21494601.660667885,57318937.76178103,10747300.830333943
9997117.015265305,26658978.707374148,4998558.507632652
17659405.22252086,47091747.260055624,8829702.61126043
82323907.01603238,219530418.70941967,41161953.50801619
27680149.317909542,73813731.51442546,13840074.658954771
27032981.787803497,72087951.43414266,13516490.893901749
-11074352.307843696,-29531606.154249858,-5537176.153921848
-13942175.16480438,-37179133.77281168,-6971087.58240219
32958924.867156852,87890466.31241827,16479462.433578426
55436614.08190077,147830970.8850687,27718307.040950384
-6027436.948527155,-16073165.196072415,-3013718.4742635777
49772052.85446416,132725474.27857108,24886026.42723208
-15586738.37421878,-41564635.664583415,-7793369.18710939
-11635297.072259322,-31027458.85935819,-5817648.536129661
29543487.829557046,78782634.21215212,14771743.914778523
36970963.19453839,98589235.18543571,18485481.597269196
50615103.66728947,134973609.77943859,25307551.833644737
-17428252.435118422,-46475339.82698245,-8714126.217559211
33518604.345861997,89382944.92229865,16759302.172930999
30205722.29363692,80548592.78303179,15102861.14681846
66695037.57339606,177853433.52905616,33347518.78669803
51093539.2356367,136249437.96169788,25546769.61781835
60288477.65367168,160769273.74312449,30144238.82683584
30549671.930137817,81465791.81370085,15274835.965068908
27824075.724497773,74197535.2653274,13912037.862248886
39397463.25879388,105059902.02345034,19698731.62939694
19406192.33639535,51749846.2303876,9703096.168197675
47727197.99457013,127272527.98552033,23863598.997285064
10521754.948390374,28058013.195707664,5260877.474195187
21593181.528304357,57581817.40881162,10796590.764152179
61085844.01812562,162895584.048335,30542922.00906281
-15481815.082654895,-41284840.22041305,-7740907.541327448
67104628.86828704,178945676.9820988,33552314.43414352
25572399.685833942,68193065.8288905,12786199.842916971
-3384994.4058225183,-9026651.748860048,-1692497.2029112591
43108360.32494394,114955627.53318383,21554180.16247197
56303653.812824145,150143076.83419773,28151826.906412072
55703432.86208565,148542487.6322284,27851716.431042824
62421510.42039069,166457361.12104183,31210755.210195344
18391747.547564764,49044660.12683937,9195873.773782382
11187300.62664126,29832801.671043362,5593650.31332063
18136077.95026868,48362874.5340498,9068038.97513434
31802494.158468023,84806651.08924806,15901247.079234011
36676206.67091406,97803217.78910416,18338103.33545703
-47396286.782509126,-126390098.08669099,-23698143.391254563
58381072.5196387,155682860.05236986,29190536.25981935
43173277.07817978,115128738.87514608,21586638.53908989
195231.6443364993,520617.71823066485,97615.82216824965
93397229.06470068,249059277.50586846,46698614.53235034
47656211.45926859,127083230.55804957,23828105.729634296
3426982.1984290597,9138619.195810826,1713491.0992145299
43824610.07432983,116865626.86487956,21912305.037164915
-5622644.185442482,-14993717.82784662,-2811322.092721241
-26378851.047508586,-70343602.79335622,-13189425.523754293
37323493.33513136,99529315.5603503,18661746.66756568
18748748.146705054,49996661.72454681,9374374.073352527
10455392.31410525,27881046.170947332,5227696.157052625
50563222.72685068,134835260.60493517,25281611.36342534
526418.1533337034,1403781.742223209,263209.0766668517
46113677.77733134,122969807.4062169,23056838.88866567
50687789.07453682,135167437.5320982,25343894.53726841
-26450194.86506582,-70533852.97350886,-13225097.43253291
29905487.201042037,79747965.86944544,14952743.600521019
11140024.531480903,29706732.08394907,5570012.265740451
15254441.15509748,40678509.74692661,7627220.57754874
-26282462.338350613,-70086566.23560163,-13141231.169175306
59734651.8019338,159292404.8051568,29867325.9009669
18040710.720650285,48108561.921734095,9020355.360325143
31994259.815012116,85318026.17336565,15997129.907506058
4635896.205103763,12362389.880276702,2317948.1025518817
35581100.94691568,94882935.85844181,17790550.47345784
9730185.238728937,25947160.6366105,4865092.619364468
18682070.706070576,49818855.21618821,9341035.353035288
58559325.15519193,156158200.41384515,29279662.577595964
2623638.0308010355,6996368.0821360955,1311819.0154005177
-18946601.577020887,-50524270.8720557,-9473300.788510444
16806381.83357789,44817018.22287437,8403190.916788945
10904613.660074376,29078969.760198336,5452306.830037188
55495103.93923334,147986943.83795556,27747551.96961667
61265970.689581476,163375921.83888394,30632985.344790738
50948993.40118009,135863982.4031469,25474496.700590044
371394.35269027896,990384.9405074106,185697.17634513948
7761684.859857218,20697826.292952582,3880842.429928609
60434684.729030535,161159159.27741477,30217342.364515267
22913790.122482467,61103440.326619916,11456895.061241234
43935585.35530887,117161560.9474903,21967792.677654434
21431468.8354553,57150583.56121413,10715734.41772765
36363546.854963236,96969458.27990195,18181773.427481618
49680631.95542476,132481685.21446604,24840315.97771238
-2692416.0972746606,-7179776.259399096,-1346208.0486373303
76832025.11001107,204885400.29336283,38416012.555005535
15064526.020874787,40172069.38899943,7532263.010437394
-11713316.873027086,-31235511.661405563,-5856658.436513543
-6455890.0633298615,-17215706.835546296,-3227945.0316649307
10408514.710024396,27756039.22673172,5204257.355012198
44990570.33505953,119974854.22682542,22495285.167529766
-846267.5557004958,-2256713.481867989,-423133.7778502479
1283282.4925492855,3422086.6467980947,641641.2462746428
80448706.74674039,214529884.65797436,40224353.37337019
1221704.8397654335,3257879.5727078225,610852.4198827167
-5159731.158852679,-13759283.09027381,-2579865.5794263394
46751475.7173737,124670601.91299653,23375737.85868685
39404073.04017897,105077528.10714392,19702036.520089485
29878278.011725694,79675408.0312685,14939139.005862847
4152247.866993111,11072660.978648297,2076123.9334965555
40954432.20327777,109211819.2087407,20477216.101638883
29003683.640177205,77343156.37380588,14501841.820088603
24395272.474036653,65054059.93076441,12197636.237018326
-141965.19999488676,-378573.8666530314,-70982.59999744338
84704789.63648283,225879439.0306209,42352394.81824142
1478236.4725010418,3941963.926669445,739118.2362505209
-8034115.946218159,-21424309.18991509,-4017057.9731090795
19203910.22985476,51210427.27961269,9601955.11492738
52704542.0843388,140545445.5582368,26352271.0421694
8094927.606030114,21586473.616080303,4047463.803015057
20180017.085282527,53813378.89408674,10090008.542641263
27232735.09809676,72620626.92825803,13616367.54904838
37319222.91733917,99517927.77957112,18659611.458669584
5846924.194819757,15591797.852852685,2923462.0974098784
72462494.26665455,193233318.04441214,36231247.133327276
1826677.6405279045,4871140.374741078,913338.8202639522
15435026.910790253,41160071.76210734,7717513.455395127
69488522.93260404,185302727.82027745,34744261.46630202
91384075.41341813,243690867.76911503,45692037.706709065
5290021.931576863,14106725.150871634,2645010.9657884315
44950308.30330047,119867488.80880125,22475154.151650235
14227829.81530454,37940879.50747877,7113914.90765227
8691654.328665586,23177744.876441564,4345827.164332793
38095934.24000977,101589157.97335939,19047967.120004885
51348045.367601685,136928120.98027116,25674022.683800843
5215539.617011733,13908105.645364622,2607769.8085058667
45571733.9144644,121524623.77190506,22785866.9572322
31178143.894562133,83141717.05216569,15589071.947281066
-22611654.589972608,-60297745.573260285,-11305827.294986304
80619892.1099213,214986378.95979017,40309946.05496065
13992712.077807643,37313898.87415371,6996356.038903821
20411348.698511366,54430263.196030304,10205674.349255683
39826797.43959247,106204793.1722466,19913398.719796237
34967956.180144735,93247883.14705263,17483978.090072367
2747339.3210645155,7326238.189505374,1373669.6605322578
75693096.40759811,201848257.0869283,37846548.203799054
31418890.256142292,83783707.34971277,15709445.128071146
27930770.488014866,74482054.6347063,13965385.244007433
42243803.18862312,112650141.83632833,21121901.59431156
40373048.464213096,107661462.57123493,20186524.232106548
-5676491.695004635,-15137311.186679026,-2838245.8475023173
8742969.554185899,23314585.477829065,4371484.7770929495
13993703.901957233,37316543.73855262,6996851.950978616
13427134.088469133,35805690.90258435,6713567.044234566
57800915.56536154,154135774.8409641,28900457.78268077
-6358391.093077001,-16955709.58153867,-3179195.5465385006
-1192734.677825541,-3180625.807534776,-596367.3389127705
30277110.46762583,80738961.24700221,15138555.233812915
28511605.239498336,76030947.3053289,14255802.619749168
62553376.33877047,166809003.5700546,31276688.169385236
-4028899.815950909,-10743732.842535758,-2014449.9079754546
-4614374.462995692,-12304998.567988511,-2307187.231497846
1232637.6910775746,3287033.8428735323,616318.8455387873
86573134.05574441,230861690.81531844,43286567.027872205
-21223322.468838617,-56595526.583569646,-10611661.234419309
54128359.0819836,144342290.8852896,27064179.5409918
33445717.103676073,89188578.9431362,16722858.551838037
10011097.129188329,26696259.01116888,5005548.5645941645
94769913.25805002,252719768.68813342,47384956.62902501
18595290.384654474,49587441.02574526,9297645.192327237
-57478305.95861571,-153275482.55630857,-28739152.979307856
35367579.2078481,94313544.5542616,17683789.60392405
81305185.95821406,216813829.2219042,40652592.97910703
22157215.2809877,59085907.415967196,11078607.64049385
12252542.361379504,32673446.29701201,6126271.180689752
56421378.790807344,150457010.10881957,28210689.395403672
49049387.59815084,130798366.92840226,24524693.79907542
40945760.38933258,109188694.37155354,20472880.19466629
58748658.98241307,156663090.61976817,29374329.491206534
3161411.6778702475,8430431.140987327,1580705.8389351238
14759938.357522754,39359835.62006068,7379969.178761377
16177375.536936611,43139668.09849763,8088687.7684683055
43455485.38175688,115881294.35135168,21727742.69087844
49261090.2755428,131362907.40144747,24630545.1377714
79046681.86415243,210791151.63773984,39523340.932076216
43224230.04164079,115264613.44437544,21612115.020820394
-9290382.671322165,-24774353.790192436,-4645191.3356610825
32191334.40745452,85843558.41987872,16095667.20372726
62227340.469461165,165939574.58522975,31113670.234730583
34968365.18414896,93248973.82439724,17484182.59207448
35942011.49771439,95845363.99390504,17971005.748857196
30101074.455517646,80269531.88138038,15050537.227758823
-11772513.893334327,-31393370.382224873,-5886256.946667164
15211472.748253299,40563927.328675464,7605736.374126649
42356085.84338032,112949562.24901418,21178042.92169016
44075768.78227147,117535383.41939059,22037884.391135734
24036419.20780955,64097117.88749213,12018209.603904774
27434386.607959203,73158364.28789121,13717193.303979602
32911980.42667099,87765281.13778931,16455990.213335495
28296197.107130803,75456525.61901549,14148098.553565402
-21522730.685851634,-57393948.49560435,-10761365.342925817
48207483.03870562,128553288.10321498,24103741.51935281
71813143.80900675,191501716.82401803,35906571.904503375
36214943.78574432,96573183.42865151,18107471.89287216
13070017.424245343,34853379.79798758,6535008.712122671
-12665519.998509847,-33774719.99602626,-6332759.999254923
36393705.128407694,97049880.34242052,18196852.564203847
36512058.95692129,97365490.55179009,18256029.478460643
22524387.74687741,60065033.99167309,11262193.873438705
-11044663.370465094,-29452435.654573582,-5522331.685232547
43974978.646186955,117266609.7231652,21987489.323093478
13419381.728223061,35785017.94192816,6709690.864111531
24581795.312037144,65551454.165432386,12290897.656018572
34709233.113135114,92557954.9683603,17354616.556567557
-14259776.892889189,-38026071.71437117,-7129888.446444594
4688177.221753696,12501805.924676523,2344088.610876848
43060715.573409624,114828574.86242566,21530357.786704812
4510643.981472922,12028383.950594457,2255321.990736461
8020.446018426608,21387.856049137623,4010.223009213304
15146585.640811512,40390895.042164035,7573292.820405756
-6411406.862735877,-17097084.967295673,-3205703.4313679384
21065911.80618668,56175764.81649781,10532955.90309334
22458067.213234767,59888179.23529272,11229033.606617384
-35540590.09337956,-94774906.91567881,-17770295.04668978
9141770.700164812,24378055.200439498,4570885.350082406
49484651.57964293,131959070.87904781,24742325.789821465
44063336.36979991,117502230.31946643,22031668.184899956
-6784773.084175188,-18092728.22446717,-3392386.542087594
20958299.347383667,55888798.25968978,10479149.673691833
58260945.169268586,155362520.4513829,29130472.584634293
-19336628.53507394,-51564342.76019717,-9668314.26753697
32722423.871943194,87259796.99184851,16361211.935971597
-3960371.320619166,-10560990.188317776,-1980185.660309583
23324609.931211032,62198959.81656275,11662304.965605516
28039404.90843344,74771746.42248917,14019702.45421672
29092494.394951776,77579985.05320473,14546247.197475888
53338863.533882655,142236969.4236871,26669431.766941328
-17413069.87424943,-46434852.997998476,-8706534.937124714
42761597.88716805,114030927.6991148,21380798.943584025
21631610.752621084,57684295.34032289,10815805.376310542
41546881.16583252,110791683.10888672,20773440.58291626
32096120.289656755,85589654.10575135,16048060.144828377
22832932.970840156,60887821.25557375,11416466.485420078
50971823.37340909,135924862.32909092,25485911.686704546
2813009.0192591744,7501357.384691132,1406504.5096295872
28646775.574981052,76391401.53328282,14323387.787490526
-24940987.028698422,-66509298.74319579,-12470493.514349211
37766349.74992114,100710265.99978971,18883174.87496057
16144201.628894486,43051204.34371863,8072100.814447243
36939807.87482475,98506154.332866,18469903.937412374
-6432176.4244475225,-17152470.46519339,-3216088.2122237612
47351814.47648972,126271505.27063926,23675907.23824486
28272412.433454353,75393099.82254495,14136206.216727177
12885206.28107886,34360550.08287696,6442603.14053943
20270549.05531605,54054797.4808428,10135274.527658025
76831929.01481767,204885144.03951377,38415964.507408835
37092459.93076381,98913226.48203681,18546229.965381905
-24723470.82662674,-65929255.537671305,-12361735.41331337
63034844.11854371,168092917.64944988,31517422.059271853
-3054581.3247798122,-8145550.199412832,-1527290.6623899061
-7377956.111691661,-19674549.63117776,-3688978.0558458306
25459254.930887483,67891346.48236662,12729627.465443742
-16251511.44810161,-43337363.861604296,-8125755.724050805
2987213.590906125,7965902.909083,1493606.7954530625
46770095.5724735,124720254.85992935,23385047.78623675
-4531085.016347174,-12082893.376925796,-2265542.508173587
64452894.41308403,171874385.1015574,32226447.206542015
27966691.287892036,74577843.43437876,13983345.643946018
55737540.20464437,148633440.5457183,27868770.102322184
17543730.750249155,46783282.00066442,8771865.375124577
69097887.77607273,184261034.06952724,34548943.88803636
34376713.45877392,91671235.89006378,17188356.72938696
57244284.35981767,152651424.95951378,28622142.179908834
25993237.125276096,69315299.00073625,12996618.562638048
88141844.15142854,235044917.73714274,44070922.07571427
20675966.577827167,55135910.874205776,10337983.288913583
45740039.71807497,121973439.24819992,22870019.859037485
27561932.077885527,73498485.54102807,13780966.038942764
38389497.37491682,102371992.9997782,19194748.68745841
75698165.90842152,201861775.75579068,37849082.95421076
15650605.566615969,41734948.177642584,7825302.7833079845
-26204149.135905012,-69877731.02908003,-13102074.567952506
35807680.166322656,95487147.11019374,17903840.083161328
23147690.897629708,61727175.72701255,11573845.448814854
-36224151.73247891,-96597737.9532771,-18112075.866239455
-22451066.775863826,-59869511.40230353,-11225533.387931913
2667623.354043032,7113662.277448085,1333811.677021516
52858052.53414941,140954806.75773177,26429026.267074704
50446899.397089444,134525065.05890518,25223449.698544722
51623227.24924975,137661939.33133265,25811613.624624874
13854409.099575274,36945090.93220073,6927204.549787637
4541235.848252051,12109962.262005469,2270617.9241260253
37475637.08204125,99935032.21877666,18737818.541020624
39418371.07340016,105115656.19573377,19709185.53670008
42117426.01763399,112313136.04702398,21058713.008816995
23681342.28844481,63150246.10251949,11840671.144222405
73147676.21715601,195060469.912416,36573838.108578004
57342145.94724703,152912389.19265875,28671072.973623514
6204605.14106483,16545613.709506214,3102302.570532415
50953827.23315289,135876872.62174103,25476913.616576444
-25912960.022546902,-69101226.72679174,-12956480.011273451
-9310544.523639373,-24828118.729704995,-4655272.261819687
32032708.516832776,85420556.04488741,16016354.258416388
41797464.598285735,111459905.59542862,20898732.299142867
43418762.34270668,115783366.2472178,21709381.17135334
85345129.09163897,227587010.91103727,42672564.54581948
83061007.47092573,221496019.9224686,41530503.73546287
-5108844.934531856,-13623586.492084948,-2554422.467265928
23025768.675312776,61402049.80083407,11512884.337656388
53969261.31008647,143918030.16023058,26984630.655043233
30864900.20661959,82306400.55098557,15432450.103309795
51087438.32565683,136233168.86841822,25543719.162828416
3850256.3645803733,10267350.305547662,1925128.1822901866
-17946770.783405155,-47858055.42241375,-8973385.391702577
10703714.800970022,28543239.46925339,5351857.400485011
42883136.67872397,114355031.1432639,21441568.339361984
54004168.71553265,144011116.57475373,27002084.357766327
31344659.82977317,83585759.54606178,15672329.914886585
-20461320.308434047,-54563520.8224908,-10230660.154217023
56885043.509229966,151693449.35794657,28442521.754614983
2279691.313245449,6079176.835321198,1139845.6566227246
5778202.3341568,15408539.557751466,2889101.1670784
52735079.39231498,140626878.37950662,26367539.69615749
57809762.58802833,154159366.90140888,28904881.294014163
61653837.7320718,164410233.95219147,30826918.8660359
20000458.257479146,53334555.35327772,10000229.128739573
6318226.396240487,16848603.723307963,3159113.1981202434
51015179.68337933,136040479.1556782,25507589.841689665
18070226.09599604,48187269.589322776,9035113.04799802
-3119605.1157937264,-8318946.975449936,-1559802.5578968632
41568092.97044962,110848247.92119898,20784046.48522481
26979295.501388375,71944788.00370233,13489647.750694187
45963108.143073745,122568288.38152997,22981554.071536873
-9903929.269563323,-26410478.05216886,-4951964.634781661
48803737.08594165,130143298.8958444,24401868.542970825
-5525460.24298757,-14734560.647966854,-2762730.121493785
20981381.198307473,55950349.86215326,10490690.599153737
59617284.59904477,158979425.59745273,29808642.299522385
31328455.147692986,83542547.06051463,15664227.573846493
46034368.52076665,122758316.05537775,23017184.260383327
34696512.76059043,92524034.02824114,17348256.380295213
39534102.0213787,105424272.05700988,19767051.01068935
78154091.70327088,208410911.20872238,39077045.85163544
18035804.71990782,48095479.25308753,9017902.35995391
22223989.00064986,59263970.668399625,11111994.50032493
31148234.76816821,83061959.38178189,15574117.384084105
74384303.34236495,198358142.24630654,37192151.671182476
87487347.36476365,233299592.97270304,43743673.68238182
81442409.93524031,217179759.8273075,40721204.96762016
5130176.857030081,13680471.61874688,2565088.4285150403
27384691.445238285,73025843.85396877,13692345.722619142
43029836.05048268,114746229.46795383,21514918.02524134
57266599.7133208,152710932.56885546,28633299.8566604
-1800075.1027383257,-4800200.273968869,-900037.5513691629
36920463.59707217,98454569.59219244,18460231.798536085
-12329947.828077726,-32879860.874873932,-6164973.914038863
-274182.7895293175,-731154.1054115134,-137091.39476465876
4908829.811254651,13090212.830012403,2454414.9056273256
-8323110.88930002,-22194962.37146672,-4161555.44465001
-5505497.246271843,-14681325.990058247,-2752748.6231359215
46017391.61157123,122713044.29752328,23008695.805785615
37982289.74563769,101286105.98836718,18991144.872818846
42841442.01351945,114243845.36938521,21420721.006759726
54162159.81895283,144432426.18387422,27081079.909476414
26198235.653796114,69861961.7434563,13099117.826898057
13280354.446216822,35414278.52324486,6640177.223108411
37779890.43058698,100746374.48156527,18889945.21529349
29353056.03803953,78274816.10143875,14676528.019019766
67358075.2751841,179621534.0671576,33679037.63759205
45373329.988394365,120995546.6357183,22686664.994197182
68743860.87299599,183316962.32798928,34371930.436497994
43144749.32788066,115052664.87434842,21572374.66394033
14255465.216226237,38014573.90993664,7127732.608113118
2370626.6674971706,6321671.113325789,1185313.3337485853
-3016944.877964961,-8045186.341239896,-1508472.4389824804
57188385.0757272,152502360.20193923,28594192.5378636
38547339.67812644,102792905.80833718,19273669.83906322
22472183.261398226,59925822.03039527,11236091.630699113
24054238.545998476,64144636.122662604,12027119.272999238
102070170.52547252,272187121.4012601,51035085.26273626
88466413.00307661,235910434.67487097,44233206.50153831
25833924.256789785,68890464.68477276,12916962.128394892
70749171.45378233,188664457.21008623,35374585.72689117
3253364.460879017,8675638.562344046,1626682.2304395086
28554840.37376851,76146240.99671602,14277420.186884254
54810057.61219959,146160153.63253224,27405028.806099795
33789311.61914612,90104830.98438966,16894655.80957306
49823816.3668959,132863510.31172238,24911908.18344795
26434058.456609808,70490822.55095948,13217029.228304904
65209541.38772465,173892110.36726576,32604770.693862326
47706111.01074681,127216296.02865817,23853055.505373403
22721565.973504215,60590842.596011244,11360782.986752108
2110054.845125875,5626812.920335666,1055027.4225629375
49069234.87290268,130851292.99440715,24534617.43645134
51824496.97562572,138198658.6016686,25912248.48781286
25145236.517844696,67053964.04758586,12572618.258922348
74213043.87116589,197901450.32310903,37106521.93558294
55066283.57407569,146843422.86420184,27533141.787037846
30123342.825106394,80328914.20028372,15061671.412553197
34871546.37560068,92990790.33493516,17435773.18780034
29718406.187743157,79249083.16731508,14859203.093871579
47344691.53263901,126252510.75370403,23672345.766319506
25203452.3794715,67209206.34525733,12601726.18973575
29698260.29729888,79195360.79279701,14849130.14864944
51605014.914522,137613373.10539198,25802507.457261
5918491.998431763,15782645.329151368,2959245.9992158813
76210763.38301916,203228702.35471776,38105381.69150958
-24413492.09381031,-65102645.58349416,-12206746.046905154
21139988.64841826,56373303.06244869,10569994.32420913
15330724.063100912,40881930.83493576,7665362.031550456
2696828.2979411827,7191542.127843154,1348414.1489705914
18394414.77822181,49051772.74192483,9197207.389110904
49734741.535979696,132625977.4292792,24867370.767989848
39900318.48172909,106400849.28461091,19950159.240864545
49449946.67683739,131866524.47156636,24724973.338418696
26105456.084003985,69614549.55734396,13052728.042001992
17587173.51921562,46899129.38457499,8793586.75960781
-4367206.501344497,-11645884.003585327,-2183603.2506722487
30450657.011883654,81201752.03168975,15225328.505941827
47386767.8429061,126364714.2477496,23693383.92145305
74173292.04529464,197795445.45411906,37086646.02264732
36366542.686637975,96977447.16436793,18183271.343318988
24514644.234563857,65372384.62550362,12257322.117281929
38644549.03915101,103052130.77106936,19322274.519575506
8039810.54039943,21439494.774398483,4019905.270199715
23839269.684595462,63571385.8255879,11919634.842297731
10741534.124281408,28644090.998083755,5370767.062140704
23161737.738724582,61764633.96993221,11580868.869362291
47932554.960305415,127820146.56081444,23966277.480152708
43000030.346703805,114666747.59121014,21500015.173351903
5546380.95781573,14790349.220841948,2773190.478907865
17955488.78860138,47881303.43627035,8977744.39430069
26142466.24399783,69713243.31732754,13071233.121998915
15543702.94047322,41449874.50792859,7771851.47023661
14737441.376260437,39299843.67002784,7368720.688130219
69208991.41093288,184557310.42915437,34604495.70546644
34861603.0282561,92964274.74201627,17430801.51412805
52795633.902323976,140788357.07286394,26397816.951161988
9500743.099137068,25335314.93103218,4750371.549568534
-6116955.969604443,-16311882.585611848,-3058477.9848022214
34258639.14808505,91356371.06156012,17129319.574042525
-10860690.967677094,-28961842.580472253,-5430345.483838547
35735410.84077994,95294428.9087465,17867705.42038997
-12792855.872552462,-34114282.32680657,-6396427.936276231
71176458.80232899,189803890.13954398,35588229.401164494
67069206.923068136,178851218.46151504,33534603.461534068
28921231.06657281,77123282.84419416,14460615.533286406
17635473.169285342,47027928.45142758,8817736.584642671
21489440.19976317,57305173.86603512,10744720.099881586
76113253.36094753,202968675.62919343,38056626.68047377
40432488.420120806,107819969.12032215,20216244.210060403
10749608.340531183,28665622.241416488,5374804.170265592
-4051345.5027617854,-10803588.007364761,-2025672.7513808927
7361591.131707112,19630909.6845523,3680795.565853556
74628946.05123061,199010522.80328164,37314473.025615305
26472316.778385215,70592844.74236058,13236158.389192607
27115949.44808517,72309198.52822712,13557974.724042585
31527939.35313651,84074504.94169736,15763969.676568255
-1403261.527281438,-3742030.7394171683,-701630.763640719
11581004.547052199,30882678.792139195,5790502.2735260995
-36113981.65897605,-96303951.09060279,-18056990.829488024
58608783.52881154,156290089.4101641,29304391.76440577
22244276.46445473,59318070.571879275,11122138.232227365
5521587.317535495,14724232.84676132,2760793.6587677477
24572360.694989085,65526295.186637565,12286180.347494543
73070729.65595216,194855279.0825391,36535364.82797608
62197872.07076618,165860992.18870983,31098936.03538309
2816903.5384532902,7511742.769208773,1408451.7692266451
-21289328.4056857,-56771542.41516187,-10644664.20284285
27761048.026950296,74029461.4052008,13880524.013475148
24172647.340292923,64460392.90744779,12086323.670146462
8224402.733210805,21931740.62189548,4112201.3666054024
27665851.161196887,73775603.09652503,13832925.580598444
-8443530.758725593,-22516082.023268245,-4221765.379362796
28320153.810380306,75520410.16101415,14160076.905190153
9824189.934062695,26197839.824167185,4912094.967031348
-2828774.4674075423,-7543398.579753446,-1414387.2337037711
32503746.2332961,86676656.62212294,16251873.11664805
9018461.049385566,24049229.465028178,4509230.524692783
27371292.322467625,72990112.85991366,13685646.161233813
19470838.676024593,51922236.469398916,9735419.338012297
68206482.23707777,181883952.6322074,34103241.11853889
58940752.11452217,157175338.9720591,29470376.057261083
33422505.43666753,89126681.16444676,16711252.718333766
-19402745.22516178,-51740653.93376475,-9701372.61258089
9411234.296528531,25096624.79074275,4705617.148264266
4451630.941526987,11871015.844071964,2225815.4707634933
74290667.13212223,198108445.68565932,37145333.56606112
1502183.2141635737,4005821.9044361967,751091.6070817868
79498633.96415032,211996357.23773417,39749316.98207516
18712534.31355029,49900091.50280077,9356267.156775145
45881010.45348935,122349361.20930493,22940505.226744674
45228536.61359495,120609430.96958654,22614268.306797475
-30745314.39488389,-81987505.0530237,-15372657.197441945
47587384.27925153,126899691.4113374,23793692.139625765
-13911180.33169441,-37096480.88451842,-6955590.165847205
33260818.70049271,88695516.53464723,16630409.350246355
3204312.3005140563,8544832.801370816,1602156.1502570282
-8195856.900874895,-21855618.402333055,-4097928.4504374475
43694932.807876386,116519820.82100369,21847466.403938193
-14693896.794058168,-39183724.784155115,-7346948.397029084
14202465.759057567,37873242.02415351,7101232.879528783
65645595.59111231,175054921.5762995,32822797.795556154
4515878.298891726,12042342.130377937,2257939.149445863
65288834.079479344,174103557.54527825,32644417.039739672
31082217.538667947,82885913.43644786,15541108.769333974
32290908.509798206,86109089.35946189,16145454.254899103
1602495.1251067426,4273320.333617981,801247.5625533713
10075811.72958931,26868831.278904825,5037905.864794655
87109576.28289643,232292203.42105713,43554788.141448215
-12333128.98865398,-32888343.96974395,-6166564.49432699
30123137.39630856,80328366.39015616,15061568.69815428
24209415.70588051,64558441.88234803,12104707.852940256
-24155578.21078502,-64414875.22876005,-12077789.10539251
43953960.06581537,117210560.17550763,21976980.032907683
58122749.26182767,154993998.03154045,29061374.630913835
46968080.171161644,125248213.78976439,23484040.085580822
38608318.7456006,102955516.65493494,19304159.3728003
44702731.72439073,119207284.59837529,22351365.862195365
-1216089.834101647,-3242906.224271058,-608044.9170508235
-5871119.148147216,-15656317.728392577,-2935559.574073608
37101135.15903432,98936360.42409152,18550567.57951716
28160871.593338847,75095657.58223693,14080435.796669424
-4551377.491910819,-12137006.645095516,-2275688.7459554095
4655506.042194068,12414682.779184183,2327753.021097034
59601793.1116684,158938114.96444908,29800896.5558342
52560490.20108799,140161307.2029013,26280245.100543994
55410347.67436171,147760927.13163123,27705173.837180857
-6527719.835090986,-17407252.893575963,-3263859.917545493
70536532.21482874,188097419.23954332,35268266.10741437
14147925.153840594,37727800.41024159,7073962.576920297
38506806.88078836,102684818.34876896,19253403.44039418
21277353.45463655,56739609.21236414,10638676.727318276
1969664.0251691765,5252437.400451138,984832.0125845883
44569724.41195858,118852598.43188955,22284862.20597929
2245962.4712599725,5989233.256693261,1122981.2356299863
13572815.062731475,36194173.500617266,6786407.531365737
40303228.161246635,107475275.09665768,20151614.080623318
28217750.679455876,75247335.14521566,14108875.339727938
65479847.70688175,174612927.21835133,32739923.853440873
46297693.172652304,123460515.12707281,23148846.586326152
-18424524.66345631,-49132065.76921683,-9212262.331728155
24291945.18471208,64778520.49256554,12145972.59235604
-52091403.528308064,-138910409.40882152,-26045701.764154032
14269306.18249686,38051483.15332496,7134653.09124843
-17777058.5675983,-47405489.51359547,-8888529.28379915
25205014.82340865,67213372.86242306,12602507.411704324
-5449762.116815112,-14532698.97817363,-2724881.058407556
35458528.142836824,94556075.04756486,17729264.071418412
1874314.7685263806,4998172.716070348,937157.3842631903
21772257.37456127,58059352.99883005,10886128.687280634
11591188.398040015,30909835.728106704,5795594.199020008
8776984.92452335,23405293.132062268,4388492.462261675
27769577.019933745,74052205.38648999,13884788.509966873
41392949.95190118,110381199.8717365,20696474.97595059
47108193.60193742,125621849.60516645,23554096.80096871
17044418.65717171,45451783.08579123,8522209.328585856
41438629.95630782,110503013.21682085,20719314.97815391
23890170.50095779,63707121.33588744,11945085.250478895
-19678416.949178834,-52475778.53114356,-9839208.474589417
-3329656.757138924,-8879084.685703797,-1664828.378569462
22031496.940065615,58750658.50684164,11015748.470032807
22446127.27015887,59856339.38709032,11223063.635079434
54013837.16284653,144036899.10092407,27006918.581423264
-6894628.466221439,-18385675.909923837,-3447314.2331107194
40631105.60952435,108349614.95873159,20315552.804762173
12941669.357702604,34511118.28720694,6470834.678851302
34297840.62082241,91460908.32219309,17148920.310411204
65384449.7775266,174358532.74007094,32692224.8887633
28130624.405982785,75014998.4159541,14065312.202991392
4264553.300568769,11372142.13485005,2132276.6502843844
30172834.44422009,80460891.85125357,15086417.222110044
75672040.35740165,201792107.61973777,37836020.17870083
56965485.180202335,151907960.48053956,28482742.590101168
-10177564.845363079,-27140172.92096821,-5088782.422681539
32943017.293532982,87848046.11608796,16471508.646766491
-17028757.797672898,-45410020.79379439,-8514378.898836449
-218301.01993998708,-582136.0531732988,-109150.50996999354
36782807.11664471,98087485.6443859,18391403.558322355
32969696.37050885,87919190.32135694,16484848.185254425
7767433.31140006,20713155.497066826,3883716.65570003
63798377.75088115,170129007.33568305,31899188.875440575
39817606.3444378,106180283.58516747,19908803.1722189
17557823.277104877,46820862.07227967,8778911.638552438
36538775.07819075,97436733.54184201,18269387.539095376
-13179590.038970632,-35145573.43725502,-6589795.019485316
31257270.222443055,83352720.59318149,15628635.111221528
51175953.22885541,136469208.61028108,25587976.614427704
-789524.2909902206,-2105398.109307255,-394762.1454951103
-10307993.197278626,-27487981.85940967,-5153996.598639313
17968963.88156903,47917237.017517425,8984481.940784516
70644577.79596011,188385540.78922695,35322288.89798006
29641591.5375849,79044244.1002264,14820795.76879245
21593453.113674704,57582541.63646588,10796726.556837352
32497117.605892405,86658980.28237975,16248558.802946202
33999495.70959042,90665321.89224112,16999747.85479521
57182031.81376245,152485418.17003322,28591015.906881224
60135678.95582923,160361810.54887795,30067839.477914616
80082291.32194193,213552776.8585118,40041145.66097096
20871531.6036904,55657417.60984106,10435765.8018452
21191913.956533,56511770.55075467,10595956.9782665
64459916.77474157,171893111.39931086,32229958.387370784
12666778.15128089,33778075.07008237,6333389.075640445
1525478.7072338974,4067943.219290393,762739.3536169487
47061891.11994763,125498376.31986034,23530945.559973814
72692643.032223,193847048.08592802,36346321.5161115
66754362.17453727,178011632.46543273,33377181.087268636
49807929.16252147,132821144.43339057,24903964.581260733
62205717.727197245,165881913.93919265,31102858.863598622
39348325.82221751,104928868.85924669,19674162.911108755
20253084.26558274,54008224.708220646,10126542.13279137
-22097782.832206577,-58927420.88588421,-11048891.416103289
10142925.602498809,27047801.60666349,5071462.801249404
-20988874.848044008,-55970332.92811735,-10494437.424022004
9104313.683649346,24278169.82306492,4552156.841824673
-7143960.158131456,-19050560.42168388,-3571980.079065728
40408550.23141471,107756133.95043923,20204275.115707356
49683650.17374222,132489733.79664592,24841825.08687111
79995589.75197157,213321572.6719242,39997794.87598579
68582658.9834063,182887090.62241682,34291329.49170315
74476270.13572858,198603387.02860954,37238135.06786429
13743622.091370663,36649658.91032177,6871811.045685331
60657188.63685699,161752503.03161862,30328594.318428494
44082857.67405867,117554287.13082312,22041428.837029334
54212454.47705188,144566545.27213836,27106227.23852594
-15042785.868928121,-40114095.65047499,-7521392.934464061
19674969.22533711,52466584.60089896,9837484.612668555
72799680.78188825,194132482.08503532,36399840.39094412
5286384.493553436,14097025.316142498,2643192.246776718
26131371.243806805,69683656.65015148,13065685.621903403
29998374.98889375,79995666.63705,14999187.494446876
34886711.211674,93031229.89779733,17443355.605837
-12697574.984862348,-33860199.95963293,-6348787.492431174
57873164.44090958,154328438.5090922,28936582.22045479
74515526.64655611,198708071.05748296,37257763.323278055
40812348.78948105,108832930.10528281,20406174.394740526
18236787.92874833,48631434.4766622,9118393.964374164
36623296.424798496,97662123.79946266,18311648.212399248
37977063.647200905,101272169.72586907,18988531.823600452
42596969.60020495,113591918.93387988,21298484.800102476
-9991609.267408663,-26644291.379756436,-4995804.633704332
35028221.720719665,93408591.25525244,17514110.860359833
51628246.37528615,137675323.66742972,25814123.187643073
42823977.644519076,114197273.71871753,21411988.822259538
27987450.90591142,74633202.4157638,13993725.45295571
36414736.414111495,97105963.77096398,18207368.207055748
25009633.281653345,66692355.41774225,12504816.640826672
11040543.692868618,29441449.84764965,5520271.846434309
33301543.51878043,88804116.05008113,16650771.759390214
58221694.98955848,155257853.3054893,29110847.49477924
27451222.251107335,73203259.33628623,13725611.125553668
75889630.83664058,202372348.89770824,37944815.41832029
8745358.865726372,23320956.975270323,4372679.432863186
-31200809.18294453,-83202157.82118541,-15600404.591472264
-19148737.543902244,-51063300.11707265,-9574368.771951122
869624.5147411685,2318998.7059764494,434812.25737058424
35943147.543750234,95848393.45000063,17971573.771875117
49807703.19901206,132820541.86403216,24903851.59950603
55128557.78526623,147009487.4273766,27564278.892633114
30197407.40442591,80526419.74513577,15098703.702212956
30585214.02520632,81560570.73388352,15292607.01260316
1237772.310756899,3300726.162018397,618886.1553784495
37034743.09525928,98759314.92069142,18517371.54762964
23687804.062577806,63167477.500207484,11843902.031288903
48565064.125780575,129506837.6687482,24282532.062890287
18030977.84088347,48082607.57568925,9015488.920441736
12134292.618339699,32358113.648905862,6067146.309169849
-17507233.625750687,-46685956.335335165,-8753616.812875343
-3046521.1328308717,-8124056.354215658,-1523260.5664154359
66770407.98628438,178054421.29675835,33385203.99314219
16929145.32086925,45144387.522318,8464572.660434624
-40414883.1763199,-107773021.80351973,-20207441.58815995
-4552543.997857139,-12140117.327619039,-2276271.9989285697
28353991.28316141,75610643.42176376,14176995.641580705
-4597021.497246431,-12258723.99265715,-2298510.7486232156
50961488.03204122,135897301.41877657,25480744.01602061
37558640.67963681,100156375.14569817,18779320.339818407
29729919.402492255,79279785.07331268,14864959.701246127
35097644.74544962,93593719.32119897,17548822.37272481
-2878670.982160361,-7676455.95242763,-1439335.4910801805
-19068584.625984233,-50849559.00262462,-9534292.312992116
44824309.439564966,119531491.8388399,22412154.719782483
-236665.30987789953,-631107.4930077321,-118332.65493894977
-7995147.811863972,-21320394.16497059,-3997573.905931986
36785129.412406676,98093678.43308446,18392564.706203338
21106882.729760837,56285020.61269557,10553441.364880418
566638.3860059937,1511035.6960159831,283319.19300299685
15145890.547044905,40389041.45878641,7572945.273522452
17835937.343153413,47562499.581742436,8917968.671576707
-12579963.035747988,-33546568.095327966,-6289981.517873994
16649066.418021608,44397510.44805762,8324533.209010804
11324963.230145648,30199901.947055064,5662481.615072824
8785062.643312395,23426833.715499718,4392531.321656197
66389913.38782098,177039769.03418928,33194956.69391049
18507120.347185675,49352320.925828464,9253560.173592838
-26576507.07671759,-70870685.53791358,-13288253.538358795
59652458.200193726,159073221.86718327,29826229.100096863
22063774.554211695,58836732.14456452,11031887.277105847
12138003.588762807,32368009.57003415,6069001.794381403
18414568.311667018,49105515.49777872,9207284.155833509
256347.64263273435,683593.7136872916,128173.82131636718
73284808.56217605,195426156.16580278,36642404.281088024
60984691.708839595,162625844.5569056,30492345.854419798
3278063.0202048426,8741501.387212913,1639031.5101024213
76760829.39331733,204695545.04884622,38380414.69665866
81408303.0688761,217088808.18366963,40704151.53443805
6694243.145637709,17851315.05503389,3347121.5728188544
10447875.67161434,27861001.790971573,5223937.83580717
6600745.098318138,17601986.928848367,3300372.549159069
31261188.87841594,83363170.34244251,15630594.43920797
-21793482.878424283,-58115954.34246476,-10896741.439212142
8085920.959039605,21562455.89077228,4042960.4795198026
61167059.050257444,163112157.4673532,30583529.525128722
27929930.79540531,74479815.45441416,13964965.397702655
45207762.88485501,120554034.35961336,22603881.442427505
24342565.716300946,64913508.57680252,12171282.858150473
21997627.01997276,58660338.71992736,10998813.50998638
66826343.50386879,178203582.67698345,33413171.751934394
-29900964.354559213,-79735904.94549122,-14950482.177279606
14156190.134325642,37749840.35820171,7078095.067162821
5410857.885967993,14428954.362581315,2705428.9429839966
41071511.48025781,109524030.61402082,20535755.740128905
33555639.02129101,89481704.05677602,16777819.510645505
-34142855.200240895,-91047613.86730906,-17071427.600120448
28139936.345786657,75039830.25543109,14069968.172893329
25696812.29359049,68524832.78290798,12848406.146795245
-23629191.874927476,-63011178.33313994,-11814595.937463738
39924640.55810911,106465708.15495764,19962320.279054556
3399062.1222523027,9064165.659339475,1699531.0611261514
12964181.91998987,34571151.78663965,6482090.959994935
25150496.239936426,67067989.9731638,12575248.119968213
42167063.344727315,112445502.25260617,21083531.672363658
17395906.109798282,46389082.95946209,8697953.054899141
3805163.17057671,10147101.78820456,1902581.585288355
4530272.834452852,12080727.558540938,2265136.417226426
76622291.25251956,204326110.00671884,38311145.62625978
-22842479.702546045,-60913279.20678945,-11421239.851273023
2410528.036145884,6428074.7630556915,1205264.018072942
1580106.6521861583,4213617.73916309,790053.3260930792
-18774897.29941764,-50066392.79844704,-9387448.64970882
-15332180.824063862,-40885815.53083697,-7666090.412031931
-15118529.29644474,-40316078.12385264,-7559264.64822237
34771371.63834943,92723657.70226514,17385685.819174714
30665931.767978538,81775818.04794277,15332965.883989269
36276664.17477436,96737771.13273163,18138332.08738718
75144779.10899857,200386077.62399617,37572389.55449928
6168876.584612096,16450337.558965588,3084438.292306048
54754468.63866636,146011916.36977696,27377234.31933318
24553863.010848332,65476968.02892888,12276931.505424166
49116093.20930618,130976248.55814981,24558046.60465309
32098532.712489728,85596087.23330595,16049266.356244864
33554871.36104149,89479656.96277732,16777435.680520747
27296324.14593104,72790197.72248277,13648162.07296552
59086654.5337202,157564412.08992055,29543327.2668601
-371042.3783303024,-989446.3422141398,-185521.1891651512
32519801.009481024,86719469.35861607,16259900.504740512
2695356.184571669,7187616.492191118,1347678.0922858345
-21235028.047563467,-56626741.46016925,-10617514.023781734
73260162.6529915,195360433.7413107,36630081.32649575
54661980.926139444,145765282.4697052,27330990.463069722
-15360474.79563523,-40961266.121693954,-7680237.397817615
18653472.754803594,49742594.01280958,9326736.377401797
40315087.15606397,107506899.08283724,20157543.578031983
69090660.10628133,184241760.28341687,34545330.05314066
43036438.06045652,114763834.82788406,21518219.03022826
32369602.26301078,86318939.36802875,16184801.13150539
11077932.482011449,29541153.285363864,5538966.241005724
23632946.269630145,63021190.05234706,11816473.134815073
4582490.025587216,12219973.40156591,2291245.012793608
81497136.62564468,217325697.6683858,40748568.31282234
18017503.10243952,48046674.939838715,9008751.55121976
4798632.644127705,12796353.717673881,2399316.3220638526
3083266.750886085,8222044.66902956,1541633.3754430425
415116.12280824425,1106976.3274886513,207558.06140412213
84493463.0448897,225315901.4530392,42246731.52244485
41730847.93450866,111282261.15868975,20865423.96725433
54695385.813365385,145854362.16897437,27347692.906682692
20183327.305092957,53822206.14691456,10091663.652546478
-1063576.0224153523,-2836202.7264409396,-531788.0112076761
-21873167.157084808,-58328445.75222615,-10936583.578542404
23569922.908872794,62853127.75699412,11784961.454436397
14263388.747150676,38035703.32573514,7131694.373575338
44418326.67045639,118448871.12121703,22209163.335228194
25883500.7582569,69022668.68868507,12941750.37912845
47935870.533508845,127828988.08935691,23967935.266754422
51990013.707065605,138640036.55217493,25995006.853532802
9441561.721644923,25177497.92438646,4720780.860822462
33516965.120019075,89378573.6533842,16758482.560009537
22002293.512777876,58672782.700741,11001146.756388938
54517851.49319634,145380937.31519023,27258925.74659817
9042026.45043002,24112070.534480058,4521013.22521501
41523123.95657721,110728330.55087256,20761561.978288606
22724140.484013412,60597707.9573691,11362070.242006706
-18062290.46584822,-48166107.90892858,-9031145.23292411
35444125.87811214,94517669.00829904,17722062.93905607
49276786.859336145,131404764.95822972,24638393.429668073
2111660.9533027383,5631095.875473968,1055830.4766513691
-3130468.8967313725,-8347917.057950327,-1565234.4483656862
87797285.98851189,234126095.96936503,43898642.994255945
24606015.14383709,65616040.383565575,12303007.571918545
49920210.221405394,133120560.59041439,24960105.110702697
38994843.318354376,103986248.848945,19497421.659177188
6085528.331532927,16228075.550754473,3042764.1657664636
1821981.3988829409,4858617.063687842,910990.6994414704
37858958.85422172,100957223.61125791,18929479.42711086
17505577.332605746,46681539.553615324,8752788.666302873
17680169.752443705,47147119.339849874,8840084.876221852
-24132197.868623722,-64352527.64966326,-12066098.934311861
57833098.985345066,154221597.2942535,28916549.492672533
-4992998.402289326,-13314662.406104872,-2496499.201144663
28458571.414540295,75889523.77210745,14229285.707270147
13987939.281674735,37301171.417799294,6993969.640837368
17662802.623995,47100806.99732,8831401.3119975
2982548.7211777717,7953463.256474058,1491274.3605888858
-2907505.322079852,-7753347.525546272,-1453752.661039926
41527909.256432764,110741091.35048738,20763954.628216382
53522219.17540063,142725917.80106834,26761109.587700315
34239493.65318016,91305316.40848044,17119746.82659008
39348783.133499086,104930088.35599755,19674391.566749543
-654839.7684921117,-1746239.3826456312,-327419.88424605585
43580478.54447652,116214609.45193738,21790239.27223826
11760381.619606586,31361017.652284227,5880190.809803293
15617365.938842861,41646309.17024763,7808682.9694214305
7056383.294023325,18817022.11739553,3528191.6470116624
29466061.9107191,78576165.09525093,14733030.95535955
25400497.559516933,67734660.15871182,12700248.779758466
-12934493.613954758,-34491982.97054602,-6467246.806977379
12949836.503014635,34532897.341372356,6474918.251507318
26915893.361309566,71775715.63015884,13457946.680654783
84499622.04354191,225332325.44944507,42249811.021770954
47856097.991367266,127616261.31031272,23928048.995683633
32501413.741788823,86670436.6447702,16250706.870894412
23329946.64781136,62213191.060830295,11664973.32390568
15643738.391258208,41716635.71002189,7821869.195629104
-10598279.226141376,-28262077.936377008,-5299139.613070688
43592762.36571715,116247366.30857906,21796381.182858575
36203247.79326418,96541994.11537115,18101623.89663209
65661446.90322781,175097191.74194083,32830723.451613907
26047182.88308125,69459154.35488333,13023591.441540625
47792770.11525331,127447386.97400881,23896385.057626653
25568130.860539794,68181682.29477279,12784065.430269897
-10763967.129222607,-28703912.344593618,-5381983.564611304
34424998.43814716,91799995.83505909,17212499.21907358
-5876073.039917465,-15669528.106446574,-2938036.5199587326
-12264654.537177948,-32705745.43247453,-6132327.268588974
48946394.866055965,130523719.6428159,24473197.433027983
72906639.20020816,194417704.53388843,36453319.60010408
28561300.93627058,76163469.16338821,14280650.46813529
25619156.231103536,68317749.94960943,12809578.115551768
38287840.169752195,102100907.11933918,19143920.084876098
11036702.54555319,29431206.78814184,5518351.272776595
28612873.799739808,76300996.79930615,14306436.899869904
34146769.84387784,91058052.91700757,17073384.92193892
42626812.34762992,113671499.59367979,21313406.17381496
74882850.24250388,199687600.64667705,37441425.12125194
33696291.15475945,89856776.41269188,16848145.577379726
-39655484.48215631,-105747958.61908348,-19827742.241078153
9543464.830349289,25449239.5475981,4771732.415174644
-13048436.158812374,-34795829.756832995,-6524218.079406187
67439373.64064917,179838329.70839778,33719686.820324585
-12294371.919975521,-32784991.78660139,-6147185.9599877605
-13581139.9277561,-36216373.140682936,-6790569.96387805
38862621.2656617,103633656.70843121,19431310.63283085
-12285657.912324062,-32761754.432864167,-6142828.956162031
60328051.25496171,160874803.34656453,30164025.627480853
-13369487.059587969,-35651965.49223458,-6684743.529793984
62773199.4255761,167395198.46820292,31386599.71278805
-25831348.446246702,-68883595.85665788,-12915674.223123351
-5775183.917623507,-15400490.446996018,-2887591.9588117534
4850960.005866125,12935893.348976335,2425480.0029330626
30140276.287681926,80374070.10048515,15070138.143840963
30993636.639374517,82649697.70499872,15496818.319687258
559391.5230966542,1491710.7282577446,279695.7615483271
-17593251.318483416,-46915336.84928911,-8796625.659241708
39773985.36258011,106063960.9668803,19886992.681290057
14257200.759754937,38019202.026013166,7128600.379877469
44662459.499717064,119099891.99924551,22331229.749858532
52743744.95210657,140649986.53895086,26371872.476053286
-16524945.595602088,-44066521.58827224,-8262472.797801044
63197779.84461953,168527412.9189854,31598889.922309764
17665171.058429983,47107122.82247995,8832585.529214991
11382845.943986433,30354255.850630485,5691422.971993216
-18533838.821574368,-49423570.19086499,-9266919.410787184
46246485.17093002,123323960.4558134,23123242.58546501
31201036.40676067,83202763.75136179,15600518.203380335
21320984.495297756,56855958.654127344,10660492.247648878
105992980.98636985,282647949.2969863,52996490.493184924
30762142.565329157,82032380.17421108,15381071.282664578
58682248.18380952,156485995.15682536,29341124.09190476
52146273.93496148,139056730.4932306,26073136.96748074
90409092.25605854,241090912.68282276,45204546.12802927
49355675.47015125,131615134.58707002,24677837.735075627
75942060.52648923,202512161.40397128,37971030.263244614
2102189.5423575994,5605838.779620265,1051094.7711787997
55874895.435534105,148999721.16142428,27937447.717767052
49533350.146447815,132088933.72386083,24766675.073223908
23474419.06889214,62598450.85037904,11737209.53444607
17617208.961670097,46979223.89778692,8808604.480835048
62783052.880417,167421474.34777865,31391526.4402085
12428401.031571414,33142402.750857104,6214200.515785707
25260694.952881012,67361853.2076827,12630347.476440506
14445977.091585461,38522605.57756123,7222988.5457927305
-14346768.696813803,-38258049.85817014,-7173384.348406902
21824331.29322468,58198216.78193249,10912165.64661234
-10465852.265593253,-27908939.374915343,-5232926.132796627
33590405.26460332,89574414.03894219,16795202.63230166
57582026.78335628,153552071.4222834,28791013.39167814
36088763.31101853,96236702.16271608,18044381.655509263
63456706.5939883,169217884.25063547,31728353.29699415
9851110.662704695,26269628.43387919,4925555.3313523475
57250742.746780165,152668647.3247471,28625371.373390082
44919174.958140895,119784466.55504239,22459587.479070447
-12649408.357506067,-33731755.62001618,-6324704.178753033
55242329.91750216,147312879.78000575,27621164.95875108
5384704.55651612,14359212.150709655,2692352.27825806
37329412.992831506,99545101.31421736,18664706.496415753
33459874.41583028,89226331.77554742,16729937.20791514
14926984.614707612,39805292.30588696,7463492.307353806
18285924.168740645,48762464.44997505,9142962.084370323
24581769.546105433,65551385.456281155,12290884.773052717
6119922.352662982,16319792.940434618,3059961.176331491
85336047.5231923,227562793.39517945,42668023.76159615
-23859764.48933459,-63626038.63822558,-11929882.244667295
33502924.99027637,89341133.30740365,16751462.495138185
3516745.9452966927,9377989.187457846,1758372.9726483463
80833555.26473615,215556147.37262973,40416777.63236807
33079590.989132583,88212242.6376869,16539795.494566292
-6512966.839483286,-17367911.57195543,-3256483.419741643
17742655.427118566,47313747.80564951,8871327.713559283
17065343.602865297,45507582.940974124,8532671.801432649
75906171.87739657,202416458.33972418,37953085.938698284
14614023.466158515,38970729.24308938,7307011.733079257
16790042.68026453,44773447.14737208,8395021.340132264
56795703.304675736,151455208.81246865,28397851.652337868
22968611.335563228,61249630.22816861,11484305.667781614
2636049.816162153,7029466.176432408,1318024.9080810766
3337725.8123348714,8900602.166226324,1668862.9061674357
5292152.055749663,14112405.481999101,2646076.0278748316
11232153.172336772,29952408.459564727,5616076.586168386
32875582.9347861,87668221.15942961,16437791.46739305
45529597.6374845,121412260.36662534,22764798.81874225
52829205.34424569,140877880.9179885,26414602.672122844
12719716.873052062,33919244.9948055,6359858.436526031
-7272.098870210464,-19392.26365389457,-3636.049435105232
69761012.33207297,186029366.21886128,34880506.16603649
51755728.097103745,138015274.92560998,25877864.048551872
40627754.01383679,108340677.37023145,20313877.006918397
31629371.545563124,84344990.78816833,15814685.772781562
39603053.74883104,105608143.33021611,19801526.87441552
59100873.94036126,157602330.50763005,29550436.97018063
98026125.79229413,261403002.11278436,49013062.896147065
34161456.68597576,91097217.8292687,17080728.34298788
11418186.93792441,30448498.501131758,5709093.468962205
52583526.75745183,140222738.01987156,26291763.378725916
32479580.59160513,86612214.91094701,16239790.295802565
3036752.7348914277,8098007.293043807,1518376.3674457138
72692643.65784325,193847049.75424865,36346321.82892162
11133759.12359531,29690024.329587493,5566879.561797655
5008594.094475083,13356250.91860022,2504297.0472375415
41891486.1357079,111710629.69522108,20945743.06785395
41794172.93317668,111451127.82180448,20897086.46658834
34748402.3763387,92662406.33690318,17374201.18816935
27653673.445370983,73743129.18765596,13826836.722685492
76022801.05852276,202727469.48939404,38011400.52926138
20355360.359799743,54280960.95946599,10177680.179899871
28539492.619618367,76105313.65231565,14269746.309809184
2709948.0531969424,7226528.141858513,1354974.0265984712
14980005.178057749,39946680.47482066,7490002.589028874
22866034.344339,60976091.58490399,11433017.1721695
40407606.87636115,107753618.33696306,20203803.438180573
-7673700.077745012,-20463200.20732003,-3836850.038872506
67158742.50588231,179089980.01568615,33579371.252941154
47363087.48636577,126301566.63030873,23681543.743182886
24188880.634180892,64503681.69114905,12094440.317090446
-17578975.357871614,-46877267.62099097,-8789487.678935807
55136083.24152818,147029555.3107418,27568041.62076409
78892659.55935009,210380425.49160025,39446329.779675044
12157581.603148824,32420217.60839686,6078790.801574412
31139246.418040875,83037990.448109,15569623.209020438
55986265.04343981,149296706.78250617,27993132.521719906
64104166.11540339,170944442.97440904,32052083.057701696
53907056.48134329,143752150.61691543,26953528.240671646
33208760.117138173,88556693.6457018,16604380.058569087
-16652094.982229814,-44405586.619279504,-8326047.491114907
23840778.577788472,63575409.54076926,11920389.288894236
35046968.411562294,93458582.43083279,17523484.205781147
22858454.948846273,60955879.863590054,11429227.474423137
93177785.17586851,248474093.80231604,46588892.587934256
-15235426.954962198,-40627805.213232525,-7617713.477481099
1398098.033564836,3728261.422839563,699049.016782418
33895784.207854874,90388757.887613,16947892.103927437
7054273.595232918,18811396.253954448,3527136.797616459
433372.50375617144,1155660.0100164572,216686.25187808572
53869557.26803971,143652152.71477255,26934778.634019855
33719495.655754164,89918655.08201112,16859747.827877082
48627312.350444116,129672832.93451764,24313656.175222058
24878118.878765244,66341650.343373984,12439059.439382622
22826094.779960427,60869586.079894476,11413047.389980214
58350007.967477635,155600021.24660704,29175003.983738817
-8686894.774825249,-23165052.73286733,-4343447.387412624
14091567.057360804,37577512.15296215,7045783.528680402
-37292494.97881518,-99446653.2768405,-18646247.48940759
24027114.259817757,64072304.69284735,12013557.129908878
14868764.777178941,39650039.40581051,7434382.388589471
27924277.31545446,74464739.50787856,13962138.65772723
56929687.048451185,151812498.79586983,28464843.524225593
-4420293.21154611,-11787448.56412296,-2210146.605773055
21442201.144326113,57179203.0515363,10721100.572163057
20496496.620215222,54657324.32057393,10248248.310107611
-21495396.101123422,-57321056.26966246,-10747698.050561711
68746760.39849757,183324694.3959935,34373380.19924878
25798570.95281525,68796189.20750733,12899285.476407625
72044152.87452692,192117740.99873847,36022076.43726346
12460471.730104342,33227924.613611583,6230235.865052171
3056054.3084706943,8149478.155921852,1528027.1542353472
19236716.565072376,51297910.840193,9618358.282536188
36196426.79278421,96523804.78075789,18098213.396392103
61208998.64510144,163223996.3869372,30604499.32255072
51523563.44124265,137396169.17664707,25761781.720621325
-26119650.076934885,-69652400.2051597,-13059825.038467443
35929499.18189594,95811997.81838918,17964749.59094797
32518203.377458118,86715209.00655498,16259101.688729059
47241201.491512656,125976537.31070042,23620600.745756328
25240301.17960513,67307469.81228036,12620150.589802565
-7695658.619226946,-20521756.31793852,-3847829.309613473
-1315758.0874323547,-3508688.2331529455,-657879.0437161773
14018705.77404412,37383215.39745098,7009352.88702206
51233325.94141621,136622202.51044324,25616662.970708106
13445636.484820267,35855030.62618738,6722818.242410134
2189361.5869757757,5838297.565268735,1094680.7934878878
14558977.509905161,38823940.02641376,7279488.754952581
-16188685.400189228,-43169827.73383794,-8094342.700094614
77749587.75925331,207332234.0246755,38874793.879626654
11529694.083655298,30745850.889747463,5764847.041827649
10883161.196300736,29021763.190135296,5441580.598150368
4942367.831091355,13179647.549576946,2471183.9155456773
12779424.608928073,34078465.6238082,6389712.304464037
86735862.49151435,231295633.31070492,43367931.24575718
21058803.642197825,56156809.712527536,10529401.821098913
30908317.30903912,82422179.49077098,15454158.65451956
63543893.040814094,169450381.44217092,31771946.520407047
71417917.48718642,190447779.96583045,35708958.74359321
18055167.757935278,48147114.021160744,9027583.878967639
22728154.097144235,60608410.92571796,11364077.048572117
-20127360.350955445,-53672960.93588119,-10063680.175477723
47950791.67012772,127868777.78700724,23975395.83506386
33759918.63162689,90026449.68433838,16879959.315813445
25187862.943523753,67167634.51606335,12593931.471761877
50043136.33551318,133448363.5613685,25021568.16775659
11593225.271313038,30915267.3901681,5796612.635656519
34425754.00886426,91802010.6903047,17212877.00443213
30196716.78693124,80524578.0984833,15098358.39346562
-4141277.5442362186,-11043406.784629917,-2070638.7721181093
57317427.28344767,152846472.75586045,28658713.641723834
51435503.18882681,137161341.83687147,25717751.594413403
22053324.500340372,58808865.33424099,11026662.250170186
37577706.33287504,100207216.88766678,18788853.16643752
8281698.137148111,22084528.365728296,4140849.0685740556
41214601.94683771,109905605.19156723,20607300.973418854
19773613.927896753,52729637.141058005,9886806.963948376
-2044877.2953332888,-5453006.120888771,-1022438.6476666444
46430064.2511855,123813504.66982798,23215032.12559275
18527295.519783083,49406121.38608822,9263647.759891542
30651601.68746493,81737604.49990648,15325800.843732465
67622810.51815848,180327494.7150893,33811405.25907924
4226883.78064241,11271690.081713093,2113441.890321205
24538892.244871188,65437045.98632317,12269446.122435594
54063767.04671998,144170045.45791996,27031883.52335999
46604537.36056578,124278766.2948421,23302268.68028289
5446412.263354786,14523766.035612762,2723206.131677393
34078203.88223876,90875210.35263671,17039101.94111938
75000106.35873781,200000283.62330085,37500053.179368906
15380244.215745065,41013984.57532017,7690122.107872533
15939564.753145702,42505506.00838854,7969782.376572851
-44915218.112814665,-119773914.96750578,-22457609.056407332
47042639.50690418,125447038.6850778,23521319.75345209
29464182.50076289,78571153.33536771,14732091.250381446
30179001.42388424,80477337.13035797,15089500.71194212
32612944.78642961,86967852.76381229,16306472.393214805
32581666.16081591,86884443.0955091,16290833.080407955
-12858550.264492283,-34289467.37197942,-6429275.132246141
61695966.55283535,164522577.4742276,30847983.276417676
34807456.02083152,92819882.72221737,17403728.01041576
67724496.7185017,180598657.91600457,33862248.35925085
38873336.63845475,103662231.03587933,19436668.319227375
-31729752.81909804,-84612674.18426144,-15864876.40954902
20502703.256064955,54673875.34950655,10251351.628032478
-9248695.11654336,-24663186.97744896,-4624347.55827168
66674865.34987138,177799640.93299034,33337432.67493569
12337065.503261883,32898841.342031687,6168532.751630941
36983843.05133078,98623581.47021541,18491921.52566539
68097994.1714215,181594651.12379065,34048997.08571075
20330068.088811617,54213514.90349765,10165034.044405809
37332755.13272357,99554013.68726285,18666377.566361785
-37787504.67290988,-100766679.12775968,-18893752.33645494
32058600.9719883,85489602.5919688,16029300.48599415
25288517.828816455,67436047.54351054,12644258.914408227
-3500478.7510842574,-9334610.002891352,-1750239.3755421287
52945230.6394744,141187281.70526507,26472615.3197372
67577015.85536154,180205375.61429742,33788507.92768077
-13149924.683213023,-35066465.821901396,-6574962.341606512
32013702.03949956,85369872.10533215,16006851.01974978
69535080.28904492,185426880.77078646,34767540.14452246
47292422.82440471,126113127.53174588,23646211.412202355
-30761075.20895186,-82029533.89053829,-15380537.60447593
100971753.44804837,269258009.1947956,50485876.724024184
-4711799.340771053,-12564798.24205614,-2355899.6703855265
35776829.965093285,95404879.90691541,17888414.982546642
48815366.62351569,130174310.99604185,24407683.311757844
40330090.530368455,107546908.08098255,20165045.265184227
4248579.1300804345,11329544.34688116,2124289.5650402172
10585281.243909836,28227416.650426228,5292640.621954918
47164069.48878846,125770851.97010256,23582034.74439423
16916193.8825168,45109850.35337813,8458096.9412584
45101903.6321767,120271743.01913786,22550951.81608835
55501481.36220385,148003950.29921028,27750740.681101926
17101401.29958429,45603736.79889144,8550700.649792144
5026233.368950804,13403288.983868811,2513116.684475402
18139979.972322725,48373279.92619394,9069989.986161362
90342114.38587703,240912305.0290054,45171057.192938514
31203319.056819092,83208850.81818424,15601659.528409546
-18908269.65879186,-50422052.42344495,-9454134.82939593
4806086.614143643,12816230.971049713,2403043.3070718213
24078654.50789828,64209745.35439541,12039327.25394914
128069430.23751746,341518480.6333799,64034715.11875873
27484486.29668445,73291963.4578252,13742243.148342226
697739.2947996235,1860638.1194656629,348869.6473998118
42114233.721833706,112304623.2582232,21057116.860916853
4245970.70016556,11322588.533774825,2122985.35008278
1725718.8281837574,4601916.875156687,862859.4140918787
77234785.63760833,205959428.36695555,38617392.81880417
25600147.32431049,68267059.53149463,12800073.662155244
12883126.124847332,34355002.999592885,6441563.062423666
34956619.19663299,93217651.1910213,17478309.598316494
35299459.72723644,94131892.60596384,17649729.86361822
13258629.474006087,35356345.26401623,6629314.737003043
47820298.694495976,127520796.51865593,23910149.347247988
5907989.952109441,15754639.872291842,2953994.9760547206
33182464.373070817,88486571.66152218,16591232.186535409
43013516.50568835,114702710.68183559,21506758.252844173
18858921.484769166,50290457.29271777,9429460.742384583
81181554.69663864,216484145.85770306,40590777.34831932
35088486.41996542,93569297.1199078,17544243.20998271
11604571.72652965,30945524.604079068,5802285.863264825
33044494.61638011,88118652.31034696,16522247.308190055
-11084542.184623202,-29558779.158995207,-5542271.092311601
25089379.135885943,66905011.02902918,12544689.567942971
38097267.133083396,101592712.35488905,19048633.566541698
15779521.923006305,42078725.128016815,7889760.961503153
33777703.52889896,90073876.0770639,16888851.76444948
-11396879.472478198,-30391678.593275197,-5698439.736239099
50949706.70632748,135865884.55020663,25474853.35316374
2512821.0511990157,6700856.1365307085,1256410.5255995078
534467.7191861075,1425247.2511629532,267233.85959305376
12700441.412626201,33867843.7670032,6350220.706313101
61877379.92426362,165006346.464703,30938689.96213181
13995936.672242142,37322497.792645715,6997968.336121071
38281364.02583283,102083637.40222089,19140682.012916416
8919452.091297084,23785205.57679222,4459726.045648542
17248711.224034403,45996563.26409174,8624355.612017201
734865.9168505876,1959642.4449349004,367432.9584252938
-12841421.857718715,-34243791.62058324,-6420710.928859358
65218975.17565025,173917267.1350673,32609487.587825123
-24400992.38297719,-65069313.02127251,-12200496.191488596
41385733.86741631,110361956.97977681,20692866.933708154
50482375.623617366,134619668.32964632,25241187.811808683
30645053.426809955,81720142.47149321,15322526.713404978
13560924.201220267,36162464.53658738,6780462.100610133
77074911.38731891,205533097.03285044,38537455.693659455
52569935.302286826,140186494.13943154,26284967.651143413
7650995.193280628,20402653.84874834,3825497.596640314
38627445.47316643,103006521.26177713,19313722.736583214
37529951.946654394,100079871.85774505,18764975.973327197
1834683.9445968654,4892490.518924975,917341.9722984327
37970361.10199026,101254296.27197403,18985180.55099513
49852903.482667066,132941075.95377885,24926451.741333533
63400028.2926732,169066742.1137952,31700014.1463366
61594608.222846195,164252288.59425652,30797304.111423098
63841863.44832161,170244969.1955243,31920931.724160805
68343822.76368345,182250194.03648922,34171911.38184173
57563274.162310995,153502064.43282932,28781637.081155498
50318150.48093234,134181734.61581957,25159075.24046617
-4823131.821149647,-12861684.856399057,-2411565.9105748236
38887729.70835039,103700612.55560103,19443864.854175195
16216096.488471469,43242923.96925725,8108048.244235734
874203.1969116688,2331208.525097783,437101.5984558344
78047561.82714142,208126831.53904378,39023780.91357071
52890037.17998598,141040099.14662927,26445018.58999299
-3879699.4295931337,-10345865.14558169,-1939849.7147965669
4270853.323210572,11388942.195228191,2135426.661605286
35452835.636276685,94540895.03007115,17726417.818138342
10217745.265788881,27247320.70877035,5108872.632894441
39550798.60617977,105468796.28314605,19775399.303089883
97571310.1239898,260190160.33063948,48785655.0619949
-25774883.91850781,-68733023.7826875,-12887441.959253905
13430872.844311064,35815660.91816284,6715436.422155532
10680283.358586438,28480755.62289717,5340141.679293219
-9364572.43436343,-24972193.15830248,-4682286.217181715
20700348.95678402,55200930.55142406,10350174.47839201
-34614787.74198357,-92306100.64528953,-17307393.870991785
2168680.320976951,5783147.522605203,1084340.1604884756
7053664.008827832,18809770.69020755,3526832.004413916
5107004.103113245,13618677.608301988,2553502.0515566226
31114585.72751698,82972228.60671194,15557292.86375849
5797633.219948975,15460355.253197266,2898816.6099744877
52961502.852196634,141230674.27252436,26480751.426098317
-4317397.387466862,-11513059.699911632,-2158698.693733431
-12326254.72840396,-32870012.609077226,-6163127.36420198
-8694594.081251256,-23185584.216670018,-4347297.040625628
19420969.58087041,51789252.215654425,9710484.790435204
104302.9545613361,278141.2121635629,52151.47728066805
27750837.16767904,74002232.4471441,13875418.58383952
4725801.074541201,12602136.198776538,2362900.5372706004
68626553.62238193,183004142.99301848,34313276.81119096
-9645986.34979894,-25722630.266130507,-4822993.17489947
45479805.86747353,121279482.31326273,22739902.933736764
46087492.62415005,122899980.33106682,23043746.312075026
5534868.678324244,14759649.80886465,2767434.339162122
47163795.09761237,125770120.26029965,23581897.548806187
46221745.69115702,123257988.50975205,23110872.84557851
2071524.294533783,5524064.785423421,1035762.1472668916
-27784729.726691697,-74092612.60451119,-13892364.863345848
6585365.650413601,17560975.067769602,3292682.8252068004
-13482852.255186709,-35954272.68049789,-6741426.127593354
78693280.23146006,209848747.28389353,39346640.11573003
64148484.89003164,171062626.3734177,32074242.44501582
23073321.68499787,61528857.82666099,11536660.842498936
2479217.567025982,6611246.845402619,1239608.783512991
25096214.15098258,66923237.73595355,12548107.07549129
45473333.14711379,121262221.72563678,22736666.573556896
-22047659.47636918,-58793758.60365114,-11023829.73818459
82816671.978491,220844458.60930932,41408335.9892455
38753514.52721091,103342705.40589577,19376757.263605457
47295269.62556731,126120719.00151283,23647634.812783655
-1835474.1576435296,-4894597.753716079,-917737.0788217648
-23701399.201503705,-63203731.20400988,-11850699.600751853
40973375.795108296,109262335.45362212,20486687.897554148
62525586.71849803,166734897.91599473,31262793.359249014
39449534.225741304,105198757.93531016,19724767.112870652
1021622.1106855938,2724325.628494917,510811.0553427969
14552911.712109646,38807764.56562573,7276455.856054823
-9815076.215373889,-26173536.57433037,-4907538.107686944
-1314492.5727541584,-3505313.5273444224,-657246.2863770792
34540797.64451785,92108793.71871425,17270398.822258923
7031296.968163996,18750125.248437323,3515648.484081998
-18318267.79931609,-48848714.13150957,-9159133.899658045
-8907710.902064452,-23753895.73883854,-4453855.451032226
67527275.3428769,180072734.24767175,33763637.67143845
25463886.620558158,67903697.65482175,12731943.310279079
50235657.38950972,133961753.0386926,25117828.69475486
81449099.77757189,217197599.40685835,40724549.88878594
56382561.86760201,150353498.31360537,28191280.933801007
20420721.812828284,54455258.167542085,10210360.906414142
19055216.704423014,50813911.211794704,9527608.352211507
27000785.152172193,72002093.73912585,13500392.576086096
38208898.76067727,101890396.6951394,19104449.380338635
63160944.77365926,168429186.06309137,31580472.38682963
54102188.81678656,144272503.51143083,27051094.40839328
12119499.369692147,32318664.985845726,6059749.684846073
-5720182.555486522,-15253820.147964058,-2860091.277743261
79767294.17985198,212712784.4796053,39883647.08992599
-38007738.132108845,-101353968.35229024,-19003869.066054422
55383594.13534601,147689584.3609227,27691797.067673005
9868680.562420176,26316481.499787137,4934340.281210088
56056719.45196886,149484585.2052503,28028359.72598443
29722418.473763086,79259782.59670156,14861209.236881543
17202920.49720018,45874454.65920048,8601460.24860009
13676339.751927312,36470239.33847283,6838169.875963656
60921092.05332145,162456245.47552386,30460546.026660725
24815200.913614407,66173869.10297175,12407600.456807204
4576417.434355801,12203779.8249488,2288208.7171779005
29289867.247033328,78106312.65875554,14644933.623516664
21957101.899336882,58552271.73156502,10978550.949668441
48236820.6941503,128631521.85106745,24118410.34707515
23394306.434379853,62384817.15834627,11697153.217189927
21916804.460919954,58444811.89578654,10958402.230459977
43149001.39502222,115064003.72005925,21574500.69751111
-19275222.413930114,-51400593.10381364,-9637611.206965057
8746683.491037136,23324489.30943236,4373341.745518568
31856590.06614908,84950906.8430642,15928295.03307454
57542625.3712792,153447000.99007785,28771312.6856396
40472969.98672929,107927919.96461144,20236484.993364643
74749451.54479928,199331870.78613144,37374725.77239964
11982221.3219824,31952590.191953067,5991110.6609912
21108218.67482351,56288583.1328627,10554109.337411756
81110663.5379415,216295102.767844,40555331.76897075
63584685.98284725,169559162.620926,31792342.991423625
32136720.32846951,85697920.8759187,16068360.164234756
45073043.05187,120194781.47165334,22536521.525935
36990352.93762965,98640941.1670124,18495176.468814824
-28450415.376856603,-75867774.33828428,-14225207.688428301
79423519.53276525,211796052.08737403,39711759.76638263
48386858.801877126,129031623.47167234,24193429.400938563
42109574.56879494,112292198.85011984,21054787.28439747
23344262.687671717,62251367.167124584,11672131.343835859
22417919.734988194,59781119.29330185,11208959.867494097
16307832.705220802,43487553.8805888,8153916.352610401
25665387.468657766,68441033.24975404,12832693.734328883
12089561.486156734,32238830.62975129,6044780.743078367
-6297583.350193316,-16793555.600515507,-3148791.675096658
25764434.764699705,68705159.37253255,12882217.382349852
97068673.19416587,258849795.1844423,48534336.597082935
2845412.9370082156,7587767.832021908,1422706.4685041078
12956363.898818158,34550303.73018175,6478181.949409079
11648584.87932371,31062893.01152989,5824292.439661855
-26660130.719958164,-71093681.91988844,-13330065.359979082
7574267.637325777,20198047.03286874,3787133.8186628884
18146238.28324424,48389968.75531798,9073119.14162212
-33512550.810178787,-89366802.16047676,-16756275.405089393
4142073.8149942155,11045530.173317907,2071036.9074971077
57392351.15080771,153046269.73548722,28696175.575403854
10693075.14606575,28514867.05617533,5346537.573032875
49564348.49775913,132171595.99402435,24782174.248879567
34540329.95568866,92107546.5485031,17270164.97784433
82432626.24809742,219820336.66159314,41216313.12404871
60629074.512805,161677532.03414667,30314537.2564025
54840668.74069799,146241783.30852798,27420334.370348994
15397330.299175382,41059547.46446768,7698665.149587691
2931896.0529941707,7818389.474651122,1465948.0264970853
24450842.464918032,65202246.57311475,12225421.232459016
-14052566.03222815,-37473509.41927506,-7026283.016114075
22274259.16058149,59398024.4282173,11137129.580290744
-3995923.4718997385,-10655795.92506597,-1997961.7359498693
41303927.99714678,110143807.99239141,20651963.99857339
27345554.35097995,72921478.26927987,13672777.175489975
-25513904.151951473,-68037077.73853727,-12756952.075975737
9036095.374415876,24096254.33177567,4518047.687207938
50120730.304644465,133655280.81238525,25060365.152322233
30398494.654313475,81062652.4115026,15199247.327156737
75117462.8047299,200313234.14594638,37558731.40236495
31202803.46869142,83207475.91651045,15601401.73434571
27018201.348354306,72048536.92894481,13509100.674177153
35692814.17933804,95180837.8115681,17846407.08966902
6675604.099094419,17801610.930918448,3337802.0495472094
46845138.60977898,124920369.62607726,23422569.30488949
-914584.1240881414,-2438890.997568377,-457292.0620440707
46594357.84067929,124251620.9084781,23297178.920339644
21225078.19464582,56600208.519055516,10612539.09732291
8586827.572432177,22898206.859819137,4293413.786216089
34873058.63654972,92994823.03079924,17436529.31827486
14369139.46098805,38317705.22930147,7184569.730494025
10009905.611043384,26693081.62944902,5004952.805521692
-26754890.47198573,-71346374.59196195,-13377445.235992866
-6582236.395007453,-17552630.38668654,-3291118.1975037265
-4703326.867463298,-12542204.979902128,-2351663.433731649
56457452.92022756,150553207.78727347,28228726.46011378
17095751.084186066,45588669.55782951,8547875.542093033
31124389.392841626,82998371.71424434,15562194.696420813
55554664.55030054,148145772.13413477,27777332.27515027
-31693540.105135147,-84516106.94702706,-15846770.052567573
-17479132.67972609,-46611020.47926957,-8739566.339863045
21521471.436920527,57390590.49845474,10760735.718460264
58702444.55205434,156539852.13881156,29351222.27602717
29200124.073743172,77866997.52998179,14600062.036871586
-2124414.017900826,-5665104.0477355365,-1062207.008950413
40288119.95399596,107434986.54398923,20144059.97699798
61168778.98336517,163116743.95564047,30584389.491682585
194813.8919777104,519503.711940561,97406.9459888552
46512185.80367398,124032495.47646396,23256092.90183699
-3178209.6556624505,-8475225.748433203,-1589104.8278312252
17901783.185111232,47738088.49362995,8950891.592555616
70720487.73802777,188587967.3014074,35360243.86901388
43731233.525533184,116616622.73475514,21865616.762766592
-253219.7673452391,-675252.7129206376,-126609.88367261954
8778548.735935498,23409463.295827992,4389274.367967749
66076902.38354785,176205073.02279428,33038451.191773925
43166332.584298156,115110220.22479509,21583166.292149078
65630100.685202025,175013601.8272054,32815050.342601012
35805304.71907834,95480812.58420889,17902652.35953917
33222515.0944065,88593373.585084,16611257.54720325
41384569.16978075,110358851.11941534,20692284.584890377
-445799.2143393721,-1188797.9049049923,-222899.60716968606
72097749.24345641,192260664.64921707,36048874.621728204
23465107.945595633,62573621.18825503,11732553.972797817
37476602.80916246,99937607.4910999,18738301.40458123
10117081.945638549,26978885.18836946,5058540.972819274
-370604.67170797614,-988279.124554603,-185302.33585398807
27481301.94189765,73283471.8450604,13740650.970948825
15914935.92952746,42439829.14540656,7957467.96476373
13663598.13351451,36436261.68937203,6831799.066757255
9045748.553178187,24121996.1418085,4522874.276589094
28283302.736080002,75422140.62954667,14141651.368040001
-6888872.775075763,-18370327.400202036,-3444436.3875378817
5975438.405327978,15934502.41420794,2987719.202663989
20156563.89435736,53750837.05161963,10078281.94717868
18165314.599095423,48440838.93092113,9082657.299547711
46207392.51698389,123219713.3786237,23103696.258491945
24303964.134510994,64810571.02536265,12151982.067255497
69744149.45372531,185984398.54326746,34872074.726862654
18703866.357466593,49876976.95324425,9351933.178733297
-26653336.387277283,-71075563.69940609,-13326668.193638641
76241078.56804357,203309542.8481162,38120539.28402179
28993320.40350436,77315521.07601163,14496660.20175218
31540787.197774746,84108765.86073266,15770393.598887373
30519752.36477319,81386006.30606185,15259876.182386596
39786986.085255794,106098629.56068212,19893493.042627897
7661739.403869107,20431305.076984286,3830869.7019345537
32431401.87910902,86483738.34429073,16215700.93955451
-2964275.9709265777,-7904735.922470873,-1482137.9854632888
31504724.84733739,84012599.59289971,15752362.423668696
2347212.8222657526,6259234.192708674,1173606.4111328763
31102948.98383275,82941197.29022066,15551474.491916375
15866533.460167514,42310755.89378004,7933266.730083757
75508297.12150565,201355458.99068174,37754148.560752824
39297915.17952184,104794440.4787249,19648957.58976092
12696525.24064621,33857400.64172322,6348262.620323105
59372350.63407898,158326268.35754395,29686175.31703949
33111124.691583417,88296332.51088911,16555562.345791709
55374433.96996102,147665157.25322938,27687216.98498051
-18784251.018636603,-50091336.04969761,-9392125.509318301
18021473.898139067,48057263.728370845,9010736.949069533
1572387.902610768,4193034.4069620483,786193.951305384
15316807.976554181,40844821.27081115,7658403.988277091
7482478.0651433235,19953274.840382196,3741239.0325716618
12976709.033443863,34604557.42251697,6488354.516721931
49549625.05679134,132132333.48477691,24774812.52839567
22685662.285118762,60495099.426983364,11342831.142559381
11395097.59555541,30386926.921481095,5697548.797777705
56327309.717712566,150206159.2472335,28163654.858856283
32910877.37313631,87762339.66169684,16455438.686568156
78107868.41799995,208287649.11466652,39053934.20899998
19451088.63898038,51869569.703947686,9725544.31949019
10552051.617521515,28138804.31339071,5276025.808760758
12816457.239252608,34177219.30467362,6408228.619626304
17214262.786501154,45904700.76400308,8607131.393250577
-17126689.192811966,-45671171.1808319,-8563344.596405983
52939049.73306995,141170799.28818652,26469524.866534974
9572802.455532705,25527473.21475388,4786401.227766353
47446524.51396914,126524065.37058435,23723262.25698457
41617717.36526598,110980579.64070928,20808858.68263299
31510583.15473582,84028221.74596219,15755291.57736791
30957435.422035255,82553161.12542735,15478717.711017627
74494931.9348601,198653151.8262936,37247465.96743005
23112881.402375594,61634350.406334914,11556440.701187797
22246665.794326667,59324442.118204445,11123332.897163333
5212026.474169696,13898737.26445252,2606013.237084848
20526258.23088749,54736688.61569998,10263129.115443746
56874678.55637338,151665809.48366234,28437339.27818669
44094289.73780213,117584772.63413902,22047144.868901066
26395944.300507426,70389184.80135313,13197972.150253713
85802744.66420808,228807319.1045549,42901372.33210404
77301372.39856488,206136993.06283966,38650686.19928244
4796537.185034404,12790765.82675841,2398268.592517202
65457940.51833166,174554508.04888445,32728970.25916583
24525687.977975354,65401834.607934274,12262843.988987677
4673588.407307399,12462902.4194864,2336794.2036536997
19128771.75774774,51010058.02066064,9564385.87887387
18985841.52353468,50628910.72942581,9492920.76176734
50312073.380229175,134165529.01394448,25156036.690114588
69920413.96159883,186454437.2309302,34960206.980799414
17257326.397277277,46019537.05940607,8628663.198638638
22957564.495023545,61220171.98672946,11478782.247511772
-2228332.6472600116,-5942220.392693365,-1114166.3236300058
-5928482.172189117,-15809285.792504312,-2964241.0860945587
33075006.319436062,88200016.8518295,16537503.159718031
13392655.601291038,35713748.27010944,6696327.800645519
38855151.02934692,103613736.07825845,19427575.51467346
4152929.444205951,11074478.517882535,2076464.7221029755
12457307.766447583,33219487.37719356,6228653.883223792
16296487.268351933,43457299.38227182,8148243.6341759665
53956809.33759621,143884824.90025654,26978404.668798104
23835612.885863632,63561634.36230302,11917806.442931816
37140615.478225075,99041641.27526687,18570307.739112537
38370541.08661372,102321442.89763658,19185270.54330686
14045454.13403369,37454544.35742317,7022727.067016845
32433652.73095071,86489740.61586855,16216826.365475355
-7513459.29500164,-20035891.453337707,-3756729.64750082
48683844.37502767,129823585.00007378,24341922.187513836
49041256.3419766,130776683.57860425,24520628.1709883
43700956.37899317,116535883.67731512,21850478.189496584
35441192.87955898,94509847.67882395,17720596.43977949
29766865.199018087,79378307.19738157,14883432.599509044
16630556.747527514,44348151.326740034,8315278.373763757
300467.9261960991,801247.8031895976,150233.96309804954
19663262.87547315,52435367.6679284,9831631.437736575
-7726622.603288559,-20604326.942102823,-3863311.3016442796
42752273.28991432,114006062.10643817,21376136.64495716
14242389.418706609,37979705.11655095,7121194.7093533045
-1647464.7694997387,-4393239.385332637,-823732.3847498694
5627935.956805706,15007829.21814855,2813967.978402853
31393743.24050102,83716648.64133605,15696871.62025051
2210649.94600115,5895066.522669734,1105324.973000575
14122133.753392301,37659023.34237947,7061066.876696151
68382423.75258045,182353130.00688118,34191211.876290224
57804401.92419631,154145071.79785684,28902200.962098155
45834830.47005974,122226214.58682597,22917415.23502987
12613104.230565391,33634944.614841044,6306552.115282696
34031558.120261796,90750821.65403146,17015779.060130898
35965339.8625301,95907572.96674693,17982669.93126505
6199171.579269428,16531124.21138514,3099585.789634714
12881279.36768942,34350078.31383845,6440639.68384471
1228094.8791079132,3274919.677621102,614047.4395539566
28728842.126373973,76610245.67033058,14364421.063186986
-29865119.91781833,-79640319.78084888,-14932559.958909165
-7063470.761043289,-18835922.02944877,-3531735.3805216444
47339080.641268775,126237548.37671672,23669540.320634387
-11038571.782168774,-29436191.41911673,-5519285.891084387
30385242.903104946,81027314.40827987,15192621.451552473
77962434.25684462,207899824.684919,38981217.12842231
12463870.244054414,33236987.31747844,6231935.122027207
47591459.57583359,126910558.86888959,23795729.787916794
45193418.451269954,120515782.53671989,22596709.225634977
19724949.452739615,52599865.20730564,9862474.726369807
70660746.5005809,188428657.33488244,35330373.25029045
59485947.889228255,158629194.37127534,29742973.944614127
52243793.56861385,139316782.84963694,26121896.784306925
53279373.46318655,142078329.23516414,26639686.731593274
83190356.87981276,221840951.6795007,41595178.43990638
-3314800.8207717487,-8839468.855391331,-1657400.4103858743
45424814.73201862,121132839.28538299,22712407.36600931
25573114.48598366,68194971.96262309,12786557.24299183
32699914.953442648,87199773.2091804,16349957.476721324
35573210.36424451,94861894.30465204,17786605.182122257
38630946.98366272,103015858.6231006,19315473.49183136
48305216.38596332,128813910.36256886,24152608.19298166
5294113.172900802,14117635.127735473,2647056.586450401
72919370.19672391,194451653.85793042,36459685.098361954
-21025998.117428,-56069328.31314133,-10512999.058714
14364939.738083601,38306505.96822294,7182469.8690418005
35061188.13998471,93496501.7066259,17530594.069992356
72872315.70580667,194326175.21548444,36436157.85290334
11081272.467773614,29550059.91406297,5540636.233886807
38600061.26187998,102933496.69834661,19300030.63093999
15060802.049969438,40162138.7999185,7530401.024984719
28708962.987021435,76557234.63205716,14354481.493510718
-24466161.13671564,-65243096.364575036,-12233080.56835782
84212886.56769276,224567697.51384735,42106443.28384638
22726329.603857066,60603545.61028551,11363164.801928533
103486509.77782133,275964026.07419026,51743254.888910666
8739991.942873279,23306645.180995412,4369995.971436639
41870025.56433951,111653401.50490537,20935012.782169756
18153896.934083026,48410391.8242214,9076948.467041513
40803670.4478076,108809787.86082028,20401835.2239038
15937322.326013163,42499526.20270176,7968661.163006581
55051293.7122481,146803449.89932826,27525646.85612405
67580737.94087909,180215301.17567757,33790368.970439546
34549919.57308905,92133118.86157079,17274959.786544524
-8692599.848416006,-23180266.262442682,-4346299.924208003
4407287.86478681,11752767.639431493,2203643.932393405
27129382.369929552,72345019.65314548,13564691.184964776
25554795.13364277,68146120.35638073,12777397.566821385
22138475.69042141,59035935.17445709,11069237.845210705
39594496.69956518,105585324.53217381,19797248.34978259
13864841.394263469,36972910.384702586,6932420.697131734
21405198.665561043,57080529.77482945,10702599.332780521
58987194.94475447,157299186.51934525,29493597.472377233
37217374.834378265,99246332.89167538,18608687.417189132
29431008.932813335,78482690.48750223,14715504.466406668
32963562.08399393,87902832.22398382,16481781.041996965
23393269.279341042,62382051.411576115,11696634.639670521
72087821.8874181,192234191.69978163,36043910.94370905
-11738092.6744004,-31301580.465067737,-5869046.3372002
51280766.04071435,136748709.44190493,25640383.020357177
51386023.88255614,137029397.0201497,25693011.94127807
45783646.50581432,122089724.01550487,22891823.25290716
-12563741.012827734,-33503309.367540624,-6281870.506413867
23030227.743026756,61413940.64807135,11515113.871513378
34756667.43214213,92684446.48571236,17378333.716071066
57908442.13702431,154422512.36539817,28954221.068512157
1147798.113889402,3060794.9703717385,573899.056944701
-11968054.48287634,-31914811.954336908,-5984027.24143817
39447184.318360314,105192491.5156275,19723592.159180157
69110731.47259083,184295283.92690888,34555365.73629542
-10160016.414234368,-27093377.104624983,-5080008.207117184
40999956.69878823,109333217.86343528,20499978.349394117
15614010.132718278,41637360.35391541,7807005.066359139
-9482295.600514134,-25286121.601371024,-4741147.800257067
23835129.157952223,63560344.42120593,11917564.578976111
2328176.829103286,6208471.544275429,1164088.414551643
26205971.883342948,69882591.68891454,13102985.941671474
-9361830.14266372,-24964880.380436584,-4680915.07133186
-6947936.141183498,-18527829.709822662,-3473968.070591749
51542345.82407546,137446255.53086787,25771172.91203773
34416696.584453166,91777857.55854177,17208348.292226583
11314820.583605113,30172854.889613632,5657410.291802556
17418403.479062557,46449075.94416682,8709201.739531279
9542717.408203937,25447246.421877168,4771358.704101969
34974125.19178601,93264333.8447627,17487062.595893007
51196447.81143015,136523860.8304804,25598223.905715074
46922677.7199492,125127140.5865312,23461338.8599746
107652718.20479928,287073915.21279806,53826359.10239964
20819775.836189404,55519402.22983841,10409887.918094702
44092168.29844765,117579115.46252708,22046084.149223827
9004786.908934064,24012765.09049084,4502393.454467032
25952404.419208426,69206411.7845558,12976202.209604213
48305623.198743984,128814995.19665062,24152811.599371992
-14444869.389871515,-38519651.70632404,-7222434.694935758
-36930781.29165345,-98482083.44440919,-18465390.645826723
-37413862.02051384,-99770298.72137024,-18706931.01025692
-8721922.208086196,-23258459.221563186,-4360961.104043098
22471949.58549963,59925198.89466567,11235974.792749815
82144707.28792197,219052552.76779193,41072353.64396098
-2479139.0863193567,-6611037.563518285,-1239569.5431596783
40412684.46018355,107767158.56048949,20206342.230091777
53668419.92310769,143115786.4616205,26834209.961553846
73082357.6213302,194886286.9902139,36541178.8106651
31486936.729608215,83965164.61228858,15743468.364804108
45382330.89648563,121019549.057295,22691165.448242813
33644532.256351285,89718752.68360342,16822266.128175642
72214490.7528218,192571975.34085813,36107245.3764109
40552225.94070715,108139269.17521906,20276112.970353574
59051756.202621184,157471349.8736565,29525878.101310592
4452113.880012897,11872303.68003439,2226056.9400064484
56141697.49005048,149711193.30680126,28070848.74502524
31741138.039737526,84643034.7726334,15870569.019868763
31834939.198755186,84893171.1966805,15917469.599377593
-20022039.107838474,-53392104.28756926,-10011019.553919237
-43398895.986974806,-115730389.2985995,-21699447.993487403
28576902.514887307,76205073.37303282,14288451.257443653
-6370881.257362503,-16989016.686300006,-3185440.6286812513
81544001.51751702,217450670.71337873,40772000.75875851
-22939643.860600233,-61172383.62826729,-11469821.930300117
16926960.673154913,45138561.79507977,8463480.336577456
21636956.631291863,57698551.0167783,10818478.315645931
69630745.02566594,185681986.73510915,34815372.51283297
25643356.572806492,68382284.19415064,12821678.286403246
25538127.564743973,68101673.50598393,12769063.782371987
-12675885.24876037,-33802360.66336098,-6337942.624380185
27722237.066936433,73925965.5118305,13861118.533468217
78877558.57116501,210340156.18977335,39438779.285582505
100983762.643803,269290033.716808,50491881.3219015
9181210.935419671,24483229.161119126,4590605.467709836
24375613.266731944,65001635.37795185,12187806.633365972
16105367.782630034,42947647.42034676,8052683.891315017
51200460.65270705,136534561.74055213,25600230.326353524
38633231.00657913,103021949.35087767,19316615.503289565
-107837.21205607915,-287565.8988162111,-53918.606028039576
30654477.824242067,81745274.19797884,15327238.912121033
70529590.5815911,188078908.21757624,35264795.29079555
-21783623.12587675,-58089661.669004664,-10891811.562938375
244047.83665125247,650794.2310700065,122023.91832562623
29130006.997592527,77680018.66024674,14565003.498796264
37077.669457137585,98873.78521903355,18538.834728568792
-13712421.81133751,-36566458.16356669,-6856210.905668755
53355818.89019821,142282183.70719522,26677909.445099104
-22528135.714787494,-60075028.572766654,-11264067.857393747
25573434.733256605,68195825.95535094,12786717.366628302
62612152.353245035,166965739.60865343,31306076.176622517
69804719.59517008,186145918.92045355,34902359.79758504
24250866.240530018,64668976.641413376,12125433.120265009
10985536.196791964,29294763.19144524,5492768.098395982
31752410.52243805,84673094.72650146,15876205.261219025
10580262.666848414,28214033.778262436,5290131.333424207
61127050.92090372,163005469.1224099,30563525.46045186
65237167.75053253,173965780.66808674,32618583.875266265
32994101.137322742,87984269.69952732,16497050.568661371
16778532.37015929,44742752.98709144,8389266.185079645
12612042.85845376,33632114.28921002,6306021.42922688
13037167.892688062,34765781.047168165,6518583.946344031
96670501.38572161,257788003.6952576,48335250.692860804
-8848852.299450735,-23596939.46520196,-4424426.149725367
27761469.349570356,74030584.93218762,13880734.674785178
4017712.8724200153,10713900.99312004,2008856.4362100076
21946308.95444318,58523490.54518181,10973154.47722159
29947390.054870166,79859706.8129871,14973695.027435083
50352585.618857056,134273561.65028548,25176292.809428528
10509513.563503372,28025369.502675656,5254756.781751686
48440998.7941877,129175996.78450054,24220499.39709385
64598024.212671235,172261397.90045664,32299012.106335618
-22339071.319279883,-59570856.85141303,-11169535.659639942
-26355978.713854898,-70282609.90361306,-13177989.356927449
-13359128.449368842,-35624342.531650245,-6679564.224684421
-16413529.193612734,-43769411.18296729,-8206764.596806367
10162411.928438237,27099765.142501965,5081205.9642191185
48384167.886305846,129024447.69681558,24192083.943152923
31773884.5249657,84730358.73324186,15886942.26248285
48100327.902077906,128267541.07220775,24050163.951038953
15861404.122494485,42297077.6599853,7930702.061247243
11123154.67688178,29661745.805018082,5561577.33844089
56757244.94349569,151352653.1826552,28378622.471747845
24679007.582504746,65810686.88667933,12339503.791252373
-10456109.826233644,-27882959.536623053,-5228054.913116822
40231342.449848086,107283579.86626156,20115671.224924043
21919235.94680431,58451295.85814483,10959617.973402156
2380915.963497279,6349109.235992745,1190457.9817486396
-15771660.72779447,-42057761.94078525,-7885830.363897235
66020967.19271575,176055912.51390865,33010483.596357875
15148505.085727142,40396013.561939046,7574252.542863571
92929460.15228724,247811893.73943263,46464730.07614362
26618982.276887964,70983952.7383679,13309491.138443982
67507126.43723443,180019003.83262515,33753563.218617216
19467928.516521793,51914476.044058114,9733964.258260896
-524297.3460817591,-1398126.256218024,-262148.67304087954
35176881.90285398,93805018.40761063,17588440.95142699
37193843.462524,99183582.56673065,18596921.731262
36536074.26598565,97429531.37596174,18268037.132992826
22269986.606285907,59386630.95009575,11134993.303142954
-17810370.86953411,-47494322.31875762,-8905185.434767054
-7587447.411091744,-20233193.09624465,-3793723.705545872
22783993.046807837,60757314.79148756,11391996.523403918
33589340.36093766,89571574.29583377,16794670.18046883
23495890.901677,62655709.071138665,11747945.4508385
71659099.98635757,191090933.29695353,35829549.993178785
24433965.07406025,65157240.19749401,12216982.537030125
1287651.6183251154,3433737.6488669747,643825.8091625577
30734263.924363624,81958037.13163634,15367131.962181812
-5075335.296616658,-13534227.457644422,-2537667.648308329
9210674.531873126,24561798.751661666,4605337.265936563
-3094282.476901414,-8251419.93840377,-1547141.238450707
6906555.222120042,18417480.59232011,3453277.611060021
28343080.43807065,75581547.83485506,14171540.219035326
14610310.16150171,38960827.097337894,7305155.080750855
24069434.226523995,64185157.937397316,12034717.113261998
4294842.967978952,11452914.581277207,2147421.483989476
-12495315.235313388,-33320840.627502367,-6247657.617656694
47157929.41492698,125754478.4398053,23578964.70746349
29387673.177420996,78367128.47312266,14693836.588710498
15408023.091678858,41088061.57781029,7704011.545839429
-10369270.530115947,-27651388.08030919,-5184635.265057974
53947791.10312771,143860776.27500722,26973895.551563855
19279866.603589863,51412977.60957296,9639933.301794931
34435252.624033965,91827340.33075723,17217626.312016983
34239182.56087976,91304486.82901269,17119591.28043988
48699570.96702312,129865522.57872832,24349785.48351156
50099833.91823597,133599557.11529592,25049916.959117986
21329338.531018134,56878236.08271503,10664669.265509067
13879410.457723748,37011761.22059666,6939705.228861874
8305835.664316097,22148895.104842924,4152917.8321580486
37595578.60467665,100254876.27913775,18797789.302338324
40608737.5829044,108289966.88774505,20304368.7914522
-34874905.90592192,-92999749.08245845,-17437452.95296096
68362711.38935973,182300563.70495927,34181355.694679864
76790059.62661368,204773492.3376365,38395029.81330684
-10039492.369197084,-26771979.651192226,-5019746.184598542
71530692.31051648,190748512.82804394,35765346.15525824
-4793337.395862041,-12782233.055632109,-2396668.6979310205
14119525.068488168,37652066.84930178,7059762.534244084
58420498.51630917,155787996.04349113,29210249.258154586
13781848.550102524,36751596.13360673,6890924.275051262
9502761.946598448,25340698.52426253,4751380.973299224
14187626.762266878,37833671.366045006,7093813.381133439
-1820085.9373672425,-4853562.49964598,-910042.9686836213
-4658022.203292778,-12421392.542114073,-2329011.101646389
10045811.040618349,26788829.44164893,5022905.520309174
59512884.77328519,158701026.06209385,29756442.386642594
19127757.32916506,51007352.87777349,9563878.66458253
39292631.91198186,104780351.76528496,19646315.95599093
42996734.62818426,114657959.00849137,21498367.31409213
9896028.906648729,26389410.41772994,4948014.4533243645
18205072.925396714,48546861.13439124,9102536.462698357
31348074.18440933,83594864.49175821,15674037.092204666
34911178.07846626,93096474.87591003,17455589.03923313
3514455.178272305,9371880.475392813,1757227.5891361525
48442968.60478262,129181249.61275366,24221484.30239131
51220621.035574466,136588322.7615319,25610310.517787233
-5297181.648287174,-14125817.728765799,-2648590.824143587
58914586.418266274,157105563.7820434,29457293.209133137
37870211.37108516,100987230.32289377,18935105.68554258
41591418.49197769,110910449.31194052,20795709.245988846
15703541.177950967,41876109.80786924,7851770.588975484
40335273.9338028,107560730.49014078,20167636.9669014
88337433.00408918,235566488.01090446,44168716.50204459
34627594.46541167,92340251.90776445,17313797.232705835
29927443.420460105,79806515.78789362,14963721.710230052
50183182.80656745,133821820.81751321,25091591.403283726
26927536.664991193,71806764.43997651,13463768.332495596
58183889.19961788,155157037.86564767,29091944.59980894
9143543.370613892,24382782.321637042,4571771.685306946
10475016.81447281,27933378.171927493,5237508.407236405
15840050.37164127,42240134.324376725,7920025.185820635
33243991.27141686,88650643.39044496,16621995.63570843
21091781.9150291,56244751.77341094,10545890.95751455
42514126.7776236,113371004.7403296,21257063.3888118
60023758.540850334,160063356.10893422,30011879.270425167
17313425.07929682,46169133.54479152,8656712.53964841
39969759.09955392,106586024.26547712,19984879.54977696
9862720.050837755,26300586.802234016,4931360.025418878
7914728.222279012,21105941.926077366,3957364.111139506
-18576928.94909601,-49538477.19758936,-9288464.474548005
-11313250.48212673,-30168667.952337947,-5656625.241063365
24106798.60141755,64284796.2704468,12053399.300708774
30673285.321183436,81795427.52315582,15336642.660591718
47783017.23766763,127421379.30044702,23891508.618833814
1980075.3219704758,5280200.858587936,990037.6609852379
-4269157.858532127,-11384420.956085673,-2134578.9292660635
-10196924.392497834,-27191798.379994225,-5098462.196248917
74283351.58313791,198088937.55503443,37141675.79156896
57354555.94250482,152945482.5133462,28677277.97125241
18715212.961558692,49907234.56415651,9357606.480779346
24231234.755148746,64616626.01373,12115617.377574373
20387612.478558727,54366966.60948994,10193806.239279363
17123542.202630125,45662779.207013674,8561771.101315062
8077759.587091956,21540692.232245218,4038879.793545978
17696419.660928357,47190452.42914228,8848209.830464179
4784536.472555761,12758763.926815365,2392268.2362778806
25088149.696620774,66901732.52432206,12544074.848310387
10267140.698096264,27379041.861590035,5133570.349048132
-4522269.23533144,-12059384.627550507,-2261134.61766572
26643442.54806333,71049180.12816888,13321721.274031665
4303368.618732683,11475649.649953824,2151684.3093663417
14513833.499845373,38703555.999587655,7256916.749922686
25966529.55078608,69244078.80209622,12983264.77539304
733745.9807044228,1956655.9485451274,366872.9903522114
57914633.218982324,154439021.9172862,28957316.609491162
83488708.39055985,222636555.7081596,41744354.195279926
11406300.163392253,30416800.435712676,5703150.081696127
50340541.37723296,134241443.67262122,25170270.68861648
58071368.40179629,154856982.4047901,29035684.200898144
28887355.615946606,77032948.30919096,14443677.807973303
40916756.21132423,109111349.89686462,20458378.105662115
1867174.2194452405,4979131.251853975,933587.1097226202
-29138787.21502498,-77703432.57339996,-14569393.60751249
41373546.663233034,110329457.76862141,20686773.331616517
24174309.046996746,64464824.12532466,12087154.523498373
20144437.51977229,53718500.05272611,10072218.759886146
39224897.674505346,104599727.13201426,19612448.837252673
-12816841.511329263,-34178244.03021137,-6408420.755664632
4822683.185265429,12860488.494041145,2411341.5926327147
21677620.18944877,57806987.17186339,10838810.094724385
45870150.728203684,122320401.9418765,22935075.364101842
14090060.183007808,37573493.82135415,7045030.091503904
9158240.267927473,24421974.047806595,4579120.133963737
35654815.16990246,95079507.11973989,17827407.58495123
29668586.920206178,79116231.78721647,14834293.460103089
13076651.568718148,34871070.849915065,6538325.784359074
36459157.36872136,97224419.64992364,18229578.68436068
58347056.966492504,155592151.91064668,29173528.483246252
-10328815.612100732,-27543508.298935283,-5164407.806050366
39412548.79027486,105100130.10739963,19706274.39513743
27428842.221847028,73143579.25825875,13714421.110923514
21656256.119249757,57750016.317999355,10828128.059624879
8464511.229043396,22572029.944115724,4232255.614521698
-14960975.838963049,-39895935.57056813,-7480487.919481524
39870958.78154666,106322556.7507911,19935479.39077333
-15250475.364213528,-40667934.30456941,-7625237.682106764
-4542800.605019421,-12114134.946718458,-2271400.3025097107
11087006.132228525,29565349.68594273,5543503.066114263
-24169980.132588122,-64453280.35356832,-12084990.066294061
79286705.800769,211431215.46871734,39643352.9003845
33943094.5123183,90514918.69951546,16971547.25615915
7065173.116212936,18840461.643234495,3532586.558106468
-1269845.385043976,-3386254.360117269,-634922.692521988
11148024.911779767,29728066.431412715,5574012.455889883
14699633.923799485,39199023.796798624,7349816.9618997425
48465437.1400372,129241165.70676588,24232718.5700186
20872843.70770047,55660916.553867914,10436421.853850234
21781098.638255507,58082929.702014685,10890549.319127753
16493371.8471693,43982324.9257848,8246685.92358465
32180237.874953963,85813967.6665439,16090118.937476981
26012135.421064075,69365694.45617087,13006067.710532038
19280620.345785707,51414987.58876188,9640310.172892854
31227883.255920608,83274355.34912162,15613941.627960304
36765486.94354473,98041298.51611929,18382743.471772365
15949173.801711679,42531130.13789781,7974586.900855839
64497760.079357274,171994026.87828606,32248880.039678637
77390342.84212439,206374247.5789984,38695171.421062194
45542141.36988903,121445710.31970409,22771070.684944514
28319828.278377946,75519542.07567453,14159914.139188973
32754401.14199593,87345069.71198915,16377200.570997965
29124422.610232826,77665126.96062087,14562211.305116413
12466729.380001022,33244611.680002723,6233364.690000511
24112173.876950435,64299130.3385345,12056086.938475218
5380249.947644821,14347333.193719525,2690124.9738224107
11295353.075720849,30120941.535255596,5647676.537860424
1973745.592292092,5263321.579445579,986872.796146046
34895376.82074379,93054338.18865012,17447688.410371896
100807720.55037595,268820588.1343359,50403860.27518798
24803050.982076455,66141469.28553721,12401525.491038227
-25856942.358928576,-68951846.2904762,-12928471.179464288
33441840.967761617,89178242.58069764,16720920.483880809
39677909.62092289,105807758.98912771,19838954.810461447
31884083.72058858,85024223.25490287,15942041.86029429
763514.8146557497,2036039.5057486657,381757.40732787485
43575478.1573109,116201275.0861624,21787739.07865545
-5435980.583402907,-14495948.22240775,-2717990.2917014533
23437406.942044444,62499751.845451854,11718703.471022222
3592777.2839884367,9580739.423969164,1796388.6419942183
81050864.13780591,216135637.70081577,40525432.068902954
21523746.84519746,57396658.2538599,10761873.42259873
91163904.82707113,243103746.20552298,45581952.413535565
59651730.58570425,159071281.561878,29825865.292852126
-21762180.56401589,-58032481.50404238,-10881090.282007946
12818979.002090732,34183944.005575284,6409489.501045366
54386769.72441494,145031385.93177316,27193384.86220747
39229212.294960886,104611232.78656237,19614606.147480443
35776709.896139406,95404559.72303842,17888354.948069703
30702344.117274705,81872917.64606588,15351172.058637353
1539954.0633760507,4106544.1690028016,769977.0316880253
48740326.51421548,129974204.03790794,24370163.25710774
30781716.988264684,82084578.63537249,15390858.494132342
10075052.259486448,26866806.025297195,5037526.129743224
14476714.429444965,38604571.81185324,7238357.2147224825
4711305.17008277,12563480.453554055,2355652.585041385
30587121.736473292,81565657.96392879,15293560.868236646
64523409.03504668,172062424.09345782,32261704.51752334
43602928.34268666,116274475.58049777,21801464.17134333
19303317.271756027,51475512.72468273,9651658.635878013
67661588.17944866,180430901.81186312,33830794.08972433
21303092.736829106,56808247.29821095,10651546.368414553
-18532186.527494255,-49419164.07331801,-9266093.263747128
2245024.365652727,5986731.641740606,1122512.1828263635
33355025.20622652,88946733.88327073,16677512.60311326
-1985234.8947274627,-5293959.719273234,-992617.4473637313
71759947.68135037,191359860.48360097,35879973.84067518
96334258.69375408,256891356.51667753,48167129.34687704
33619878.97941548,89653010.6117746,16809939.48970774
-8274801.439593612,-22066137.172249634,-4137400.719796806
70108312.7613435,186955500.69691598,35054156.38067175
45807705.92849369,122153882.47598317,22903852.964246847
9041078.316468563,24109542.1772495,4520539.158234281
41892727.586309366,111713940.2301583,20946363.793154683
54586491.247097656,145563976.65892708,27293245.623548828
22888502.26926914,61036006.051384374,11444251.13463457
36934612.65534968,98492300.41426583,18467306.32767484
38879318.86956606,103678183.65217616,19439659.43478303
-243918.43551306857,-650449.1613681829,-121959.21775653429
21016102.680282347,56042940.48075292,10508051.340141173
-12643632.769994445,-33716354.05331852,-6321816.384997223
6998724.367336562,18663264.979564164,3499362.183668281
30065684.260370728,80175158.02765527,15032842.130185364
34179602.42046651,91145606.45457737,17089801.210233256
5040456.986303439,13441218.630142504,2520228.4931517197
18662408.028318755,49766421.408850014,9331204.014159378
11479199.190709805,30611197.841892812,5739599.595354903
19354141.129381284,51611043.01168342,9677070.564690642
79677066.35171905,212472176.93791747,39838533.175859526
62346443.43498237,166257182.4932863,31173221.717491183
1230382.5591558514,3281020.157748937,615191.2795779257
28960271.281660642,77227390.08442838,14480135.640830321
5669239.079039713,15117970.877439234,2834619.5395198567
-28608952.62853639,-76290540.3427637,-14304476.314268194
29030627.31838497,77415006.18235992,14515313.659192486
33325107.893911492,88866954.38376397,16662553.946955746
45223196.38304924,120595190.35479797,22611598.19152462
25795852.205051485,68788939.21347062,12897926.102525743
69724729.1559035,185932611.08240935,34862364.57795175
24811455.915496584,66163882.44132423,12405727.957748292
-13642118.516132321,-36378982.70968619,-6821059.258066161
7120614.057190744,18988304.15250865,3560307.028595372
-7597467.798713846,-20259914.12990359,-3798733.899356923
59944557.60057877,159852153.6015434,29972278.800289385
15625360.387597812,41667627.70026083,7812680.193798906
34516509.202644855,92044024.54038629,17258254.601322427
30312063.17969654,80832168.47919078,15156031.58984827
38525337.18735524,102734232.49961397,19262668.59367762
19827435.949363086,52873162.5316349,9913717.974681543
30192622.525761817,80513660.06869818,15096311.262880908
12961298.611387629,34563462.96370034,6480649.3056938145
35155301.17812805,93747469.80834147,17577650.589064024
30159842.60101976,80426246.9360527,15079921.30050988
5973149.41503571,15928398.440095225,2986574.707517855
26112546.095650394,69633456.25506772,13056273.047825197
3585677.400096338,9561806.4002569,1792838.700048169
20857484.447808687,55619958.52748983,10428742.223904343
25831440.028824843,68883840.07686625,12915720.014412422
37726241.133040935,100603309.68810916,18863120.566520467
12170397.556188053,32454393.483168144,6085198.778094026
27352238.84264712,72939303.58039232,13676119.42132356
7560817.742033184,20162180.64542182,3780408.871016592
-172392.40153967272,-459713.0707724606,-86196.20076983636
14845863.791755192,39588970.111347176,7422931.895877596
78193461.33364578,208515896.88972205,39096730.66682289
34868960.10870934,92983893.62322491,17434480.05435467
30993041.042584155,82648109.44689108,15496520.521292077
21503823.068736605,57343528.18329761,10751911.534368303
10317449.696243636,27513199.18998303,5158724.848121818
12490019.373924859,33306718.33046629,6245009.686962429
5600838.058736645,14935568.156631052,2800419.0293683223
29114675.2022072,77639133.87255253,14557337.6011036
30602854.250270016,81607611.33405338,15301427.125135008
45989728.0358807,122639274.76234853,22994864.01794035
54533754.70516319,145423345.88043517,27266877.352581594
53378897.67412342,142343727.13099578,26689448.83706171
12434319.442353442,33158185.17960918,6217159.721176721
11929634.199890405,31812357.866374414,5964817.0999452025
12093119.843277428,32248319.582073145,6046559.921638714
77209311.4852104,205891497.2938944,38604655.7426052
40636811.632929794,108364831.02114612,20318405.816464897
30626512.707163054,81670700.55243482,15313256.353581527
9342065.177456373,24912173.80655033,4671032.588728187
44801980.96894113,119471949.25050968,22400990.484470565
15905947.216319632,42415859.243519016,7952973.608159816
66158259.35128764,176422024.93676704,33079129.67564382
19442227.7322428,51845940.619314134,9721113.8661214
5628273.894156762,15008730.384418035,2814136.947078381
-38874605.8225178,-103665615.52671412,-19437302.9112589
74474165.54567736,198597774.78847295,37237082.77283868
10239315.080569733,27304840.21485262,5119657.5402848665
21665574.03699454,57774864.0986521,10832787.01849727
-16110261.282716354,-42960696.75391027,-8055130.641358177
17906361.50083795,47750297.33556786,8953180.750418974
51426970.08079396,137138586.88211724,25713485.04039698
-22393141.02992276,-59715042.7464607,-11196570.51496138
-1690506.058097195,-4508016.154925854,-845253.0290485976
49290479.36387835,131441278.3036756,24645239.681939173
38886660.9646975,103697762.57252668,19443330.48234875
31740016.35962942,84640043.62567845,15870008.17981471
-25937460.30382717,-69166560.81020579,-12968730.151913585
12751432.949050982,34003821.19746929,6375716.474525491
-5175563.59027736,-13801502.907406293,-2587781.79513868
-24848674.058149885,-66263130.82173303,-12424337.029074943
-13405173.153978964,-35747128.41061057,-6702586.576989482
28650756.0876877,76402016.23383386,14325378.04384385
89919028.22465506,239784075.26574683,44959514.11232753
50175190.97592651,133800509.26913735,25087595.487963255
17015217.27123649,45373912.723297305,8507608.635618245
-2378794.1946529415,-6343451.185741178,-1189397.0973264708
79002899.984685,210674399.95916,39501449.9923425
30885384.54232504,82361025.4462001,15442692.27116252
30593616.86731047,81582978.31282793,15296808.433655236
24676787.95721375,65804767.88590333,12338393.978606874
20091266.697447244,53576711.19319265,10045633.348723622
55755617.29062834,148681646.10834223,27877808.64531417
38491128.86055276,102643010.29480736,19245564.43027638
11007446.018815307,29353189.383507483,5503723.0094076535
86116394.35869685,229643718.28985825,43058197.179348424
27162444.248909406,72433184.66375843,13581222.124454703
19277381.10121011,51406349.60322697,9638690.550605055
11122085.218335763,29658893.915562034,5561042.609167881
42647273.08250619,113726061.55334984,21323636.541253094
58692263.03441066,156512701.4250951,29346131.51720533
4700954.932534458,12535879.820091888,2350477.466267229
36509996.23635863,97359989.963623,18254998.118179314
35753198.103562474,95341861.60949993,17876599.051781237
67843564.10025282,180916170.93400753,33921782.05012641
-3783733.901588292,-10089957.070902111,-1891866.950794146
68404974.47546081,182413265.2678955,34202487.237730406
19392772.364414524,51714059.63843874,9696386.182207262
-20076605.548353292,-53537614.79560878,-10038302.774176646
-5335407.919085406,-14227754.450894414,-2667703.959542703
-7057916.374112124,-18821110.330965664,-3528958.187056062
48656810.52844991,129751494.74253309,24328405.264224954
34415748.24875305,91775328.66334146,17207874.124376524
22488554.907295663,59969479.75278843,11244277.453647831
-8274798.833627145,-22066130.22300572,-4137399.4168135724
53926861.947866164,143804965.19430977,26963430.973933082
-16819043.986560736,-44850783.96416197,-8409521.993280368
35726857.81126004,95271620.83002676,17863428.90563002
72770846.65212935,194055591.07234496,36385423.326064676
61413197.45948406,163768526.55862418,30706598.72974203
43582628.89978236,116220343.73275296,21791314.44989118
49603668.664220735,132276449.7712553,24801834.332110368
7462899.791860944,19901066.111629184,3731449.895930472
-6150796.497231126,-16402123.992616335,-3075398.248615563
17748190.46499251,47328507.90664669,8874095.232496254
-33974333.19516113,-90598221.853763,-16987166.597580563
4403987.765929077,11743967.37581087,2201993.8829645384
17092539.520793915,45580105.388783775,8546269.760396957
40760855.00766246,108695613.35376656,20380427.50383123
56448100.097183906,150528266.92582375,28224050.048591953
40822713.34529053,108860568.92077474,20411356.672645263
41198120.416891254,109861654.44504334,20599060.208445627
439266.761234193,1171378.029957848,219633.3806170965
-13468361.617867393,-35915630.98097972,-6734180.808933697
35500382.8127795,94667687.50074534,17750191.40638975
40904327.03075851,109078205.41535603,20452163.515379254
25487695.673132837,67967188.46168756,12743847.836566418
14385771.089693144,38362056.23918172,7192885.544846572
21565843.77676026,57508916.73802736,10782921.88838013
13936640.5814295,37164374.883812,6968320.29071475
33617904.05639706,89647744.15039216,16808952.02819853
4597917.732313279,12261113.952835413,2298958.8661566395
17001701.46430271,45337870.57147389,8500850.732151356
96040840.27180289,256108907.39147437,48020420.13590144
8247293.250768048,21992782.002048127,4123646.625384024
48722191.32717086,129925843.53912228,24361095.66358543
42126378.28830689,112337008.76881838,21063189.144153446
-25659050.03296747,-68424133.42124659,-12829525.016483735
13045602.114274694,34788272.30473252,6522801.057137347
4973794.048593171,13263450.796248455,2486897.0242965855
21761809.96709298,58031493.24558128,10880904.98354649
14105846.465419102,37615590.57445094,7052923.232709551
88490097.18247092,235973592.4865891,44245048.59123546
47911488.5667679,127763969.51138107,23955744.28338395
-41840242.88228239,-111573981.01941971,-20920121.441141196
28325190.05560898,75533840.1482906,14162595.02780449
9020478.213442292,24054608.56917945,4510239.106721146
51400489.263723746,137067971.36993,25700244.631861873
39804558.0210746,106145488.05619894,19902279.0105373
-2693825.705313338,-7183535.214168902,-1346912.852656669
51659728.455759495,137759275.88202533,25829864.227879748
17035944.111121338,45429184.29632357,8517972.055560669
-15910977.37600395,-42429273.0026772,-7955488.688001975
33185890.808137663,88495708.82170044,16592945.404068831
20176071.13526311,53802856.360701635,10088035.567631556
36173195.66133436,96461855.09689163,18086597.83066718
22514110.32116139,60037627.52309704,11257055.160580695
14598078.787416628,38928210.09977767,7299039.393708314
43069952.09455167,114853205.58547112,21534976.047275834
31755791.673696317,84682111.12985684,15877895.836848158
69807696.48280628,186153857.28748342,34903848.24140314
27020079.3916799,72053545.04447974,13510039.69583995
58118791.42588611,154983443.80236295,29059395.712943055
3533463.8156804848,9422570.17514796,1766731.9078402424
44115831.8747358,117642218.3326288,22057915.9373679
-748855.5237063613,-1996948.0632169633,-374427.76185318065
-15299119.33653581,-40797651.5640955,-7649559.668267905
8407958.254027132,22421222.010739017,4203979.127013566
-30198588.91209196,-80529570.43224522,-15099294.45604598
57402365.15102432,153072973.73606485,28701182.57551216
61140843.81633543,163042250.1768945,30570421.908167716
34575822.409708686,92202193.0925565,17287911.204854343
-18988364.629791494,-50635639.01277732,-9494182.314895747
68066311.06028478,181510162.8274261,34033155.53014239
49356839.29785761,131618238.1276203,24678419.648928806
2645469.3474794356,7054584.926611829,1322734.6737397178
6048892.492355823,16130379.979615528,3024446.2461779113
37900215.06894104,101067240.1838428,18950107.53447052
4354929.071195232,11613144.189853951,2177464.535597616
34524128.47516059,92064342.60042824,17262064.237580296
57429775.945436254,153146069.18783,28714887.972718127
-21690191.17293246,-57840509.79448656,-10845095.58646623
15003895.953675391,40010389.20980105,7501947.976837696
41329743.43902933,110212649.17074487,20664871.719514664
50521472.34417742,134723926.2511398,25260736.17208871
81570347.4563572,217520926.55028585,40785173.7281786
57634529.49081199,153692078.6421653,28817264.745405994
41922850.328338884,111794267.54223703,20961425.164169442
16643379.404537931,44382345.078767814,8321689.702268966
41211365.6691547,109896975.11774588,20605682.83457735
-9679944.27113277,-25813184.72302072,-4839972.135566385
5218272.209790012,13915392.559440032,2609136.104895006
59867697.22017,159647192.58712,29933848.610085
18518160.140817102,49381760.37551227,9259080.070408551
6100824.422794568,16268865.127452182,3050412.211397284
65482758.42315214,174620689.12840572,32741379.21157607
35645023.366692655,95053395.64451374,17822511.683346327
11968321.17205745,31915523.125486534,5984160.586028725
-5950537.744328776,-15868100.651543405,-2975268.872164388
16514810.865951698,44039495.64253786,8257405.432975849
59297331.47565728,158126217.2684194,29648665.73782864
38256778.82469121,102018076.86584324,19128389.412345607
-27362218.910784338,-72965917.0954249,-13681109.455392169
-28479420.465885233,-75945121.24236062,-14239710.232942617
18085629.84679795,48228346.25812786,9042814.923398975
64257605.77946038,171353615.41189432,32128802.88973019
36696969.69477647,97858585.85273726,18348484.847388234
16877882.557939142,45007686.821171045,8438941.278969571
-6578806.3173426725,-17543483.512913793,-3289403.1586713362
43671207.32696511,116456552.87190695,21835603.663482554
-51735170.6107824,-137960454.9620864,-25867585.3053912
5560877.89989254,14829007.733046772,2780438.94994627
-8418736.598121636,-22449964.261657696,-4209368.299060818
27161961.98906433,72431898.63750488,13580980.994532164
59343879.85537256,158250346.2809935,29671939.92768628
20242926.75554056,53981138.01477483,10121463.37777028
49258362.575401925,131355633.53440514,24629181.287700962
-15284551.497388374,-40758803.99303567,-7642275.748694187
14452964.868026871,38541239.648071654,7226482.434013436
65571550.463489205,174857467.90263787,32785775.231744602
7900467.846500695,21067914.257335186,3950233.9232503474
34170068.07835994,91120181.54229316,17085034.03917997
63700069.32170394,169866851.52454385,31850034.66085197
3685034.2309012157,9826757.949069908,1842517.1154506078
43706848.24312261,116551595.31499362,21853424.121561304
39065782.36867196,104175419.6497919,19532891.18433598
-9604056.501420794,-25610817.337122116,-4802028.250710397
13984849.979646768,37292933.27905805,6992424.989823384
-12420761.934906,-33122031.826415997,-6210380.967453
38865970.25830078,103642587.35546874,19432985.12915039
40120290.94070312,106987442.50854164,20060145.47035156
41319787.213399656,110186099.23573242,20659893.606699828
14855213.897030275,39613903.72541407,7427606.948515138
35035940.47725826,93429174.60602203,17517970.23862913
62575845.839265525,166868922.2380414,31287922.919632763
3318002.3775481707,8848006.340128455,1659001.1887740854
8929591.392683059,23812243.71382149,4464795.6963415295
54269389.05076507,144718370.8020402,27134694.525382534
79574199.7269006,212197865.9384016,39787099.8634503
67967162.5638525,181245766.83694002,33983581.28192625
23845399.361548696,63587731.630796514,11922699.680774348
7442721.99443133,19847258.65181688,3721360.997215665
18581796.360784363,49551456.96209163,9290898.180392182
8136755.59312935,21698014.9150116,4068377.796564675
53784474.80848631,143425266.15596348,26892237.404243156
-2646169.9058259404,-7056453.082202507,-1323084.9529129702
13731107.285844326,36616286.09558487,6865553.642922163
48988617.33217313,130636312.88579503,24494308.666086566
62803668.86962504,167476450.31900012,31401834.43481252
21828406.916233048,58209085.1099548,10914203.458116524
69227627.40155861,184607006.4041563,34613813.700779304
19999826.19697045,53332869.858587876,9999913.098485226
33215428.870266356,88574476.98737694,16607714.435133178
-24987993.897663224,-66634650.3937686,-12493996.948831612
76353660.45752117,203609761.22005647,38176830.228760585
68381379.92051195,182350346.45469853,34190689.96025597
-3512273.4186392017,-9366062.449704537,-1756136.7093196008
9799405.690626273,26131748.508336727,4899702.8453131365
-4104780.0715181716,-10946080.190715125,-2052390.0357590858
9047746.876642473,24127325.004379928,4523873.4383212365
57081430.67704423,152217148.47211793,28540715.338522114
15318221.597266218,40848590.92604325,7659110.798633109
33300062.84150392,88800167.57734378,16650031.42075196
8361797.664054227,22298127.104144607,4180898.8320271135
31184763.398138035,83159369.06170143,15592381.699069018
-12560314.990390167,-33494173.30770711,-6280157.495195083
89975304.74648726,239934145.99063268,44987652.37324363
38882190.235137634,103685840.6270337,19441095.117568817
22813290.842984788,60835442.247959435,11406645.421492394
30003598.157759804,80009595.08735947,15001799.078879902
69327683.30155791,184873822.13748777,34663841.65077896
40241616.643238306,107310977.71530215,20120808.321619153
45555344.02450717,121480917.39868578,22777672.012253586
22876544.376362152,61004118.33696574,11438272.188181076
50865894.91627934,135642386.4434116,25432947.45813967
-350009.1047524884,-933357.6126733023,-175004.5523762442
66174336.47508396,176464897.26689056,33087168.23754198
35980697.30567954,95948526.14847876,17990348.65283977
18610672.691175204,49628460.509800546,9305336.345587602
102058888.33570333,272157035.5618756,51029444.167851664
77642902.18347415,207047739.15593106,38821451.09173708
45634575.05817546,121692200.15513456,22817287.52908773
30596266.625040624,81590044.33344167,15298133.312520312
34912198.436296515,93099195.83012405,17456099.218148258
66103419.10327899,176275784.27541065,33051709.551639494
80602696.63383585,214940524.3568956,40301348.316917926
-14049406.162161615,-37465083.09909764,-7024703.081080807
-14771190.570064167,-39389841.520171106,-7385595.285032083
20545315.72091557,54787508.58910819,10272657.860457785
36952893.7714481,98541050.05719493,18476446.88572405
63328535.56501235,168876094.84003294,31664267.782506175
34220807.92667631,91255487.80447017,17110403.963338155
-250211.21832727588,-667229.9155394024,-125105.60916363794
24590288.02392119,65574101.39712317,12295144.011960596
28049231.232488766,74797949.95330338,14024615.616244383
19404241.460051164,51744643.893469766,9702120.730025582
34355546.75366075,91614791.34309535,17177773.376830377
86168237.91614865,229781967.77639642,43084118.958074324
66177288.787073,176472770.09886134,33088644.3935365
16771437.250554068,44723832.66814418,8385718.625277034
48849500.4036239,130265334.40966375,24424750.20181195
19698450.19256291,52529200.51350109,9849225.096281456
8224592.653155563,21932247.0750815,4112296.3265777817
18558907.35063785,49490419.60170093,9279453.675318925
-11370711.435517699,-30321897.16138053,-5685355.717758849
67324905.03949986,179533080.10533297,33662452.51974993
50862744.63241616,135633985.6864431,25431372.31620808
-9247491.623672819,-24659977.66312752,-4623745.811836409
33602911.6966676,89607764.52444692,16801455.8483338
47353655.36596092,126276414.3092291,23676827.68298046
15485330.500429014,41294214.6678107,7742665.250214507
38682019.80081097,103152052.8021626,19341009.900405485
35662345.40812346,95099587.7549959,17831172.70406173
4499756.089060649,11999349.570828399,2249878.0445303246
-16402277.915259924,-43739407.77402646,-8201138.957629962
21197768.80250127,56527383.47333671,10598884.401250634
52381080.934236355,139682882.49129695,26190540.467118178
51435712.082112096,137161898.88563225,25717856.041056048
13625444.470022602,36334518.58672694,6812722.235011301
21062572.075246915,56166858.86732511,10531286.037623458
61596095.126333624,164256253.670223,30798047.563166812
-7230234.058628881,-19280624.156343684,-3615117.0293144407
60207797.70817078,160554127.22178873,30103898.85408539
62762924.50372438,167367798.67659834,31381462.25186219
11901798.609508539,31738129.625356104,5950899.304754269
-27505550.313168444,-73348134.1684492,-13752775.156584222
18935116.201856434,50493643.20495049,9467558.100928217
41472728.39079041,110593942.37544109,20736364.195395205
65684491.53564762,175158644.09506032,32842245.76782381
48089972.94248845,128239927.84663585,24044986.471244223
21758380.758959796,58022348.690559454,10879190.379479898
27231481.626689304,72617284.33783814,13615740.813344652
-6419895.976412482,-17119722.60376662,-3209947.988206241
10172854.10367054,27127610.943121437,5086427.05183527
19280559.714560557,51414825.905494824,9640279.857280279
40077237.63112964,106872633.68301237,20038618.81556482
30466823.607829563,81244862.95421217,15233411.803914782
-9928311.478645502,-26475497.276388004,-4964155.739322751
31365535.728900343,83641428.61040092,15682767.864450172
19593617.539647233,52249646.77239262,9796808.769823616
80780390.1086179,215414373.62298107,40390195.05430895
26042788.529793397,69447436.07944906,13021394.264896698
71403123.30558366,190408328.81488973,35701561.65279183
-27625519.552666657,-73668052.14044441,-13812759.776333328
40883277.10149172,109022072.27064458,20441638.55074586
41605622.26607139,110948326.04285702,20802811.133035693
28916861.13063829,77111629.6817021,14458430.565319145
43759513.99655567,116692037.32414846,21879756.998277836
-9196420.215664387,-24523787.241771698,-4598210.107832193
81966316.71836993,218576844.58231983,40983158.359184965
4462532.002799139,11900085.340797706,2231266.0013995697
75164901.71240206,200439737.89973882,37582450.85620103
25601879.196275685,68271677.85673515,12800939.598137842
30638153.961795297,81701743.89812079,15319076.980897648
47696002.495736346,127189339.98863025,23848001.247868173
20119235.921412382,53651295.79043302,10059617.960706191
61218962.79735278,163250567.45960742,30609481.39867639
44272499.53383673,118059998.75689794,22136249.766918365
76782896.04111396,204754389.44297054,38391448.02055698
85225922.82157528,227269127.52420074,42612961.41078764
47047197.62472323,125459193.66592862,23523598.812361617
27452727.731626406,73207273.95100375,13726363.865813203
69813134.72321856,186168359.26191616,34906567.36160928
15394561.8618453,41052164.964920804,7697280.93092265
63308896.44904975,168823723.86413267,31654448.224524874
15368250.435128685,40982001.16034316,7684125.217564343
45619104.55262589,121650945.47366904,22809552.276312944
19534742.7290378,52092647.27743413,9767371.3645189
25921423.379967615,69123795.67991364,12960711.689983808
-25146237.251214936,-67056632.669906504,-12573118.625607468
38751988.35737045,103338635.61965452,19375994.178685226
23880080.598315794,63680214.92884211,11940040.299157897
4376429.695247733,11670479.187327288,2188214.8476238665
7651357.680392451,20403620.481046535,3825678.8401962253
28260707.421469904,75361886.45725308,14130353.710734952
14098536.373857658,37596096.996953756,7049268.186928829
42539544.503308445,113438785.34215586,21269772.251654223
1537709.4949454176,4100558.65318778,768854.7474727088
6924182.687620803,18464487.16698881,3462091.3438104014
-685005.2992619288,-1826680.79803181,-342502.6496309644
50272668.63512787,134060449.69367433,25136334.317563936
22325132.41094972,59533686.42919925,11162566.20547486
26188150.261155736,69835067.36308196,13094075.130577868
26959520.225340936,71892053.9342425,13479760.112670468
34219975.459895544,91253267.89305478,17109987.729947772
43286632.90857626,115431021.0895367,21643316.45428813
56212662.09371866,149900432.24991643,28106331.04685933
-2622563.161154601,-6993501.763078935,-1311281.5805773004
39864435.66383741,106305161.77023311,19932217.831918705
9733271.752074162,25955391.33886443,4866635.876037081
72240916.96304171,192642445.2347779,36120458.481520854
42940525.48344119,114508067.95584317,21470262.741720594
6423169.497469014,17128451.993250705,3211584.748734507
17782790.008357577,47420773.355620205,8891395.004178789
-11479599.544844316,-30612265.452918176,-5739799.772422158
30551017.35954463,81469379.62545235,15275508.679772316
58615881.98161388,156309018.617637,29307940.99080694
59859043.140970394,159624115.0425877,29929521.570485197
38588583.65171087,102902889.73789565,19294291.825855434
-20984379.42769014,-55958345.140507035,-10492189.71384507
39983850.806723244,106623602.15126199,19991925.403361622
6551680.447462535,17471147.859900095,3275840.2237312677
34903001.38730845,93074670.36615586,17451500.693654224
58680506.7626587,156481351.36708987,29340253.38132935
12438491.796819568,33169311.458185513,6219245.898409784
3338211.0338235847,8901896.090196226,1669105.5169117923
-2022227.1901551334,-5392605.840413689,-1011113.5950775667
37639274.61393548,100371398.97049461,18819637.30696774
5882408.027151798,15686421.405738126,2941204.013575899
-1597674.251239682,-4260464.669972486,-798837.125619841
23950180.415579945,63867147.77487985,11975090.207789972
-7810347.7222095905,-20827593.92589224,-3905173.8611047952
-19802935.26959974,-52807827.38559931,-9901467.63479987
41390772.70093274,110375393.86915398,20695386.35046637
46531219.34746898,124083251.59325062,23265609.67373449
38102563.35193826,101606835.6051687,19051281.67596913
27310663.69292468,72828436.51446581,13655331.84646234
-2579039.619044071,-6877438.984117523,-1289519.8095220355
34924574.31173483,93132198.16462623,17462287.155867416
22461487.604275063,59897300.27806684,11230743.802137531
1758248.1370599547,4688661.698826546,879124.0685299773
28054009.20000338,74810691.20000902,14027004.60000169
65427817.18591884,174474179.16245022,32713908.59295942
69363688.0396828,184969834.77248746,34681844.0198414
28465163.388058003,75907102.36815467,14232581.694029002
5249593.421614754,13998915.790972676,2624796.710807377
37485896.44760643,99962390.52695048,18742948.223803215
4895666.045387037,13055109.454365432,2447833.0226935185
47600156.36816882,126933750.31511687,23800078.18408441
59773799.619945966,159396798.98652256,29886899.809972983
3816462.0369345522,10177232.09849214,1908231.0184672761
53380582.52680521,142348220.07148057,26690291.263402604
42185012.630156584,112493367.0137509,21092506.315078292
11785107.767596506,31426954.046924017,5892553.883798253
56993781.54709037,151983417.45890763,28496890.773545183
-9705737.589420596,-25881966.90512159,-4852868.794710298
2554110.89396623,6810962.383909946,1277055.446983115
35501247.09359791,94669992.24959442,17750623.546798956
29501019.85881349,78669386.29016931,14750509.929406745
15412402.410662182,41099739.761765815,7706201.205331091
75837682.97418897,202233821.26450393,37918841.487094484
1037495.1596953452,2766653.759187587,518747.5798476726
-5393839.276682968,-14383571.404487915,-2696919.638341484
16234006.063525029,43290682.83606674,8117003.031762514
-33150625.78748554,-88401668.7666281,-16575312.89374277
69807321.14646958,186152856.39058554,34903660.57323479
34845642.64366367,92921713.71643645,17422821.321831834
74209451.0659427,197891869.50918055,37104725.53297135
38015359.06344744,101374290.83585982,19007679.53172372
4162857.1274256897,11100952.339801839,2081428.5637128449
10896933.17450305,29058488.46534147,5448466.587251525
5583633.5209319275,14889689.389151806,2791816.7604659637
59548018.24800062,158794715.32800168,29774009.12400031
58755371.041397944,156680989.44372785,29377685.520698972
-7873986.629531859,-20997297.678751625,-3936993.3147659297
7460130.229398676,19893680.611729804,3730065.114699338
35208666.38879361,93889777.03678295,17604333.194396805
17238927.148284983,45970472.39542662,8619463.574142491
36261951.21479072,96698536.57277524,18130975.60739536
42756455.29722932,114017214.12594485,21378227.64861466
-5614660.641581057,-14972428.377549484,-2807330.3207905283
34533262.66604215,92088700.44277906,17266631.333021075
-9481739.07849799,-25284637.5426613,-4740869.539248995
40783596.9800991,108756258.61359759,20391798.49004955
58521987.4293349,156058633.14489308,29260993.71466745
31481663.1650887,83951101.77356985,15740831.58254435
65902056.492998995,175738817.31466398,32951028.246499497
3906665.4540114333,10417774.54403049,1953332.7270057166
-22660926.493119955,-60429137.31498655,-11330463.246559978
70295795.9378023,187455455.83413944,35147897.96890115
23612887.319385193,62967699.51836052,11806443.659692597
-1826078.8918636555,-4869543.711636415,-913039.4459318278
12582623.42751078,33553662.473362077,6291311.71375539
6119600.551785637,16318934.804761698,3059800.2758928183
30224429.38735349,80598478.36627597,15112214.693676746
8252364.110860437,22006304.295627832,4126182.0554302186
15393790.68537429,41050108.49433144,7696895.342687145
6429488.322075869,17145302.192202315,3214744.1610379345
25186149.512342133,67163065.36624569,12593074.756171066
21066344.217977066,56176917.914605506,10533172.108988533
27912191.91239268,74432511.76638049,13956095.95619634
27154552.561545122,72412140.16412033,13577276.280772561
36413574.270072654,97102864.72019374,18206787.135036327
16373369.627284095,43662319.006090924,8186684.813642047
32735964.849744197,87295906.26598452,16367982.424872098
47334280.061228834,126224746.82994355,23667140.030614417
41028950.384508215,109410534.35868858,20514475.192254107
49947497.7550985,133193327.34692933,24973748.87754925
-5367939.152873412,-14314504.40766243,-2683969.576436706
-21435900.147536296,-57162400.39343012,-10717950.073768148
30545466.05154879,81454576.13746344,15272733.025774395
14292612.436136069,38113633.163029514,7146306.218068034
-3803402.0877940734,-10142405.567450862,-1901701.0438970367
11790118.864619251,31440316.972318005,5895059.432309626
1686298.0256040702,4496794.734944187,843149.0128020351
24419333.435928203,65118222.49580854,12209666.717964102
11324606.159061028,30198949.757496074,5662303.079530514
27287562.93525499,72766834.49401331,13643781.467627496
26163467.93311492,69769247.82163979,13081733.96655746
24413823.20079359,65103528.53544957,12206911.600396795
35783882.08819276,95423685.56851403,17891941.04409638
7711440.6515677245,20563841.737513933,3855720.3257838623
12012266.097274737,32032709.592732634,6006133.048637369
108195480.15478857,288521280.4127695,54097740.077394284
16937857.203473367,45167619.20926231,8468928.601736683
27861277.672593035,74296740.46024808,13930638.836296517
6523392.585478889,17395713.56127704,3261696.2927394444
38647498.011882424,103059994.69835314,19323749.005941212
2295223.440229774,6120595.84061273,1147611.720114887
70189580.69913276,187172215.19768733,35094790.34956638
24588714.474294886,65569905.26478636,12294357.237147443
-19624290.34673225,-52331440.92461933,-9812145.173366126
32918085.996581253,87781562.65755,16459042.998290626
20225005.097079635,53933346.92554569,10112502.548539817
14101359.428418463,37603625.14244924,7050679.714209232
36864799.710848644,98306132.56226306,18432399.855424322
49915864.37164271,133108971.65771389,24957932.185821354
66436735.64402684,177164628.38407156,33218367.82201342
4954211.2028438365,13211229.87425023,2477105.6014219183
44742260.1530292,119312693.74141121,22371130.0765146
-684735.6215435307,-1825961.6574494152,-342367.81077176536
-10594695.040526493,-28252520.108070645,-5297347.520263246
18634475.689942554,49691935.17318015,9317237.844971277
22944884.417651445,61186358.447070524,11472442.208825722
16581913.912570113,44218437.10018697,8290956.956285057
43366448.44641543,115643862.52377447,21683224.223207716
12120541.85363379,32321444.943023436,6060270.926816895
-15628445.476110086,-41675854.60296023,-7814222.738055043
21050324.442359902,56134198.51295974,10525162.221179951
12117969.566921836,32314585.51179156,6058984.783460918
59074889.84061414,157533039.57497105,29537444.92030707
50019361.94188894,133384965.1783705,25009680.97094447
28423445.197458144,75795853.85988839,14211722.598729072
-3934064.6562885493,-10490839.083436131,-1967032.3281442747
43514318.93970392,116038183.83921045,21757159.46985196
30602918.673941992,81607783.13051198,15301459.336970996
9774498.10732661,26065328.286204293,4887249.053663305
85275221.2067517,227400589.8846712,42637610.60337585
32368001.276495792,86314670.07065544,16184000.638247896
51309393.002460346,136825048.00656092,25654696.501230173
8719128.139342032,23251008.371578753,4359564.069671016
-8033170.369348951,-21421787.6515972,-4016585.1846744753
22932339.77637293,61152906.0703278,11466169.888186464
46453262.79930802,123875367.46482137,23226631.39965401
-11608567.480258724,-30956179.9473566,-5804283.740129362
-20250068.695783265,-54000183.18875537,-10125034.347891632
14261701.601975402,38031204.271934405,7130850.800987701
19637459.950679146,52366559.868477724,9818729.975339573
43732578.27879268,116620208.74344714,21866289.13939634
-24421236.921226446,-65123298.45660385,-12210618.460613223
-14045698.03103863,-37455194.74943635,-7022849.015519315
12494890.207349148,33319707.219597727,6247445.103674574
14219370.980258001,37918322.61402134,7109685.4901290005
24377478.187873088,65006608.5009949,12188739.093936544
3179355.1169571914,8478280.311885845,1589677.5584785957
53989271.169658154,143971389.78575507,26994635.584829077
47073194.06647467,125528517.51059912,23536597.033237334
64979880.29830116,173279680.79546976,32489940.14915058
72124327.30141671,192331539.47044456,36062163.650708355
30635104.371260356,81693611.6566943,15317552.185630178
-5021334.10171523,-13390224.271240614,-2510667.050857615
17323091.19172116,46194909.84458976,8661545.59586058
32993697.384844355,87983193.02625161,16496848.692422178
-4721411.653439181,-12590431.075837815,-2360705.8267195905
27110671.12897977,72295123.01061271,13555335.564489884
22317712.85449107,59513900.94530952,11158856.427245535
3976826.2396009476,10604869.972269192,1988413.1198004738
30739914.943219885,81973106.51525302,15369957.471609943
34645703.92233357,92388543.7928895,17322851.961166784
5058962.35619229,13490566.28317944,2529481.178096145
51614717.159589835,137639245.75890622,25807358.579794917
-16721287.967804266,-44590101.247478046,-8360643.983902133
-20347832.00781228,-54260885.354166076,-10173916.00390614
-4269540.68158003,-11385441.81754675,-2134770.340790015
53173116.54988755,141794977.4663668,26586558.274943776
24723339.60975267,65928905.62600712,12361669.804876335
-22760652.338355143,-60695072.902280375,-11380326.169177571
48021027.18546218,128056072.49456581,24010513.59273109
27381479.986541156,73017279.96410975,13690739.993270578
-26180.086423227556,-69813.56379527348,-13090.043211613778
39821985.613930225,106191961.63714726,19910992.806965113
40128703.94527832,107009877.18740883,20064351.97263916
52621944.25269627,140325184.6738567,26310972.126348134
83838714.22278896,223569904.59410387,41919357.11139448
26782730.562612783,71420614.8336341,13391365.281306392
32527122.736515354,86738993.96404095,16263561.368257677
21823510.40801803,58196027.75471475,10911755.204009015
32956640.7545804,87884375.34554774,16478320.3772902
18643328.57884521,49715542.87692056,9321664.289422605
61475080.36161837,163933547.6309823,30737540.180809185
-2672470.2570664226,-7126587.352177127,-1336235.1285332113
14728975.351326592,39277267.60353758,7364487.675663296
55594881.41997316,148253017.11992842,27797440.70998658
73069532.73145212,194852087.2838723,36534766.36572606
77324696.18024653,206199189.81399077,38662348.090123266
49889220.87433593,133037922.33156249,24944610.437167965
-15213791.50607823,-40570110.68287528,-7606895.753039115
46062054.108040966,122832144.28810924,23031027.054020483
18288565.5456947,48769508.12185253,9144282.77284735
28305388.178579815,75481035.1428795,14152694.089289907
9915493.440892337,26441315.842379566,4957746.720446168
67016814.10212528,178711504.2723341,33508407.05106264
48341977.77090108,128911940.72240286,24170988.88545054
52747706.858425245,140660551.6224673,26373853.429212622
24426985.508737966,65138628.02330125,12213492.754368983
4762281.841877075,12699418.245005533,2381140.9209385375
1472834.0530345552,3927557.4747588136,736417.0265172776
-9261947.014736423,-24698525.372630466,-4630973.507368212
37186912.95036364,99165101.20096971,18593456.47518182
26170446.934344735,69787858.49158597,13085223.467172367
36356511.05435661,96950696.14495097,18178255.527178306
-34470839.10610336,-91922237.61627562,-17235419.55305168
23561123.24165379,62829661.97774343,11780561.620826894
53087860.80772141,141567628.82059044,26543930.403860707
15246981.734003726,40658617.957343265,7623490.867001863
846187.7747148155,2256500.7325728415,423093.8873574078
-4161998.6895001293,-11098663.172000345,-2080999.3447500647
-25297779.401342962,-67460745.0702479,-12648889.700671481
44424481.53129229,118465284.0834461,22212240.765646145
11430842.191448595,30482245.84386292,5715421.095724298
-3874835.7576336614,-10332895.353689764,-1937417.8788168307
19163214.850143068,51101906.26704818,9581607.425071534
19551624.69789729,52137665.861059435,9775812.348948644
44094852.00713598,117586272.01902927,22047426.00356799
-15355613.80328917,-40948303.47543778,-7677806.901644585
44627663.20846501,119007101.88924001,22313831.604232505
18190393.369218286,48507715.65124876,9095196.684609143
22544084.031072043,60117557.416192114,11272042.015536021
63915241.22314323,170440643.26171526,31957620.611571614
9807677.563464142,26153806.835904382,4903838.781732071
57313290.53022085,152835441.41392228,28656645.265110426
72156386.40292686,192417030.40780497,36078193.20146343
4130324.3590609967,11014198.290829325,2065162.1795304983
52481275.445693,139950067.85518134,26240637.7228465
30014277.53812176,80038073.43499136,15007138.76906088
-4920749.573249795,-13121998.86199945,-2460374.7866248973
740614.2373121066,1974971.299498951,370307.1186560533
838783.4243739095,2236755.7983304253,419391.71218695474
68868322.18467154,183648859.1591241,34434161.09233577
-5579851.235048607,-14879603.29346295,-2789925.6175243035
39476543.752634525,105270783.34035873,19738271.876317263
21222405.300795045,56593080.80212012,10611202.650397522
54496423.48977838,145323795.97274235,27248211.74488919
5293586.548926082,14116230.79713622,2646793.274463041
46202642.4180688,123207046.44818346,23101321.2090344
29242751.355278566,77980670.28074285,14621375.677639283
42809823.67460869,114159529.79895651,21404911.837304346
-5728203.594467702,-15275209.585247207,-2864101.797233851
-1374905.2579266785,-3666414.0211378094,-687452.6289633393
10043200.40399323,26781867.743981946,5021600.201996615
-7657640.108099553,-20420373.62159881,-3828820.0540497764
28507050.79682984,76018802.12487957,14253525.39841492
-24552254.075162448,-65472677.53376653,-12276127.037581224
50549173.981998466,134797797.28532922,25274586.990999233
30606153.27298129,81616408.72795011,15303076.636490645
69741447.73677088,185977193.96472234,34870723.86838544
70364018.68692948,187637383.16514528,35182009.34346474
64142643.83609772,171047050.22959393,32071321.91804886
18983513.249728415,50622701.999275774,9491756.624864208
29187193.556010388,77832516.14936103,14593596.778005194
66169451.18348082,176451869.8226155,33084725.59174041
41134960.483883105,109693227.95702161,20567480.241941553
93735191.96202241,249960511.89872643,46867595.981011204
27206591.868739475,72550911.64997193,13603295.934369737
-11315189.195628567,-30173837.85500951,-5657594.597814283
64768625.05594611,172716333.48252296,32384312.527973056
58035625.660621315,154761668.4283235,29017812.830310658
44089129.241355985,117571011.31028262,22044564.620677993
76079737.21231776,202879299.23284736,38039868.60615888
49038432.67075869,130769153.78868982,24519216.335379343
55691792.03024173,148511445.41397795,27845896.015120864
-9612781.599025851,-25634084.264068935,-4806390.799512926
49164173.565710425,131104462.84189448,24582086.782855213
-4639950.278542667,-12373200.742780443,-2319975.1392713333
23716486.569278695,63243964.18474318,11858243.284639347
917343.8837627529,2446250.356700674,458671.94188137644
57496028.13914434,153322741.70438492,28748014.06957217
11892052.059824554,31712138.82619881,5946026.029912277
55998609.17176395,149329624.4580372,27999304.585881975
32755783.61521581,87348756.30724216,16377891.807607904
36323538.63098718,96862769.68263249,18161769.31549359
19512025.52377558,52032068.06340155,9756012.76188779
-8258720.368283031,-22023254.315421414,-4129360.1841415153
39926142.74433058,106469713.98488154,19963071.37216529
40468611.79178261,107916298.11142029,20234305.895891305
60346001.68861503,160922671.16964006,30173000.844307516
44131021.35187209,117682723.60499224,22065510.675936043
52704965.5839471,140546574.8905256,26352482.79197355
55068943.26430754,146850515.37148678,27534471.63215377
77111841.12743966,205631576.33983907,38555920.56371983
50363481.65435489,134302617.7449464,25181740.827177446
51578367.283888355,137542312.7570356,25789183.641944177
37772236.614350356,100725964.30493428,18886118.307175178
-19487738.033014033,-51967301.42137076,-9743869.016507016
-9349476.746538414,-24931937.990769103,-4674738.373269207
44426565.20199839,118470840.53866237,22213282.600999195
66172749.174232565,176460664.46462017,33086374.587116282
10481905.28759876,27951747.433596697,5240952.64379938
35431012.89867759,94482701.06314023,17715506.449338794
26187403.330874223,69833075.54899792,13093701.665437112
4067255.998747274,10846015.996659398,2033627.999373637
51868846.50214515,138316924.0057204,25934423.251072574
31529555.689729195,84078815.17261119,15764777.844864598
33371237.25012471,88989966.00033256,16685618.625062356
50114694.417774186,133639185.1140645,25057347.208887093
21544407.547433086,57451753.45982157,10772203.773716543
34311224.95937454,91496599.89166543,17155612.47968727
78192235.29735908,208512627.4596242,39096117.64867954
49568185.37378406,132181827.66342415,24784092.68689203
26667324.58646014,71112865.5638937,13333662.29323007
15128896.526077691,40343724.06954051,7564448.263038846
29477821.839895785,78607524.90638876,14738910.919947892
5028312.4667542325,13408833.244677953,2514156.2333771163
-12585799.017641647,-33562130.71371106,-6292899.508820823
71686651.81898983,191164404.85063952,35843325.909494914
28006175.45610833,74683134.54962222,14003087.728054166
25987083.087297056,69298888.23279214,12993541.543648528
34519459.8367992,92051892.89813119,17259729.9183996
68623311.13740088,182995496.36640233,34311655.56870044
-13199737.780550973,-35199300.74813593,-6599868.890275487
8391610.031254614,22377626.7500123,4195805.015627307
44967128.00908858,119912341.35756956,22483564.00454429
16518735.638599684,44049961.70293249,8259367.819299842
47045006.04552595,125453349.45473588,23522503.022762977
23499009.60341408,62664025.609104216,11749504.80170704
48497187.745985426,129325833.98929447,24248593.872992713
58040208.67890211,154773889.81040564,29020104.339451056
27910880.622701384,74429014.99387036,13955440.311350692
55488507.579031795,147969353.5440848,27744253.789515898
13339414.888026815,35571773.034738176,6669707.444013407
57676838.48068619,153804902.61516318,28838419.240343094
72799449.79296371,194131866.11456993,36399724.89648186
52049082.29064507,138797552.77505353,26024541.145322535
52753128.006357476,140675008.01695326,26376564.003178738
27057897.197521146,72154392.52672306,13528948.598760573
17329026.85443563,46210738.27849501,8664513.427217815
14471058.56337817,38589489.50234179,7235529.281689085
47146489.8436338,125723972.9163568,23573244.9218169
33152344.89681855,88406253.05818279,16576172.448409274
23770754.907274865,63388679.75273297,11885377.453637432
4542516.676298945,12113377.803463854,2271258.3381494726
45373529.17326493,120996077.79537314,22686764.586632464
62602326.88608477,166939538.36289272,31301163.443042386
81176258.70325921,216470023.2086912,40588129.35162961
3253853.905312379,8676943.747499676,1626926.9526561894
11683441.060664011,31155842.828437362,5841720.530332006
-1237813.5840514516,-3300836.2241372047,-618906.7920257258
22841493.138366666,60910648.36897777,11420746.569183333
94797620.21191108,252793653.89842954,47398810.10595554
25408354.525534503,67755612.068092,12704177.262767252
16822618.734849114,44860316.626264304,8411309.367424557
47047469.07971072,125459917.54589525,23523734.53985536
52059895.64685403,138826388.39161074,26029947.823427014
72275611.837456,192734964.89988267,36137805.918728
-1033064.4336208783,-2754838.4896556754,-516532.21681043913
-52756905.07814166,-140685080.20837775,-26378452.53907083
16907097.166140396,45085592.44304106,8453548.583070198
80113627.33371222,213636339.5565659,40056813.66685611
94680655.56766215,252481748.1804324,47340327.783831075
-8578354.36196309,-22875611.63190157,-4289177.180981545
4734240.561546842,12624641.497458244,2367120.280773421
-25754794.66457646,-68679452.43887056,-12877397.33228823
31392567.51974407,83713513.38598418,15696283.759872034
15320158.985421915,40853757.294458434,7660079.492710957
47694418.050480604,127185114.8012816,23847209.025240302
53632661.37459348,143020430.33224928,26816330.68729674
11365697.439604899,30308526.505613066,5682848.719802449
48932707.19666081,130487219.19109549,24466353.598330405
1140767.1696845575,3042045.7858254868,570383.5848422787
21648086.987993114,57728231.96798164,10824043.493996557
18834280.94578253,50224749.18875341,9417140.472891266
14350066.204000983,38266843.21066929,7175033.102000492
74119226.33272555,197651270.22060147,37059613.16636278
-31607350.245974243,-84286267.32259798,-15803675.122987121
76478355.46730992,203942281.2461598,38239177.73365496
-12951196.37769998,-34536523.673866615,-6475598.18884999
14817823.66543846,39514196.441169225,7408911.83271923
15890821.574456057,42375524.19854949,7945410.787228028
80344627.42547058,214252339.8012549,40172313.71273529
23765440.203836784,63374507.21023142,11882720.101918392
1387751.0379662241,3700669.434576598,693875.5189831121
47137439.09531148,125699837.58749728,23568719.54765574
51987721.330983356,138633923.54928893,25993860.665491678
30070409.22420789,80187757.93122104,15035204.612103945
1858218.5096700774,4955249.359120206,929109.2548350387
39147362.401397474,104392966.4037266,19573681.200698737
50338812.809584044,134236834.15889078,25169406.404792022
27617684.706348773,73647159.21693006,13808842.353174387
28671957.720799174,76458553.92213114,14335978.860399587
12786290.983451802,34096775.95587147,6393145.491725901
-5807907.319898312,-15487752.853062164,-2903953.659949156
78073718.96952364,208196583.9187297,39036859.48476182
47645033.76729075,127053423.37944199,23822516.883645374
-24195846.08243884,-64522256.21983691,-12097923.04121942
89327336.43104331,238206230.48278216,44663668.215521656
31168846.169049032,83116923.11746408,15584423.084524516
2092334.883538803,5579559.689436808,1046167.4417694015
-751747.711640785,-2004660.5643754266,-375873.8558203925
28782038.838222954,76752103.56859455,14391019.419111477
9681601.775915222,25817604.735773925,4840800.887957611
45379676.19286117,121012469.84762979,22689838.096430585
20301805.77629329,54138148.7367821,10150902.888146644
27247042.846518792,72658780.92405011,13623521.423259396
81712836.80636232,217900898.1502995,40856418.40318116
15024609.730837665,40065625.94890044,7512304.865418833
30732446.42783786,81953190.4742343,15366223.21391893
37695433.941863485,100521157.17830263,18847716.970931742
25362098.74001688,67632263.30671169,12681049.37000844
-9180689.713479014,-24481839.235944036,-4590344.856739507
28213431.573959388,75235817.53055836,14106715.786979694
66592953.29309187,177581208.78157833,33296476.646545935
40773381.53469278,108729017.42584741,20386690.76734639
62416385.611325555,166443694.9635348,31208192.805662777
3551789.463536326,9471438.569430202,1775894.731768163
20866510.63163988,55644028.35103968,10433255.31581994
21138833.4746793,56370222.599144794,10569416.73733965
22334257.802733783,59558020.80729009,11167128.901366891
73250642.51041625,195335046.69444332,36625321.25520813
39419068.771227434,105117516.72327316,19709534.385613717
-14825624.041139655,-39534997.443039075,-7412812.020569827
29518675.416144606,78716467.7763856,14759337.708072303
-463113.96479097736,-1234970.5727759397,-231556.98239548868
25499463.17294647,67998568.4611906,12749731.586473236
41484047.99062458,110624127.97499888,20742023.99531229
25285117.268039774,67426979.3814394,12642558.634019887
-14902114.020958288,-39738970.722555436,-7451057.010479144
-217637.3438426499,-580366.2502470664,-108818.67192132495
43211837.82814292,115231567.54171444,21605918.91407146
-18622660.05115815,-49660426.8030884,-9311330.025579074
32848560.924321465,87596162.46485724,16424280.462160733
12358756.202290498,32956683.206107996,6179378.101145249
13122449.390036996,34993198.37343199,6561224.695018498
47183324.51892216,125822198.71712574,23591662.25946108
32616381.618699107,86977017.64986429,16308190.809349554
73285705.82812993,195428548.87501314,36642852.914064966
60206454.43183339,160550545.1515557,30103227.215916693
17239543.652723208,45972116.407261886,8619771.826361604
21901811.455454674,58404830.54787913,10950905.727727337
11524406.864541568,30731751.638777517,5762203.432270784
28602127.310161773,76272339.49376473,14301063.655080887
22314283.688354068,59504756.50227751,11157141.844177034
2078449.5545103254,5542532.1453608675,1039224.7772551627
31580945.307225607,84215854.15260161,15790472.653612804
33266515.671141263,88710708.4563767,16633257.835570632
45641442.66037473,121710513.76099928,22820721.330187365
49453137.6473777,131875033.72634053,24726568.82368885
87286317.07744713,232763512.20652568,43643158.538723566
-23109083.42599877,-61624222.46933005,-11554541.712999385
46096777.77170163,122924740.72453767,23048388.885850813
44639311.354012765,119038163.6107007,22319655.677006382
34191423.05488283,91177128.14635421,17095711.527441416
17712630.806203403,47233682.149875745,8856315.403101701
19853263.935343567,52942037.16091618,9926631.967671784
-14554164.410706064,-38811105.09521617,-7277082.205353032
27674411.68772973,73798431.16727929,13837205.843864866
47460032.76724097,126560087.37930927,23730016.383620486
36522117.96257488,97392314.56686634,18261058.98128744
44470468.76046854,118587916.69458278,22235234.38023427
44669783.853584975,119119423.60955994,22334891.926792488
19362088.89511578,51632237.05364208,9681044.44755789
7455190.2152035665,19880507.240542844,3727595.1076017832
34670709.4164454,92455225.11052106,17335354.7082227
-40371319.45218482,-107656851.87249285,-20185659.72609241
-20436262.683615018,-54496700.48964005,-10218131.341807509
24338378.082124174,64902341.552331135,12169189.041062087
-18276600.004028995,-48737600.01074398,-9138300.002014497
-13872204.191214537,-36992544.509905435,-6936102.095607269
26586234.89074104,70896626.37530944,13293117.44537052
46102081.30538233,122938883.48101956,23051040.652691167
28156391.52016455,75083710.72043881,14078195.760082275
47300448.70612764,126134529.88300703,23650224.35306382
2237555.042752376,5966813.44733967,1118777.521376188
48903676.36462629,130409803.63900343,24451838.182313144
75165681.84181829,200441818.24484876,37582840.920909144
50542718.84317476,134780583.58179936,25271359.42158738
28246506.427342314,75324017.1395795,14123253.213671157
17880823.844710182,47682196.919227146,8940411.922355091
33370816.270855464,88988843.3889479,16685408.135427732
12728632.05454601,33943018.812122695,6364316.027273005
-2865568.748906176,-7641516.663749803,-1432784.374453088
61579504.51523477,164212012.04062605,30789752.257617384
19268674.947818067,51383133.19418151,9634337.473909033
17467079.690539576,46578879.1747722,8733539.845269788
6987818.496023905,18634182.656063747,3493909.2480119527
22450867.238541875,59868979.30277833,11225433.619270938
11443174.726613153,30515132.604301743,5721587.363306576
39028749.506313525,104076665.35016939,19514374.753156763
30221210.295371145,80589894.12098972,15110605.147685573
61472042.46449459,163925446.57198557,30736021.232247297
15069876.078767247,40186336.21004599,7534938.039383624
91792368.8373335,244779650.23288935,45896184.41866675
61995126.782410644,165320338.08642837,30997563.391205322
42831841.32708394,114218243.5388905,21415920.66354197
-9321466.290947191,-24857243.442525845,-4660733.145473596
-12622168.660040056,-33659116.42677348,-6311084.330020028
66638247.5752061,177701993.53388295,33319123.78760305
58375268.59104892,155667382.9094638,29187634.29552446
33925881.40174869,90469017.07132983,16962940.700874344
60109825.32303937,160292867.528105,30054912.661519684
-8751954.794813255,-23338546.11950201,-4375977.397406627
36393610.55909308,97049628.15758155,18196805.27954654
33974744.78082227,90599319.41552605,16987372.390411135
51718193.09236726,137915181.57964605,25859096.54618363
-4714852.540708806,-12572940.108556818,-2357426.270354403
25521870.5987084,68058321.59655572,12760935.2993542
36984948.164672665,98626528.43912712,18492474.082336333
-3187369.1984253023,-8499651.195800805,-1593684.5992126511
67419104.83688253,179784279.5650201,33709552.418441266
58502239.92284464,156005973.1275857,29251119.96142232
7172004.244043585,19125344.650782894,3586002.1220217925
2959091.2697093077,7890910.052558153,1479545.6348546539
42050476.781591214,112134604.75090991,21025238.390795607
45059325.260493465,120158200.69464925,22529662.630246732
69146149.21617605,184389731.2431361,34573074.608088024
-156795.2940484063,-418120.7841290835,-78397.64702420315
57215407.79777951,152574420.79407868,28607703.898889754
21450486.923137743,57201298.46170065,10725243.461568872
28285505.751135845,75428015.33636226,14142752.875567922
37358375.32610492,99622334.20294645,18679187.66305246
-5841549.329576373,-15577464.878870329,-2920774.6647881866
76534590.95475788,204092242.54602104,38267295.47737894
88927189.22524522,237139171.26732057,44463594.61262261
-5013793.060872161,-13370114.82899243,-2506896.5304360804
85561088.88091673,228162903.68244463,42780544.440458365
5877533.532629392,15673422.75367838,2938766.766314696
29395570.761694234,78388188.69785129,14697785.380847117
-7816765.219235497,-20844707.251294658,-3908382.6096177483
8819283.220735818,23518088.58862885,4409641.610367909
-13016861.427859541,-34711630.47429211,-6508430.7139297705
18822850.62063651,50194268.32169737,9411425.310318256
-20528186.72930725,-54741831.27815267,-10264093.364653625
43706159.9902295,116549759.97394535,21853079.99511475
38934923.281119324,103826462.08298486,19467461.640559662
31244294.66123211,83318119.09661897,15622147.330616055
50985276.346528694,135960736.9240765,25492638.173264347
37042407.87695668,98779754.33855115,18521203.93847834
33115749.62082648,88308665.65553728,16557874.81041324
56161274.27581308,149763398.06883487,28080637.13790654
12486241.795053793,33296644.786810115,6243120.897526897
24009870.37767253,64026321.00712675,12004935.188836265
-31606120.1808116,-84282987.14883094,-15803060.0904058
72900448.76041903,194401196.69445074,36450224.38020951
80484978.1952275,214626608.5206067,40242489.09761375
17174881.450351667,45799683.86760445,8587440.725175833
71769197.75033699,191384527.33423197,35884598.875168495
52372537.67683986,139660100.47157297,26186268.83841993
12821241.603585856,34189977.609562285,6410620.801792928
34636750.67753183,92364668.47341822,17318375.338765915
24258252.724379953,64688673.931679875,12129126.362189976
29944353.6931563,79851609.84841679,14972176.84657815
-4634956.747947067,-12359884.661192177,-2317478.3739735335
52146568.55779407,139057516.15411752,26073284.278897036
41552224.70413102,110805932.54434939,20776112.35206551
24093062.65066948,64248167.068451956,12046531.32533474
26051424.06868401,69470464.18315737,13025712.034342006
1937938.9741294202,5167837.264345121,968969.4870647101
36963930.57591948,98570481.53578527,18481965.28795974
86463116.60830961,230568310.95549232,43231558.304154806
44852917.790635966,119607780.77502924,22426458.895317983
38888622.1520262,103702992.4054032,19444311.0760131
25452685.80034357,67873828.80091618,12726342.900171785
15333027.925493376,40888074.46798234,7666513.962746688
19324712.22948163,51532565.945284344,9662356.114740815
6013700.440438653,16036534.507836409,3006850.2202193267
-25794562.874121863,-68785500.9976583,-12897281.437060932
10360491.65389582,27627977.74372219,5180245.82694791
64340513.106245875,171574701.61665568,32170256.553122938
5693386.371803094,15182363.658141585,2846693.185901547
40995010.54694741,109320028.1251931,20497505.273473706
37235529.64199241,99294745.71197976,18617764.820996206
58036991.60278028,154765310.9407474,29018495.80139014
14596932.375550915,38925153.001469105,7298466.187775457
7019271.005570738,18718056.0148553,3509635.502785369
38146086.4495407,101722897.19877519,19073043.22477035
14514342.932861684,38704914.48763116,7257171.466430842
28642819.046856638,76380850.7916177,14321409.523428319
-12962285.599378848,-34566094.931676924,-6481142.799689424
-26613575.09275905,-70969533.5806908,-13306787.546379525
22803376.05422096,60809002.811255895,11401688.02711048
26811944.38533708,71498518.36089888,13405972.19266854
20402693.177209955,54407181.80589321,10201346.588604977
10823535.624018116,28862761.66404831,5411767.812009058
14296440.972712327,38123842.59389954,7148220.486356163
42569938.50717623,113519836.0191366,21284969.253588114
-4504355.4005015455,-12011614.401337456,-2252177.7002507728
18786108.302998457,50096288.80799588,9393054.151499229
21889947.166720103,58373192.44458694,10944973.583360052
367648.35587964894,980395.6156790638,183824.17793982447
35263325.989411965,94035535.97176524,17631662.994705983
46841272.46836735,124910059.91564627,23420636.234183677
28087111.631185733,74898964.34982862,14043555.815592866
-17492699.946106583,-46647199.856284216,-8746349.973053291
8710782.559945468,23228753.493187916,4355391.279972734
-7228671.964025654,-19276458.57073508,-3614335.982012827
836118.411537011,2229649.0974320294,418059.2057685055
94266205.02195904,251376546.7252241,47133102.51097952
28377712.752693456,75673900.67384921,14188856.376346728
-14153184.735840356,-37741825.96224095,-7076592.367920178
21455723.9989347,57215263.997159205,10727861.99946735
-17215381.14649099,-45907683.057309315,-8607690.573245496
26622345.39020719,70992921.0405525,13311172.695103595
-4054010.4384374153,-10810694.502499774,-2027005.2192187076
53077731.573744,141540617.529984,26538865.786872
45392925.5221483,121047801.39239548,22696462.76107415
-3054213.333707098,-8144568.889885595,-1527106.666853549
30657838.82584825,81754236.86892867,15328919.412924126
17175809.02453352,45802157.39875606,8587904.51226676
30615005.620588873,81640014.988237,15307502.810294436
40989318.45229495,109304849.20611987,20494659.226147477
-1597164.2339247055,-4259104.623799215,-798582.1169623528
8367216.1133184815,22312576.30218262,4183608.0566592407
-5982840.473919078,-15954241.263784207,-2991420.236959539
9334280.825608233,24891415.534955285,4667140.4128041165
19457149.855111506,51885732.94696401,9728574.927555753
42213027.135051385,112568072.36013702,21106513.567525692
60005856.80879276,160015618.1567807,30002928.40439638
-26197329.766521998,-69859546.04405867,-13098664.883260999
-4583312.918764756,-12222167.783372683,-2291656.459382378
42438858.199533544,113170288.53208946,21219429.099766772
-14928002.930747524,-39808007.81532673,-7464001.465373762
2472186.4970748075,6592497.32553282,1236093.2485374038
39860507.339664094,106294686.23910426,19930253.669832047
14353871.968695603,38276991.91652161,7176935.984347802
41673135.29711654,111128360.79231076,20836567.64855827
40628870.81844923,108343655.5158646,20314435.409224615
33086783.317727875,88231422.18060766,16543391.658863937
-28265972.20722501,-75375925.88593335,-14132986.103612505
2804390.9910001107,7478375.976000295,1402195.4955000554
-23269782.18536046,-62052752.49429456,-11634891.09268023
51535522.27426948,137428059.39805195,25767761.13713474
64705217.20576724,172547245.88204598,32352608.60288362
48716654.38635859,129911078.3636229,24358327.193179294
-19885990.700499196,-53029308.53466452,-9942995.350249598
19222373.922485128,51259663.79329368,9611186.961242564
34659513.97459897,92425370.59893058,17329756.987299483
14048959.296106668,37463891.45628445,7024479.648053334
-151457.31621850483,-403886.17658267956,-75728.65810925241
80895227.82754502,215720607.54012004,40447613.91377251
-23265418.416915122,-62041115.77844033,-11632709.208457561
4883809.699394473,13023492.531718595,2441904.8496972364
48736953.953699164,129965210.54319777,24368476.976849582
29207074.577798523,77885532.20746273,14603537.288899262
7651402.099524873,20403738.93206633,3825701.0497624367
49857662.95923686,132953767.8912983,24928831.47961843
80865334.4561608,215640891.88309547,40432667.2280804
5159409.16117246,13758424.429793226,2579704.58058623
61892887.20540912,165047699.2144243,30946443.60270456
14219004.295157839,37917344.78708757,7109502.147578919
37563413.32644675,100169102.203858,18781706.663223375
39927175.74453094,106472468.6520825,19963587.87226547
24328801.663242437,64876804.435313165,12164400.831621218
2561653.4396219444,6831075.838991852,1280826.7198109722
40551819.35793778,108138184.95450076,20275909.67896889
27609922.87944454,73626461.0118521,13804961.43972227
37465249.48143622,99907331.9504966,18732624.74071811
33789043.50203513,90104116.00542702,16894521.751017567
52340415.592229895,139574441.57927972,26170207.796114948
29326343.82031137,78203583.52083032,14663171.910155686
21689366.225952227,57838309.9358726,10844683.112976113
-10052903.780081429,-26807743.413550477,-5026451.890040714
39461048.04463079,105229461.45234877,19730524.022315394
-7275329.557445215,-19400878.819853906,-3637664.7787226075
-2110892.291182875,-5629046.109821001,-1055446.1455914376
13284854.492600108,35426278.646933615,6642427.246300054
46496034.31827344,123989424.84872916,23248017.15913672
86881747.71211787,231684660.56564766,43440873.85605893
26782842.22235788,71420912.59295434,13391421.11117894
24297371.84007978,64792991.573546074,12148685.92003989
37617071.16263247,100312189.76701993,18808535.581316236
19730802.236595582,52615472.63092156,9865401.118297791
26163998.507400032,69770662.68640009,13081999.253700016
28869793.41729813,76986115.77946168,14434896.708649065
65169263.54919765,173784702.7978604,32584631.774598826
-10931084.01013918,-29149557.360371146,-5465542.00506959
25963810.067463834,69236826.84657022,12981905.033731917
17984100.490860686,47957601.30896183,8992050.245430343
65140639.10097642,173708370.9359371,32570319.55048821
72679178.12924902,193811141.6779974,36339589.06462451
65058417.4375566,173489113.1668176,32529208.7187783
34464046.09808966,91904122.92823909,17232023.04904483
-8023606.417751541,-21396283.780670777,-4011803.2088757707
33117643.386981755,88313715.69861801,16558821.693490878
80548131.45547366,214795017.21459645,40274065.72773683
69154100.9474149,184410935.85977307,34577050.47370745
74905591.2742958,199748243.39812213,37452795.6371479
19317638.269823547,51513702.0528628,9658819.134911774
27186514.670025192,72497372.45340051,13593257.335012596
72891006.78767657,194376018.10047084,36445503.39383829
30548457.454032123,81462553.21075234,15274228.727016062
37504254.99717053,100011346.65912141,18752127.498585265
38197521.9755404,101860058.60144107,19098760.9877702
28821511.20646224,76857363.21723264,14410755.60323112
27202794.23611312,72540784.62963499,13601397.11805656
-14480560.221171098,-38614827.25645626,-7240280.110585549
61122313.112058744,162992834.96548998,30561156.556029372
75491706.02801295,201311216.07470116,37745853.01400647
63099183.46715442,168264489.24574512,31549591.73357721
11208757.746687647,29890020.657833725,5604378.8733438235
-9027459.446184225,-24073225.1898246,-4513729.723092113
53016069.86018746,141376186.29383323,26508034.93009373
43879220.84638911,117011255.59037095,21939610.423194554
62396913.77046215,166391770.05456573,31198456.885231074
70054879.23527835,186813011.2940756,35027439.61763918
10373135.42628799,27661694.470101304,5186567.713143995
41393580.38162625,110382881.01767,20696790.190813124
38945862.11011476,103855632.29363936,19472931.05505738
1688162.8648990635,4501767.639730836,844081.4324495317
77262486.29546668,206033296.78791115,38631243.14773334
44289742.9509737,118105981.20259652,22144871.47548685
-10082605.639316782,-26886948.371511422,-5041302.819658391
14731775.273703847,39284734.06321026,7365887.636851924
62514419.74488089,166705119.31968236,31257209.872440446
21444390.646847114,57185041.72492564,10722195.323423557
69053418.79471152,184142450.1192307,34526709.39735576
46609727.69121217,124292607.17656578,23304863.845606085
37801001.092726,100802669.58060266,18900500.546363
15867707.835427403,42313887.56113974,7933853.917713702
71442440.78287023,190513175.42098728,35721220.39143512
14753589.641976917,39342905.71193845,7376794.820988459
65863486.30108405,175635963.46955746,32931743.150542025
20291806.70722511,54111484.552600294,10145903.353612555
3391905.1217010305,9045080.324536081,1695952.5608505153
32141537.48315832,85710766.62175553,16070768.74157916
41796139.14617563,111456371.05646835,20898069.573087815
-21323127.46958006,-56861673.25221349,-10661563.73479003
14834615.156766422,39558973.75137713,7417307.578383211
48148834.76058902,128396892.69490404,24074417.38029451
-23471.21058583895,-62589.89489557054,-11735.605292919476
47506722.98845701,126684594.63588534,23753361.494228505
45442269.18931719,121179384.50484584,22721134.594658595
-5603744.369792382,-14943318.319446353,-2801872.184896191
6964631.068313552,18572349.515502807,3482315.534156776
76365435.06282079,203641160.1675221,38182717.531410396
11178312.72562421,29808833.93499789,5589156.362812105
-6151031.728432593,-16402751.275820248,-3075515.8642162965
59444488.64707252,158518636.39219338,29722244.32353626
67554994.41175261,180146651.76467362,33777497.205876306
37449477.060665324,99865272.1617742,18724738.530332662
31096227.09123701,82923272.24329868,15548113.545618504
55843133.52908038,148915022.74421436,27921566.76454019
61982354.608500056,165286278.95600015,30991177.304250028
46760468.07087872,124694581.52234325,23380234.03543936
75853493.33224368,202275982.21931648,37926746.66612184
39105320.18060214,104280853.81493904,19552660.09030107
38190687.870662555,101841834.32176681,19095343.935331278
24671507.341769814,65790686.24471951,12335753.670884907
45200434.27102795,120534491.38940789,22600217.135513976
34222233.86878982,91259290.31677286,17111116.93439491
39974816.62121702,106599510.98991205,19987408.31060851
12044902.551874032,32119740.138330754,6022451.275937016
33444699.531932678,89185865.41848715,16722349.765966339
24153719.38404374,64409918.35744997,12076859.69202187
-7999642.741762642,-21332380.64470038,-3999821.370881321
51985448.85005407,138627863.60014418,25992724.425027035
18882630.72020926,50353681.92055803,9441315.36010463
55897277.77075361,149059407.3886763,27948638.885376804
18653350.705480237,49742268.5479473,9326675.352740118
9899898.49951762,26399729.332046986,4949949.24975881
45259911.04034563,120693096.10758837,22629955.520172816
-26216168.890165243,-69909783.70710732,-13108084.445082622
15634294.161140962,41691451.0963759,7817147.080570481
56798661.369847864,151463096.98626098,28399330.684923932
16548223.16881371,44128595.116836555,8274111.584406855
44113581.51377133,117636217.3700569,22056790.756885666
56129519.54743345,149678718.79315585,28064759.773716725
33492206.633305393,89312551.02214772,16746103.316652697
-9181196.56213903,-24483190.83237075,-4590598.281069515
50759076.09892705,135357536.26380548,25379538.049463525
58240626.66760949,155308337.78029197,29120313.333804745
-6037162.757602714,-16099100.686940571,-3018581.378801357
64784913.092245996,172759768.24598932,32392456.546122998
17388453.033331994,46369208.088885315,8694226.516665997
55048099.99231505,146794933.31284013,27524049.996157523
12235790.71733041,32628775.246214427,6117895.358665205
20347595.5650156,54260254.8400416,10173797.7825078
-13594582.009993874,-36252218.693316996,-6797291.004996937
58399897.14498556,155733059.0532948,29199948.57249278
23176640.158001434,61804373.75467049,11588320.079000717
-9245585.589971945,-24654894.90659185,-4622792.794985972
-39256670.88018589,-104684455.6804957,-19628335.440092944
64878375.25216447,173009000.6724386,32439187.626082234
-4214837.133344807,-11239565.688919485,-2107418.5666724034
50709441.43267043,135225177.15378782,25354720.716335215
35106595.9483332,93617589.19555518,17553297.9741666
27577172.697649047,73539127.19373079,13788586.348824523
27216836.464603506,72578230.57227601,13608418.232301753
4344643.879547552,11585717.012126805,2172321.939773776
80198346.4717002,213862257.25786722,40099173.2358501
54265811.607002854,144708830.95200762,27132905.803501427
-9959442.663289158,-26558513.768771086,-4979721.331644579
42668904.707771465,113783745.88739057,21334452.353885733
42195803.359284826,112522142.29142621,21097901.679642413
62282830.74188155,166087548.64501747,31141415.370940775
24883950.892592628,66357202.380247004,12441975.446296314
32112357.192873046,85632952.51432812,16056178.596436523
46836839.509374544,124898238.69166546,23418419.754687272
17605028.13467463,46946741.692465685,8802514.067337316
38754771.83204825,103346058.21879534,19377385.916024126
2648683.42738062,7063155.80634832,1324341.71369031
32811136.561874986,87496364.16499996,16405568.280937493
-2094745.1951323804,-5585987.187019681,-1047372.5975661902
97564542.42496619,260172113.13324314,48782271.21248309
41744439.36644069,111318504.97717518,20872219.683220346
23379776.40822448,62346070.421931945,11689888.20411224
31920805.640292987,85122148.37411463,15960402.820146494
68466173.00027263,182576461.33406037,34233086.500136316
40966401.45752586,109243737.22006895,20483200.72876293
68793379.20625448,183449011.2166786,34396689.60312724
19543726.9270606,52116605.13882826,9771863.4635303
20484520.522451393,54625388.059870385,10242260.261225697
-12577226.434927536,-33539270.493140094,-6288613.217463768
11213092.404060017,29901579.744160045,5606546.202030009
91312568.96024573,243500183.8939886,45656284.480122864
54439696.24546145,145172523.32123053,27219848.122730725
7763283.95513631,20702090.547030162,3881641.977568155
16287120.9812178,43432322.6165808,8143560.4906089
64808981.72128704,172823951.25676546,32404490.86064352
-17485355.514296316,-46627614.704790175,-8742677.757148158
15470480.12893147,41254613.677150585,7735240.064465735
-4366040.888540483,-11642775.702774622,-2183020.4442702415
-19930752.988922786,-53148674.63712742,-9965376.494461393
-1553947.145378755,-4143859.054343346,-776973.5726893775
46860026.33313692,124960070.22169846,23430013.16656846
33292715.337048996,88780574.23213066,16646357.668524498
16968420.89003455,45249122.37342547,8484210.445017274
24605841.364440132,65615576.97184035,12302920.682220066
35409174.34353703,94424464.91609874,17704587.171768516
53662388.78977928,143099703.43941143,26831194.39488964
49149699.1815117,131065864.48403119,24574849.59075585
40016176.17155232,106709803.12413953,20008088.08577616
35615410.3592505,94974427.624668,17807705.17962525
59544139.75917076,158784372.69112206,29772069.87958538
21737140.412036214,57965707.76542991,10868570.206018107
82566413.01958482,220177101.38555953,41283206.50979241
14582034.005190803,38885424.01384214,7291017.002595401
30445439.969822597,81187839.91952693,15222719.984911298
37513131.06340007,100035016.16906685,18756565.531700034
34395985.13234938,91722627.01959834,17197992.56617469
52912759.968064666,141100693.24817246,26456379.984032333
1201098.8254282046,3202930.2011418794,600549.4127141023
16014745.151577333,42705987.07087289,8007372.5757886665
69756415.92184256,186017109.12491348,34878207.96092128
-2799916.2239116663,-7466443.263764444,-1399958.1119558332
-2148471.5591156096,-5729257.490974959,-1074235.7795578048
29617694.22094019,78980517.92250718,14808847.110470096
55386196.90203328,147696525.07208875,27693098.45101664
-1852645.5030155112,-4940388.008041363,-926322.7515077556
38374905.1222234,102333080.32592908,19187452.5611117
75555788.40843388,201482102.42249033,37777894.20421694
19251155.231536202,51336413.9507632,9625577.615768101
73921493.91247712,197123983.76660568,36960746.95623856
60924369.54821864,162464985.46191636,30462184.77410932
44974536.704379424,119932097.87834513,22487268.352189712
48716128.57844295,129909676.20918122,24358064.289221477
33231029.50013934,88616078.66703825,16615514.75006967
-17166198.887096148,-45776530.36558973,-8583099.443548074
6750172.871999301,18000460.991998136,3375086.4359996505
22368212.398759644,59648566.39669238,11184106.199379822
-5082486.018180146,-13553296.04848039,-2541243.009090073
32321620.80525842,86190988.81402245,16160810.40262921
21306814.607517373,56818172.286713,10653407.303758686
33919221.08641518,90451256.23044048,16959610.54320759
-4675748.780625713,-12468663.4150019,-2337874.3903128565
52640483.78060388,140374623.41494367,26320241.89030194
25180687.508838374,67148500.023569,12590343.754419187
473513.40823514335,1262702.4219603823,236756.70411757167
2715526.582226366,7241404.2192703085,1357763.291113183
11223095.111107731,29928253.629620615,5611547.555553866
47341280.90028268,126243415.73408715,23670640.45014134
67318751.36845292,179516670.31587446,33659375.68422646
6223823.807874438,16596863.48766517,3111911.903937219
79806759.96144502,212818026.56385338,39903379.98072251
27333227.074531585,72888605.53208423,13666613.537265792
-6519285.643539475,-17384761.716105267,-3259642.8217697376
37161429.349820934,99097144.93285583,18580714.674910467
3707999.8743332676,9887999.664888714,1853999.9371666338
29364206.21530509,78304549.90748024,14682103.107652545
826969.2056253053,2205251.2150008143,413484.60281265265
1588014.8865880864,4234706.364234897,794007.4432940432
20524660.2999519,54732427.4665384,10262330.14997595
-7144174.142491312,-19051131.0466435,-3572087.071245656
31567115.71994778,84178975.2531941,15783557.85997389
86576324.12908037,230870197.67754766,43288162.064540185
38176492.54798174,101803980.12795131,19088246.27399087
32388695.29639403,86369854.12371741,16194347.648197016
22051942.320202142,58805179.52053904,11025971.160101071
36494772.6299984,97319393.67999573,18247386.3149992
29917644.66721834,79780385.77924891,14958822.33360917
27443513.583779916,73182702.89007978,13721756.791889958
21942546.71869407,58513457.91651752,10971273.359347034
39017344.44462397,104046251.85233058,19508672.222311985
44437702.730893224,118500540.61571527,22218851.365446612
-2642977.7003551647,-7047940.534280439,-1321488.8501775824
-16850006.947445918,-44933351.859855786,-8425003.473722959
27687138.605165865,73832369.61377564,13843569.302582933
46268352.14256251,123382272.38016668,23134176.071281254
65138254.74300278,173702012.64800742,32569127.37150139
9930894.183194973,26482384.48851993,4965447.091597486
33461015.814376585,89229375.50500423,16730507.907188293
46681193.6983448,124483183.19558613,23340596.8491724
27824277.243310787,74198072.64882876,13912138.621655393
-2237462.5566886063,-5966566.817836283,-1118731.2783443031
12046954.02699388,32125210.738650344,6023477.01349694
23286928.313860327,62098475.50362754,11643464.156930164
-29289063.525886524,-78104169.40236406,-14644531.762943262
13793052.095766101,36781472.25537627,6896526.0478830505
43564265.58982852,116171374.9062094,21782132.79491426
11808981.811843095,31490618.164914917,5904490.905921548
82238244.1038014,219301984.27680373,41119122.0519007
43185022.108203724,115160058.95520993,21592511.054101862
40675218.05645508,108467248.1505469,20337609.02822754
11544962.608862383,30786566.956966355,5772481.304431192
19932587.46124147,53153566.563310586,9966293.730620734
-30421207.30571079,-81123219.48189543,-15210603.652855394
34144347.90949429,91051594.42531809,17072173.954747144
-2345816.853607588,-6255511.609620235,-1172908.426803794
-1082633.7723385496,-2887023.392902799,-541316.8861692748
23712017.045582805,63232045.45488747,11856008.522791402
-14502767.798746755,-38674047.46332468,-7251383.899373378
24265614.8458761,64708306.2556696,12132807.42293805
73799103.24960117,196797608.66560313,36899551.624800585
-21986731.17857266,-58631283.14286043,-10993365.58928633
9189167.65169365,24504447.071183067,4594583.825846825
9838734.129391309,26236624.34504349,4919367.064695654
29074880.13506994,77533013.69351983,14537440.06753497
64815942.7614385,172842514.03050265,32407971.38071925
-4378884.195544631,-11677024.52145235,-2189442.0977723156
37165022.125438705,99106725.66783655,18582511.062719353
25584618.223362695,68225648.59563386,12792309.111681348
4132295.9280247763,11019455.80806607,2066147.9640123881
85025071.48070532,226733523.9485475,42512535.74035266
81701705.70073882,217871215.20197016,40850852.85036941
-35028691.553397246,-93409844.14239265,-17514345.776698623
21707073.038708318,57885528.103222184,10853536.519354159
23924175.466937575,63797801.24516686,11962087.733468788
-2288966.6041813055,-6103910.944483481,-1144483.3020906528
44525490.19586934,118734640.52231823,22262745.09793467
65006887.41453221,173351699.77208588,32503443.707266103
20797895.76053119,55461055.36141651,10398947.880265595
29083347.694331914,77555593.85155177,14541673.847165957
13282537.20757663,35420099.220204346,6641268.603788315
97401530.36981216,259737414.31949908,48700765.18490608
57172798.25299505,152460795.34132013,28586399.126497526
442401.3125446331,1179736.8334523551,221200.65627231656
77146635.212221,205724360.56592265,38573317.6061105
13312362.610852083,35499633.62893888,6656181.305426042
42747236.68327848,113992631.15540928,21373618.34163924
17405503.3517506,46414675.60466827,8702751.6758753
53845457.76804505,143587887.38145348,26922728.884022526
-15605306.851854872,-41614151.60494632,-7802653.425927436
32255717.868628245,86015247.64967532,16127858.934314122
89945476.40992434,239854603.75979826,44972738.20496217
8564223.101270853,22837928.270055607,4282111.550635426
7104039.3200826,18944104.8535536,3552019.6600413
19669923.97681192,52453130.604831785,9834961.98840596
48974435.03859384,130598493.43625025,24487217.51929692
62169752.909785144,165786007.75942704,31084876.454892572
65284437.93863489,174091834.50302637,32642218.969317444
19015515.122200772,50708040.32586873,9507757.561100386
2469015.0174665083,6584040.046577355,1234507.5087332542
34535434.4152314,92094491.7739504,17267717.2076157
23937682.444349702,63833819.8515992,11968841.222174851
68737705.96703884,183300549.2454369,34368852.98351942
50652158.24352457,135072421.98273218,25326079.121762283
11686599.115950085,31164264.30920023,5843299.557975043
47380479.87597577,126347946.3359354,23690239.937987886
13469428.796066467,35918476.78951058,6734714.398033233
14017460.94350977,37379895.84935939,7008730.471754885
43291096.49863408,115442923.99635755,21645548.24931704
30607943.951469503,81621183.87058535,15303971.975734752
11516412.583355755,30710433.555615347,5758206.291677877
-22742620.90557894,-60646989.08154385,-11371310.45278947
13736915.754813697,36631775.34616986,6868457.877406849
48591359.03583035,129576957.42888093,24295679.517915174
13265409.330962071,35374424.88256553,6632704.665481036
-17637122.539911713,-47032326.7730979,-8818561.269955857
3372621.097167526,8993656.259113403,1686310.548583763
-5000030.978306278,-13333415.942150073,-2500015.489153139
27080403.516835514,72214409.37822804,13540201.758417757
13936823.454339404,37164862.544905074,6968411.727169702
46843150.10154425,124915066.93745133,23421575.050772127
-6041606.957932638,-16110951.887820369,-3020803.478966319
8278513.255318541,22076035.34751611,4139256.6276592705
33797992.11045001,90127978.96120001,16898996.055225004
22198813.783310257,59196836.75549402,11099406.891655128
7037267.625600772,18766047.00160206,3518633.812800386
-23053601.88410255,-61476271.690940134,-11526800.942051275
18112908.7088966,48301089.89039093,9056454.3544483
51496362.50814925,137323633.3550647,25748181.254074626
38685714.708791286,103161905.89011009,19342857.354395643
35665997.597713515,95109326.92723605,17832998.798856758
42405170.02024453,113080453.38731876,21202585.010122266
26147563.0140643,69726834.70417146,13073781.50703215
-33751427.89006574,-90003807.70684196,-16875713.94503287
-4137710.448177907,-11033894.52847442,-2068855.2240889536
-995557.7183959772,-2654820.5823892723,-497778.8591979886
-14145567.017900357,-37721512.04773428,-7072783.5089501785
41619492.477270685,110985313.27272183,20809746.238635343
-30152655.55310613,-80407081.47494969,-15076327.776553065
42944500.39081035,114518667.7088276,21472250.195405174
39016268.50136374,104043382.67030331,19508134.25068187
42779646.62039201,114079057.6543787,21389823.310196005
43912481.69951295,117099951.1987012,21956240.849756476
9453515.399978993,25209374.399943985,4726757.699989497
76614623.08550237,204305661.56133968,38307311.542751186
77096897.99189588,205591727.97838902,38548448.99594794
30523839.20605052,81396904.54946806,15261919.60302526
16396713.650961054,43724569.73589615,8198356.825480527
12146420.992129141,32390455.979011048,6073210.496064571
22899857.28754027,61066286.10010738,11449928.643770134
15862477.466265474,42299939.910041265,7931238.733132737
8967630.170819819,23913680.455519516,4483815.0854099095
36278270.078859314,96742053.54362483,18139135.039429657
39590078.52166214,105573542.72443238,19795039.26083107
29753801.430123094,79343470.48032825,14876900.715061547
60250648.63955147,160668396.37213725,30125324.319775734
21034083.51811664,56090889.38164438,10517041.75905832
48121883.99785024,128325023.9942673,24060941.99892512
29798789.55170545,79463438.80454788,14899394.775852725
-18068554.197707847,-48182811.193887584,-9034277.098853923
21399681.40796222,57065817.08789926,10699840.70398111
25098994.321664214,66930651.524437904,12549497.160832107
47242517.713282816,125980047.23542084,23621258.856641408
10945760.706901172,29188695.218403127,5472880.353450586
44115327.672859915,117640873.7942931,22057663.836429957
45485257.78266228,121294020.75376607,22742628.89133114
66211933.21794527,176565155.24785405,33105966.608972635
46650156.91676832,124400418.44471551,23325078.45838416
31104712.19229091,82945899.17944244,15552356.096145455
34419632.01674596,91785685.37798922,17209816.00837298
21929481.37870928,58478617.009891406,10964740.68935464
61098080.99041131,162928215.97443017,30549040.495205656
54453638.639498666,145209703.03866312,27226819.319749333
-3245041.265764835,-8653443.375372894,-1622520.6328824174
-10154775.585860975,-27079401.562295936,-5077387.792930488
-24962633.559587955,-66567022.82556788,-12481316.779793978
-5618190.088494116,-14981840.235984312,-2809095.044247058
31037811.60024379,82767497.6006501,15518905.800121894
13844411.172486568,36918429.793297514,6922205.586243284
25743395.439034425,68649054.5040918,12871697.719517212
2487586.2056860155,6633563.2151627075,1243793.1028430078
4707587.574444756,12553566.865186017,2353793.787222378
72538503.51085266,193436009.36227375,36269251.75542633
10047214.144339925,26792571.05157313,5023607.072169962
22096055.445945237,58922814.52252063,11048027.722972618
54312782.83551143,144834087.56136382,27156391.417755716
56491222.65952067,150643260.42538846,28245611.329760335
47059276.69766317,125491404.52710178,23529638.348831587
-12339856.500267906,-32906284.000714414,-6169928.250133953
-14590715.236223988,-38908573.96326397,-7295357.618111994
68174467.59479453,181798580.2527854,34087233.79739726
68250155.03038983,182000413.41437286,34125077.515194915
24684836.316371053,65826230.17698947,12342418.158185527
35230559.049353965,93948157.4649439,17615279.524676982
15590323.116146917,41574194.97639178,7795161.558073458
29035890.227855854,77429040.6076156,14517945.113927927
55657668.719654486,148420449.91907865,27828834.359827243
74939511.77096473,199838698.05590594,37469755.88548236
9022627.757440379,24060340.686507676,4511313.878720189
37608366.18244874,100288976.48652996,18804183.09122437
-5262732.733795572,-14033953.956788192,-2631366.366897786
60453996.31878369,161210656.85008985,30226998.159391847
-12268419.540064206,-32715785.44017122,-6134209.770032103
39626178.901594296,105669810.40425146,19813089.450797148
26043479.613130037,69449278.96834676,13021739.806565018
60698504.851722755,161862679.60459402,30349252.425861377
4887868.082593291,13034314.886915443,2443934.0412966455
-2313706.0611029784,-6169882.829607942,-1156853.0305514892
58274133.54892235,155397689.46379292,29137066.774461176
31129495.09309928,83011986.91493142,15564747.54654964
35131213.629706785,93683236.34588476,17565606.814853393
39012785.27202949,104034094.05874531,19506392.636014745
46906657.083839424,125084418.89023846,23453328.541919712
32675972.432931744,87135926.48781799,16337986.216465872
45451060.26136185,121202827.36363162,22725530.130680926
21933637.637846965,58489700.36759191,10966818.818923483
19995407.720614236,53321087.2549713,9997703.860307118
26147541.808172457,69726778.15512656,13073770.904086228
18839141.494989194,50237710.65330451,9419570.747494597
-3823195.5894837826,-10195188.23862342,-1911597.7947418913
-1127192.117184042,-3005845.6458241125,-563596.058592021
-1964490.6984715078,-5238641.862590687,-982245.3492357539
19748991.888239443,52663978.36863852,9874495.944119722
28371234.5564933,75656625.48398213,14185617.27824665
51314778.614724085,136839409.63926423,25657389.307362042
-8838156.1716645,-23568416.457772,-4419078.08583225
51800898.232731454,138135728.6206172,25900449.116365727
38476745.44088661,102604654.50903095,19238372.720443305
70304653.97068554,187479077.25516146,35152326.98534277
64493731.68669814,171983284.4978617,32246865.84334907
101973220.19509996,271928587.1869332,50986610.09754998
26032075.975967433,69418869.26924649,13016037.987983717
76823651.28536573,204863070.09430858,38411825.642682865
83632511.2026264,223020029.87367043,41816255.6013132
22661994.404168677,60431985.07778314,11330997.202084338
39147979.79507684,104394612.78687157,19573989.89753842
66742399.63454136,177979732.358777,33371199.81727068
54445134.40832998,145187025.08887994,27222567.20416499
41444744.81151132,110519319.49736354,20722372.40575566
16095215.008319957,42920573.35551988,8047607.504159979
12430127.629690696,33147007.012508523,6215063.814845348
36024991.28636513,96066643.43030702,18012495.643182565
41975092.065551236,111933578.84146997,20987546.032775618
61951297.10984161,165203458.95957762,30975648.554920804
32574911.27054683,86866430.05479155,16287455.635273416
25031666.3663169,66751110.3101784,12515833.18315845
47830194.97238107,127547186.59301618,23915097.486190535
14005914.809596008,37349106.15892269,7002957.404798004
82779055.22536065,220744147.2676284,41389527.61268032
-9134285.1595542,-24358093.758811202,-4567142.5797771
3044479.7051298018,8118612.547012805,1522239.8525649009
-15156868.511593712,-40418316.030916564,-7578434.255796856
25584282.031840388,68224752.0849077,12792141.015920194
6517436.76065819,17379831.36175517,3258718.380329095
-8234789.7681965325,-21959439.38185742,-4117394.8840982663
33256690.108985607,88684506.95729496,16628345.054492803
31409615.07178096,83758973.52474922,15704807.53589048
-2555999.424480726,-6815998.465281936,-1277999.712240363
55796489.16055939,148790637.76149172,27898244.580279697
20468582.69611366,54582887.18963643,10234291.34805683
17472784.44737506,46594091.85966682,8736392.22368753
24062383.77343254,64166356.72915344,12031191.88671627
34649358.37172642,92398288.99127047,17324679.18586321
53453496.51566988,142542657.3751197,26726748.25783494
22137247.091244537,59032658.90998544,11068623.545622269
22220184.621427756,59253825.65714068,11110092.310713878
14292145.876919802,38112389.00511947,7146072.938459901
24132584.2259447,64353557.935852535,12066292.11297235
89805704.82679646,239481879.5381239,44902852.41339823
39867104.3270066,106312278.20535094,19933552.1635033
-11225466.96172403,-29934578.564597413,-5612733.480862015
-24662566.92202851,-65766845.125409365,-12331283.461014256
6307055.235160588,16818813.960428238,3153527.617580294
26822255.313062344,71526014.16816625,13411127.656531172
37515621.54428732,100041657.45143285,18757810.77214366
61472066.87001671,163925511.6533779,30736033.435008354
63867228.585013874,170312609.560037,31933614.292506937
-15761860.431324888,-42031627.81686637,-7880930.215662444
-12683217.39536345,-33821913.054302536,-6341608.697681725
-10297219.549933013,-27459252.133154698,-5148609.774966506
36113154.43045359,96301745.14787623,18056577.215226796
63789399.49320679,170105065.31521812,31894699.746603396
18362523.41909057,48966729.11757485,9181261.709545285
5055792.165119439,13482112.440318506,2527896.0825597197
7494521.70690825,19985391.218422,3747260.853454125
17739704.381334785,47305878.3502261,8869852.190667393
5984421.221963559,15958456.591902826,2992210.6109817796
19356614.21752701,51617637.91340536,9678307.108763505
31751943.72031719,84671849.92084584,15875971.860158594
37377733.039694965,99673954.7725199,18688866.519847482
91076018.54569604,242869382.78852275,45538009.27284802
-4810395.342107392,-12827720.912286378,-2405197.671053696
55633194.98478654,148355186.62609744,27816597.49239327
-29028329.451113362,-77408878.5363023,-14514164.725556681
20647986.53988657,55061297.43969752,10323993.269943286
44811185.26627751,119496494.04340668,22405592.633138753
62542344.26577346,166779584.70872924,31271172.13288673
-2240190.946061299,-5973842.5228301305,-1120095.4730306496
58776555.23496219,156737480.6265658,29388277.617481094
10764013.21407751,28704035.237540025,5382006.607038755
64893819.099597946,173050184.26559454,32446909.549798973
75120640.08049975,200321706.8813327,37560320.04024988
1403210.9598506412,3741895.892935043,701605.4799253206
40938611.05339867,109169629.4757298,20469305.526699334
7866485.328065676,20977294.208175134,3933242.664032838
-356644.224777812,-951051.2660741655,-178322.112388906
43040902.001558594,114775738.67082292,21520451.000779297
50027349.37964448,133406265.01238528,25013674.68982224
2451306.9820154486,6536818.618707863,1225653.4910077243
32163603.3580805,85769608.95488133,16081801.67904025
24576984.46734324,65538625.24624864,12288492.23367162
46444179.34205132,123851144.91213685,23222089.67102566
9516619.618007185,25377652.31468583,4758309.8090035925
37837823.51141765,100900862.69711374,18918911.755708825
6990566.97543135,18641511.934483603,3495283.487715675
8578865.337313563,22876974.23283617,4289432.668656781
17948211.11838018,47861896.31568049,8974105.55919009
2139958.6672216766,5706556.445924471,1069979.3336108383
-1767996.5026942384,-4714657.340517969,-883998.2513471192
27959230.360769056,74557947.62871748,13979615.180384528
44376131.061570376,118336349.49752101,22188065.530785188
49902369.79697977,133072986.12527938,24951184.898489885
-7361519.402526226,-19630718.4067366,-3680759.701263113
69861161.91163866,186296431.7643698,34930580.95581933
-26166270.664497484,-69776721.7719933,-13083135.332248742
-3213261.830516642,-8568698.214711046,-1606630.915258321
39632341.543384776,105686244.11569273,19816170.771692388
34394409.79000868,91718426.10668981,17197204.89500434
16057449.864658682,42819866.30575648,8028724.932329341
7952905.629281004,21207748.344749343,3976452.814640502
23923249.45165416,63795331.87107775,11961624.72582708
48809423.374968566,130158462.33324951,24404711.687484283
12302070.022243986,32805520.059317295,6151035.011121993
24590745.6378137,65575321.70083653,12295372.81890685
-6416672.587761335,-17111126.900696892,-3208336.2938806675
40942273.67071267,109179396.4552338,20471136.835356336
-14950281.384963375,-39867417.026568994,-7475140.692481687
47442068.183063544,126512181.82150279,23721034.091531772
31590626.769313697,84241671.38483652,15795313.384656848
6502439.123989617,17339837.663972314,3251219.5619948087
50221247.748512246,133923327.32936598,25110623.874256123
-20668882.07989251,-55117018.87971336,-10334441.039946254
-6987898.361941097,-18634395.631842926,-3493949.1809705487
30651028.882107187,81736077.0189525,15325514.441053594
12987586.09523227,34633562.92061939,6493793.047616135
45365632.118158326,120975018.98175554,22682816.059079163
98286943.8861581,262098517.0297549,49143471.94307905
44736322.299701795,119296859.46587145,22368161.149850897
8322935.692651369,22194495.18040365,4161467.8463256843
30033606.451829486,80089617.20487863,15016803.225914743
6018367.96913566,16048981.251028426,3009183.98456783
-15665827.214631217,-41775539.23901658,-7832913.607315608
67823223.54288286,180861929.44768766,33911611.77144143
61697954.96859255,164527879.9162468,30848977.484296273
69318044.63795535,184848119.0345476,34659022.31897768
8989751.910081929,23972671.76021848,4494875.955040964
-6328261.261645974,-16875363.364389263,-3164130.630822987
17807374.239566296,47486331.30551012,8903687.119783148
70474374.59992959,187931665.59981224,35237187.29996479
9558992.707040787,25490647.218775433,4779496.353520393
140832.3087753516,375552.82340093754,70416.1543876758
-31321544.93777195,-83524119.83405852,-15660772.468885975
18982767.37684065,50620713.004908405,9491383.688420326
44441753.933547646,118511343.8227937,22220876.966773823
39673230.332742296,105795280.88731278,19836615.166371148
13564050.781189589,36170802.08317224,6782025.390594794
11975865.241679933,31935640.644479822,5987932.620839966
7833398.178210019,20889061.80856005,3916699.0891050096
-17025860.887544263,-45402295.700118035,-8512930.443772132
46726914.22520657,124605104.60055086,23363457.112603284
27758919.131746195,74023784.35132319,13879459.565873098
14261790.43480143,38031441.15947048,7130895.217400715
66301206.76803178,176803218.04808477,33150603.38401589
24201756.776888955,64538018.07170388,12100878.388444478
24034994.58794269,64093318.901180506,12017497.293971345
26220903.71337968,69922409.90234582,13110451.85668984
46247649.78477014,123327066.09272037,23123824.89238507
-5105200.603672449,-13613868.276459862,-2552600.3018362243
28116271.697091985,74976724.52557863,14058135.848545993
-7065842.997670357,-18842247.99378762,-3532921.4988351786
8135946.335914044,21695856.89577078,4067973.167957022
29768917.30869942,79383779.48986512,14884458.65434971
24505523.39445818,65348062.38522181,12252761.69722909
-9107357.584971642,-24286286.893257715,-4553678.792485821
36030537.84052405,96081434.24139747,18015268.920262024
-8192965.727008651,-21847908.605356403,-4096482.8635043255
-22674216.53676169,-60464577.43136451,-11337108.268380845
60303525.516246624,160809401.37665766,30151762.758123312
5385167.482041484,14360446.61877729,2692583.741020742
64962519.03880134,173233384.10347024,32481259.51940067
18019203.43481408,48051209.15950421,9009601.71740704
59785034.17891656,159426757.81044415,29892517.08945828
-13661476.35102652,-36430603.60273739,-6830738.17551326
7902063.014960804,21072168.03989548,3951031.507480402
-8396497.505602341,-22390660.01493958,-4198248.752801171
-45196355.19503259,-120523613.85342023,-22598177.597516295
58357268.17620582,155619381.80321553,29178634.08810291
62381121.65816495,166349657.75510654,31190560.829082474
7907341.577391172,21086244.20637646,3953670.788695586
44204277.31042648,117878072.82780395,22102138.65521324
45714687.73371455,121905833.95657213,22857343.866857275
36275675.11477046,96735133.63938788,18137837.55738523
48872146.64317132,130325724.38179018,24436073.32158566
58056667.82151483,154817780.85737288,29028333.910757415
50148435.88662363,133729162.36432968,25074217.943311814
36730904.480812974,97949078.61550127,18365452.240406487
64750498.05623089,172667994.8166157,32375249.028115444
-22553767.094877645,-60143378.91967372,-11276883.547438823
32413337.524317406,86435566.73151308,16206668.762158703
50945860.033629484,135855626.75634527,25472930.016814742
-1912422.6038236006,-5099793.610196268,-956211.3019118003
8464283.843535174,22571423.582760464,4232141.921767587
52974845.54759055,141266254.7935748,26487422.773795273
33990089.15854823,90640237.75612861,16995044.579274114
75420143.07431744,201120381.53151318,37710071.53715872
25370279.20820639,67654077.88855037,12685139.604103195
32473082.410998665,86594886.42932978,16236541.205499332
89774509.250317,239398691.33417872,44887254.6251585
33543340.82236478,89448908.85963942,16771670.41118239
74381079.70923999,198349545.8913066,37190539.854619995
-1445616.8579159502,-3854978.2877758676,-722808.4289579751
43132582.656480625,115020220.41728166,21566291.328240313
-354679.263310341,-945811.368827576,-177339.6316551705
-17404597.912092697,-46412261.098913856,-8702298.956046348
10031049.78271165,26749466.087231066,5015524.891355825
-39339261.705404654,-104904697.88107908,-19669630.852702327
51528964.00803136,137410570.68808362,25764482.00401568
54420103.159664206,145120275.09243786,27210051.579832103
-22044583.306952648,-58785555.485207066,-11022291.653476324
-151496.70487502043,-403991.2130000545,-75748.35243751021
69314974.916592,184839933.11091202,34657487.458296
57595927.92538895,153589141.13437054,28797963.962694474
18239553.700191688,48638809.86717784,9119776.850095844
104366425.4321455,278310467.81905466,52183212.71607275
63391055.81764736,169042815.5137263,31695527.90882368
39639194.89061172,105704519.70829792,19819597.44530586
13121040.26163343,34989440.697689146,6560520.130816715
20477061.7297976,54605497.94612694,10238530.8648988
37720995.593591586,100589321.5829109,18860497.796795793
6850935.415058101,18269161.1068216,3425467.7075290503
72970598.92056324,194588263.78816864,36485299.46028162
74538993.06605731,198770648.17615283,37269496.533028655
29573753.73456625,78863343.29217666,14786876.867283124
32698953.439705666,87197209.17254844,16349476.719852833
15298437.252464753,40795832.67323934,7649218.626232376
47848309.324438296,127595491.53183545,23924154.662219148
65123995.60697854,173663988.28527611,32561997.80348927
-12806351.856702348,-34150271.61787293,-6403175.928351174
-9137080.832489891,-24365548.88663971,-4568540.4162449455
-57052.00693138929,-152138.68515037143,-28526.003465694645
70370557.47459215,187654819.93224573,35185278.737296075
29317019.330275174,78178718.21406713,14658509.665137587
44082765.40026481,117554041.06737281,22041382.700132404
26176426.364429384,69803803.63847835,13088213.182214692
18560357.63919304,49494287.03784811,9280178.81959652
44142052.87578587,117712141.00209565,22071026.437892936
50516636.09983158,134711029.59955087,25258318.04991579
-12323136.045296898,-32861696.12079173,-6161568.022648449
6935938.631535074,18495836.3507602,3467969.315767537
-19056635.736689888,-50817695.2978397,-9528317.868344944
9988484.768922724,26635959.383793928,4994242.384461362
5537021.276478403,14765390.070609074,2768510.6382392016
44361245.8474952,118296655.59332052,22180622.9237476
-776393.9320432234,-2070383.818781929,-388196.9660216117
2395331.1913945535,6387549.843718809,1197665.5956972768
14598315.71063886,38928841.89503696,7299157.85531943
-10938534.975774985,-29169426.60206663,-5469267.487887492
86678347.914751,231142261.10600266,43339173.9573755
37827394.1473986,100873051.05972959,18913697.0736993
18807126.151028156,50152336.402741745,9403563.075514078
7794361.801981729,20784964.805284612,3897180.9009908647
79083801.15871353,210890136.4232361,39541900.57935677
7992053.895879083,21312143.722344223,3996026.9479395417
44630156.3763397,119013750.33690587,22315078.18816985
70209459.43422334,187225225.15792888,35104729.71711167
32699546.822369833,87198791.52631955,16349773.411184916
52033616.88358282,138756311.6895542,26016808.44179141
18457558.971564867,49220157.25750631,9228779.485782433
56304425.80188494,150145135.47169316,28152212.90094247
59888475.89343498,159702602.3824933,29944237.94671749
68487087.9753829,182632234.60102108,34243543.98769145
13573546.33241927,36196123.55311805,6786773.166209635
57319943.40650108,152853182.4173362,28659971.70325054
1736478.9672137059,4630610.579236549,868239.4836068529
33403331.431614466,89075550.48430525,16701665.715807233
33325472.243427027,88867925.98247208,16662736.121713514
30023131.484237697,80061683.95796719,15011565.742118848
22081935.49055107,58885161.30813618,11040967.745275535
17828194.33841794,47541851.5691145,8914097.16920897
-15624871.944777906,-41666325.18607441,-7812435.972388953
-1135588.9669961692,-3028237.245323118,-567794.4834980846
16280595.958207047,43414922.55521879,8140297.979103523
26347763.998309672,70260703.99549246,13173881.999154836
38031781.16628003,101418083.1100801,19015890.583140016
-20494505.817485407,-54652015.51329441,-10247252.908742703
28931786.594707854,77151430.91922094,14465893.297353927
30812378.763309643,82166343.36882572,15406189.381654821
-728838.4865226455,-1943569.2973937213,-364419.2432613227
16230797.964714466,43282127.90590525,8115398.982357233
15590615.165636353,41574973.77503028,7795307.582818177
2511313.607816254,6696836.28751001,1255656.803908127
1263874.7400527229,3370332.640140594,631937.3700263614
12587373.330466446,33566328.881243855,6293686.665233223
-30372193.29875602,-80992515.46334937,-15186096.64937801
14863047.978307791,39634794.60882078,7431523.9891538955
34579762.52536878,92212700.0676501,17289881.26268439
75433856.36111982,201156950.2963195,37716928.18055991
43817014.68390718,116845372.49041915,21908507.34195359
-3233618.0540886465,-8622981.477569725,-1616809.0270443233
19091946.85052718,50911858.26807247,9545973.42526359
32439567.14073564,86505512.37529504,16219783.57036782
-7541651.006915984,-20111069.351775955,-3770825.503457992
7004373.8334667785,18678330.22257808,3502186.9167333893
27507451.73189691,73353204.61839177,13753725.865948455
1707749.3469091528,4553998.258424408,853874.6734545764
5464869.244581068,14572984.652216181,2732434.622290534
18192573.11593099,48513528.3091493,9096286.557965495
44049011.88696054,117464031.69856146,22024505.94348027
79707455.15049161,212553213.7346443,39853727.575245805
24092821.67269832,64247524.46052885,12046410.83634916
19864938.253765568,52973168.676708184,9932469.126882784
23168238.40188168,61781969.07168449,11584119.20094084
49347896.20730243,131594389.88613981,24673948.103651214
57997628.75445368,154660343.3452098,28998814.37722684
9466758.782047449,25244690.085459866,4733379.391023724
1336497.7625280633,3563994.0334081687,668248.8812640316
10343714.927601574,27583239.80693753,5171857.463800787
53947273.589790516,143859396.23944137,26973636.794895258
39584312.06246948,105558165.49991861,19792156.03123474
78754386.22970602,210011696.61254936,39377193.11485301
15963869.47761911,42570318.606984295,7981934.738809555
12786933.915634474,34098490.44169193,6393466.957817237
17128570.60371947,45676188.27658525,8564285.301859735
9641746.686102735,25711324.496273957,4820873.343051367
43957592.36053621,117220246.29476322,21978796.180268105
-23155855.50273192,-61748948.00728512,-11577927.75136596
30269591.069089416,80718909.51757178,15134795.534544708
15853206.007012054,42275216.01869881,7926603.003506027
46926652.12428254,125137738.99808678,23463326.06214127
61110455.983552895,162961215.95614105,30555227.991776448
70362392.62584126,187633047.00224337,35181196.31292063
72195698.21494098,192521861.90650925,36097849.10747049
16014177.095508957,42704472.25469055,8007088.547754479
66904477.069434695,178411938.85182583,33452238.534717347
59678717.74342827,159143247.3158087,29839358.871714134
-9730402.822391262,-25947740.859710034,-4865201.411195631
16858146.24999794,44955056.66666117,8429073.12499897
-11938818.31681304,-31836848.844834775,-5969409.15840652
54413987.354262866,145103966.2780343,27206993.677131433
13369595.665154738,35652255.1070793,6684797.832577369
645059.1507967354,1720157.7354579612,322529.5753983677
7233473.7166588055,19289263.244423483,3616736.8583294027
22669203.70637078,60451209.88365541,11334601.85318539
-11475578.998009898,-30601543.99469306,-5737789.499004949
43262786.69021845,115367431.17391586,21631393.345109224
54659195.03998441,145757853.43995845,27329597.519992206
49771280.76443359,132723415.37182291,24885640.382216796
16250103.066645611,43333608.17772163,8125051.533322806
4299795.179365186,11466120.478307161,2149897.589682593
22677950.85688715,60474535.618365735,11338975.428443575
26957303.980939694,71886143.94917253,13478651.990469847
7700124.710631972,20533665.895018592,3850062.355315986
29458410.67893599,78555761.81049597,14729205.339467995
-18774838.34625009,-50066235.59000024,-9387419.173125045
26928249.600321133,71808665.60085636,13464124.800160566
11503312.827823848,30675500.874196924,5751656.413911924
7756404.488968846,20683745.303916924,3878202.244484423
16216090.759222697,43242908.69126053,8108045.379611349
26405747.969676334,70415327.9191369,13202873.984838167
16953273.22574997,45208728.601999916,8476636.612874985
13011928.004570054,34698474.678853475,6505964.002285027
20813486.370798375,55502630.322128996,10406743.185399188
60001198.99251577,160003197.3133754,30000599.496257886
10138281.852026436,27035418.2720705,5069140.926013218
53921885.149931386,143791693.73315036,26960942.574965693
19302822.578736912,51474193.54329843,9651411.289368456
-3324311.361398824,-8864830.297063531,-1662155.680699412
49935742.95527047,133161981.21405458,24967871.477635235
5068224.643589971,13515265.716239922,2534112.3217949853
6856134.270750519,18283024.722001385,3428067.1353752594
74406309.50176184,198416825.3380316,37203154.75088092
32390737.55983117,86375300.15954979,16195368.779915584
20236227.402537443,53963273.07343318,10118113.701268721
4142186.4018891267,11045830.405037671,2071093.2009445634
7711259.372599879,20563358.32693301,3855629.6862999396
31459378.18991744,83891675.17311318,15729689.09495872
-17224111.56857231,-45930964.18285949,-8612055.784286154
13274529.507000135,35398745.35200036,6637264.753500068
9732320.086991778,25952853.565311406,4866160.043495889
14885406.481635734,39694417.28436196,7442703.240817867
17257351.732347626,46019604.619593665,8628675.866173813
6006218.074075913,16016581.5308691,3003109.0370379565
289081.81091455434,770884.8291054781,144540.90545727717
56847827.76662396,151594207.37766388,28423913.88331198
62673296.6386682,167128791.03644854,31336648.3193341
29283829.307098925,78090211.48559713,14641914.653549463
27187049.45222998,72498798.53927995,13593524.72611499
49220655.23785288,131255080.63427433,24610327.61892644
-16174453.877356559,-43131877.006284155,-8087226.9386782795
31346352.8237633,83590274.19670212,15673176.41188165
-8639870.556402078,-23039654.81707221,-4319935.278201039
48025758.97543411,128068690.60115762,24012879.487717055
75984887.49112451,202626366.6429987,37992443.745562255
68244934.83604193,181986492.89611182,34122467.41802096
62587294.23637952,166899451.29701206,31293647.11818976
27493989.621035535,73317305.65609476,13746994.810517767
27750435.60956048,74001161.6254946,13875217.80478024
24866884.373627942,66311691.66300784,12433442.186813971
43982683.30740163,117287155.48640434,21991341.653700814
13462443.766807001,35899850.04481867,6731221.883403501
17351302.284523673,46270139.425396465,8675651.142261837
32893361.383416984,87715630.35577863,16446680.691708492
-4926030.831902203,-13136082.218405876,-2463015.4159511016
-6345248.841519599,-16920663.577385597,-3172624.4207597994
4864867.804566643,12972980.812177714,2432433.9022833216
17444005.687961735,46517348.50123129,8722002.843980867
2406402.897200627,6417074.392535005,1203201.4486003134
1257259.8457489633,3352692.9219972356,628629.9228744817
19261393.843498338,51363716.915995575,9630696.921749169
8026284.28496972,21403424.759919252,4013142.14248486
132685461.50413097,353827897.34434927,66342730.75206549
550019.3497432845,1466718.2659820921,275009.67487164226
30762855.082999673,82034280.22133246,15381427.541499836
-7508898.619136395,-20023729.651030388,-3754449.3095681975
48566998.306755364,129511995.48468098,24283499.153377682
48131168.06944947,128349781.51853192,24065584.034724735
21920549.448344395,58454798.528918386,10960274.724172197
7097689.240127944,18927171.30700785,3548844.620063972
44653122.53241328,119074993.41976875,22326561.26620664
60952214.360189945,162539238.29383984,30476107.180094972
24439879.70348399,65173012.542623974,12219939.851741996
-12169578.479783501,-32452209.27942267,-6084789.239891751
20964608.22688681,55905621.938364826,10482304.113443404
-6706329.009526582,-17883544.02540422,-3353164.504763291
30522737.525937844,81393966.73583426,15261368.762968922
80684065.79656996,215157508.79085323,40342032.89828498
96381517.25804235,257017379.3547796,48190758.629021175
47674776.462945946,127132737.23452252,23837388.231472973
9658268.950664353,25755383.868438274,4829134.475332176
80618492.05634417,214982645.48358446,40309246.02817208
14752322.149788205,39339525.73276854,7376161.074894102
32437193.9823086,86499183.95282294,16218596.9911543
27419887.236957826,73119699.2985542,13709943.618478913
-25438606.008298893,-67836282.68879704,-12719303.004149446
86593704.96982694,230916546.58620518,43296852.48491347
109643959.08740737,292383890.899753,54821979.54370368
27706625.861739293,73884335.63130477,13853312.930869646
26544369.19418276,70784984.51782069,13272184.59709138
41878276.89907814,111675405.06420837,20939138.44953907
-21281941.83616363,-56751844.89643634,-10640970.918081814
18239259.651159074,48638025.73642419,9119629.825579537
39760899.15945176,106029064.4252047,19880449.57972588
34643564.64775816,92382839.06068842,17321782.32387908
3562569.284607309,9500184.758952823,1781284.6423036545
3521014.842470667,9389372.913255112,1760507.4212353334
29745515.577092975,79321374.87224793,14872757.788546488
29100536.545811668,77601430.78883111,14550268.272905834
33735083.099552706,89960221.59880722,16867541.549776353
49518530.38897197,132049414.37059192,24759265.194485985
-9224206.32420643,-24597883.531217147,-4612103.162103215
15474003.540192835,41264009.44051423,7737001.7700964175
-59842503.371895544,-159580008.99172145,-29921251.685947772
-5254348.471028535,-14011595.92274276,-2627174.2355142673
15470443.401834311,41254515.73822483,7735221.7009171555
48696867.0697709,129858312.18605575,24348433.53488545
51884156.46626199,138357750.57669863,25942078.233130995
39239416.26481525,104638443.37284067,19619708.132407624
44431062.30963899,118482832.82570398,22215531.154819496
28816155.593479313,76843081.5826115,14408077.796739656
2059886.428647409,5493030.476393091,1029943.2143237045
27044955.599400654,72119881.59840174,13522477.799700327
46382368.58566346,123686316.22843589,23191184.29283173
48681002.23444765,129816005.95852707,24340501.117223825
39957194.19891369,106552517.86376984,19978597.099456847
23815830.943085622,63508882.51489499,11907915.471542811
21396294.344736487,57056784.9192973,10698147.172368243
56660415.47279265,151094441.2607804,28330207.736396324
36764086.27058746,98037563.38823321,18382043.13529373
-1610253.2778029575,-4294008.740807886,-805126.6389014787
83294067.76949292,222117514.05198115,41647033.88474646
12088959.87079125,32237226.32211,6044479.935395625
34336059.798799425,91562826.1301318,17168029.899399713
47786552.371627256,127430806.32433935,23893276.185813628
-1939044.1180477364,-5170784.314793964,-969522.0590238682
66854380.76406419,178278348.70417118,33427190.382032096
16910132.52836602,45093686.74230939,8455066.26418301
13938611.922180427,37169631.79248114,6969305.961090214
79397703.84871344,211727210.26323584,39698851.92435672
47420974.16614945,126455931.10973188,23710487.083074726
620482.6576449621,1654620.4203865656,310241.32882248104
6251805.714578195,16671481.905541852,3125902.8572890973
43820238.86833186,116853970.31555162,21910119.43416593
27996947.35360703,74658526.27628541,13998473.676803514
46163036.928895906,123101431.81038909,23081518.464447953
7463816.011044724,19903509.36278593,3731908.005522362
35464728.96582813,94572610.57554168,17732364.482914064
11192875.997679234,29847669.327144623,5596437.998839617
29783520.873572417,79422722.32952644,14891760.436786208
69304024.69563055,184810732.52168146,34652012.347815275
66179170.15025801,176477787.0673547,33089585.075129006
77594685.00519633,206919160.01385692,38797342.50259817
24817601.97143729,66180271.92383278,12408800.985718645
-4697532.404505045,-12526753.07868012,-2348766.2022525226
35635458.993851304,95027890.65027015,17817729.496925652
-3954803.621379786,-10546142.990346096,-1977401.810689893
56730152.40798499,151280406.4212933,28365076.203992493
22956884.767017256,61218359.378712684,11478442.383508628
-947039.9343137189,-2525439.824836584,-473519.96715685946
6263872.690584743,16703660.508225981,3131936.3452923717
26119119.58651885,69650985.56405027,13059559.793259425
76971233.0554446,205256621.4811856,38485616.5277223
60624481.2047808,161665283.2127488,30312240.6023904
-2667949.3374587055,-7114531.566556548,-1333974.6687293528
4492473.138121417,11979928.368323779,2246236.5690607084
35003154.972916655,93341746.59444441,17501577.486458328
17307032.104793817,46152085.612783514,8653516.052396908
41961452.831520446,111897207.55072118,20980726.415760223
18034463.27053661,48091902.05476429,9017231.635268304
25021155.205632728,66723080.54835394,12510577.602816364
58939212.7235751,157171233.9295336,29469606.36178755
11313948.572860358,30170529.52762762,5656974.286430179
15369674.061288452,40985797.496769205,7684837.030644226
44868166.41770866,119648443.78055641,22434083.20885433
-15199579.573285662,-40532212.19542843,-7599789.786642831
9513633.361002354,25369688.96267294,4756816.680501177
35696849.157993816,95191597.75465018,17848424.578996908
67227691.864846,179273844.97292268,33613845.932423
11107607.947734043,29620287.860624116,5553803.9738670215
34481830.874627054,91951548.99900548,17240915.437313527
17659220.855515342,47091255.61470758,8829610.427757671
37107947.8021126,98954527.47230028,18553973.9010563
36180951.51346573,96482537.36924195,18090475.756732866
5255649.602297657,14015065.606127087,2627824.8011488286
-18449551.512459096,-49198804.033224255,-9224775.756229548
64071600.816885956,170857602.17836255,32035800.408442978
62421746.73777907,166457991.30074418,31210873.368889537
-139992.47599764675,-373313.269327058,-69996.23799882337
28444066.74284818,75850844.64759515,14222033.37142409
15318072.526986506,40848193.405297354,7659036.263493253
49577955.78876188,132207882.103365,24788977.89438094
14867519.940546267,39646719.84145671,7433759.970273133
9442056.963331524,25178818.568884064,4721028.481665762
22874643.754602555,60999050.01227348,11437321.877301278
26781421.136021566,71417123.02939084,13390710.568010783
27990111.42801617,74640297.14137645,13995055.714008085
36822556.444874085,98193483.85299757,18411278.222437043
16114970.527443696,42973254.73984985,8057485.263721848
27265727.33359025,72708606.22290733,13632863.666795125
17518785.42186904,46716761.12498411,8759392.71093452
37817219.94207577,100845919.84553537,18908609.971037883
-45521409.91624541,-121390426.4433211,-22760704.958122704
-15851216.841739444,-42269911.57797185,-7925608.420869722
42533012.991086625,113421367.976231,21266506.495543312
1502081.04560709,4005549.4549522395,751040.522803545
39795232.83503436,106120620.89342497,19897616.41751718
30564131.63718145,81504351.03248386,15282065.818590725
70104335.70830336,186944895.2221423,35052167.85415168
16545721.135485878,44121923.02796234,8272860.567742939
15238307.852642253,40635487.60704601,7619153.9263211265
-15850576.947385553,-42268205.193028145,-7925288.473692777
-20302277.959010947,-54139407.890695855,-10151138.979505474
71615484.79660721,190974626.12428588,35807742.398303606
12713995.88481973,33903989.026185945,6356997.942409865
19102594.822584495,50940252.86022532,9551297.411292247
28664298.62490034,76438129.66640091,14332149.31245017
29952094.526885428,79872252.07169448,14976047.263442714
72456210.8125867,193216562.16689783,36228105.40629335
39105462.775872566,104281234.0689935,19552731.387936283
6754542.024502247,18012112.065339327,3377271.0122511233
36909127.42435825,98424339.79828866,18454563.712179124
36595076.464051016,97586870.5708027,18297538.232025508
23647108.444667038,63058955.85244543,11823554.222333519
7521475.769006794,20057268.71735145,3760737.884503397
45896359.74987534,122390292.66633423,22948179.87493767
31275918.60309398,83402449.60825062,15637959.30154699
63521339.7610291,169390239.36274427,31760669.88051455
67050243.680596985,178800649.81492528,33525121.840298492
17091899.62216679,45578398.99244477,8545949.811083395
-16453190.99064817,-43875175.97506179,-8226595.495324085
7138385.027366165,19035693.406309772,3569192.5136830825
73828821.46699508,196876857.2453202,36914410.73349754
34260984.21434862,91362624.57159632,17130492.10717431
44198155.26502239,117861747.37339303,22099077.632511195
32805221.21203776,87480589.89876735,16402610.60601888
275590.41437644203,734907.7716705122,137795.20718822101
29226969.514640372,77938585.37237433,14613484.757320186
71139105.18096754,189704280.48258013,35569552.59048377
26255370.592409432,70014321.57975848,13127685.296204716
58729696.60219361,156612524.27251628,29364848.301096804
27559924.797078162,73493132.79220843,13779962.398539081
-9987368.546476254,-26632982.790603343,-4993684.273238127
33741011.97390008,89976031.93040021,16870505.98695004
87347233.19098994,232925955.17597318,43673616.59549497
5847033.914790474,15592090.439441264,2923516.957395237
5358455.383727214,14289214.356605906,2679227.691863607
62844735.882988505,167585962.354636,31422367.941494253
-1769822.6347045791,-4719527.025878878,-884911.3173522896
20402974.142368484,54407931.04631596,10201487.071184242
-2064566.7135463897,-5505511.236123705,-1032283.3567731949
415027.7408370526,1106740.6422321403,207513.8704185263
4000568.839122827,10668183.570994206,2000284.4195614136
23965111.744871788,63906964.65299144,11982555.872435894
92547436.45304215,246793163.87477908,46273718.226521075
13566888.472972525,36178369.26126007,6783444.236486263
48792967.51853668,130114580.04943115,24396483.75926834
59241281.865628,157976751.64167467,29620640.932814
54856309.59204328,146283492.24544874,27428154.79602164
33946816.35313127,90524843.60835005,16973408.176565636
-20211995.05501313,-53898653.48003502,-10105997.527506566
3602018.7537507853,9605383.343335427,1801009.3768753926
56834634.62735022,151559025.6729339,28417317.31367511
16397225.231054047,43725933.94947746,8198612.615527024
-36980969.281710416,-98615918.08456111,-18490484.640855208
28951471.27124269,77203923.3899805,14475735.635621345
44180885.78115474,117815695.41641264,22090442.89057737
32175014.093390875,85800037.58237566,16087507.046695437
44570027.956366315,118853407.88364351,22285013.978183158
25458524.44633305,67889398.5235548,12729262.223166525
13800009.131489223,36800024.35063793,6900004.565744611
70229470.09517393,187278586.9204638,35114735.04758696
53028431.76409902,141409151.3709307,26514215.88204951
21777033.379536398,58072089.01209706,10888516.689768199
37099462.2553954,98931899.34772107,18549731.1276977
93040041.93786919,248106778.5009845,46520020.968934596
44502086.075424016,118672229.53446403,22251043.037712008
27191702.775046073,72511207.40012285,13595851.387523036
5314522.039670991,14172058.772455975,2657261.0198354954
62737366.41244042,167299643.76650777,31368683.20622021
34734210.49122396,92624561.30993056,17367105.24561198
18000282.215906266,48000752.57575004,9000141.107953133
27781687.107688375,74084498.95383567,13890843.553844187
-12363921.2461249,-32970456.65633307,-6181960.62306245
66048291.67439916,176128777.79839775,33024145.83719958
62009337.243482016,165358232.64928538,31004668.621741008
44111217.207472935,117629912.55326116,22055608.603736468
21457741.719521202,57220644.58538987,10728870.859760601
18678464.071184695,49809237.52315919,9339232.035592347
39799798.72517584,106132796.6004689,19899899.36258792
62879256.575910665,167678017.53576177,31439628.287955333
-13532879.907510592,-36087679.753361575,-6766439.953755296
-43428805.315009065,-115810147.50669083,-21714402.657504532
21029535.239772487,56078760.6393933,10514767.619886244
18057924.142245863,48154464.379322305,9028962.071122931
21523460.820683185,57395895.52182183,10761730.410341593
33438949.26388037,89170531.37034765,16719474.631940184
6046281.245095511,16123416.65358803,3023140.6225477555
39571156.902665235,105523085.07377397,19785578.451332618
34824665.42834089,92865774.47557572,17412332.714170445
53939776.02170617,143839402.72454977,26969888.010853086
48762149.923856884,130032399.7969517,24381074.961928442
7967377.888999998,21246341.03733333,3983688.944499999
42016430.27105656,112043814.05615082,21008215.13552828
50683138.447402485,135155035.85973996,25341569.223701242
55739001.75749495,148637338.01998654,27869500.878747474
5462055.963658456,14565482.569755884,2731027.981829228
-5326222.251047939,-14203259.336127838,-2663111.1255239695
26399028.45809092,70397409.2215758,13199514.22904546
31509744.072266575,84025984.19271086,15754872.036133287
-505990.1519503751,-1349307.071867667,-252995.07597518756
36599046.65530184,97597457.74747157,18299523.32765092
93055493.61906289,248147982.9841677,46527746.80953144
61227646.33945526,163273723.5718807,30613823.16972763
23365781.234831776,62308749.9595514,11682890.617415888
25368819.147286844,67650184.39276491,12684409.573643422
-6764092.694462999,-18037580.518567998,-3382046.3472314994
44833090.355526775,119554907.61473806,22416545.177763388
29966075.61712898,79909534.97901061,14983037.80856449
12351714.385929765,32937905.02914604,6175857.192964883
19650154.457927536,52400411.887806766,9825077.228963768
76046478.4387556,202790609.17001495,38023239.2193778
-10496702.563369364,-27991206.83565164,-5248351.281684682
46796358.04926728,124790288.1313794,23398179.02463364
33470300.27360827,89254134.0629554,16735150.136804136
17707389.67842637,47219705.809136994,8853694.839213185
19587096.670900393,52232257.789067715,9793548.335450197
7446435.605339997,19857161.614239994,3723217.8026699987
-15077454.958342185,-40206546.555579156,-7538727.479171093
7942169.966884463,21179119.9116919,3971084.9834422315
81943392.3868009,218515713.03146908,40971696.19340045
75692096.0147736,201845589.3727296,37846048.0073868
-12881594.120711943,-34350917.65523185,-6440797.060355972
-5356487.023715006,-14283965.39657335,-2678243.511857503
-59290.33601363015,-158107.56270301374,-29645.168006815074
68314086.21351492,182170896.56937313,34157043.10675746
31754891.73842831,84679711.3024755,15877445.869214155
18917652.559863444,50447073.492969185,9458826.279931722
64756862.50576256,172684966.6820335,32378431.25288128
29727247.098557115,79272658.92948563,14863623.549278557
34869796.34452852,92986123.58540937,17434898.17226426
23527437.468852714,62739833.250273906,11763718.734426357
-24417287.9876369,-65112767.96703174,-12208643.99381845
-14157163.759609984,-37752436.69229329,-7078581.879804992
19268843.54542192,51383582.787791796,9634421.77271096
17783397.9906623,47422394.64176613,8891698.99533115
45682520.82450024,121820055.53200063,22841260.41225012
20045229.062395267,53453944.16638738,10022614.531197634
28715073.331551813,76573528.88413817,14357536.665775906
21322910.51192216,56861094.69845909,10661455.25596108
57197872.37484312,152527659.66624832,28598936.18742156
73730557.8939333,196614821.05048877,36865278.94696665
40505789.09421294,108015437.58456784,20252894.54710647
58089504.54559992,154905345.45493314,29044752.27279996
35774353.52716719,95398276.07244584,17887176.763583597
23683379.648272295,63155679.062059455,11841689.824136147
22911326.046365246,61096869.45697399,11455663.023182623
59866075.444201775,159642867.85120475,29933037.722100887
5949955.689127106,15866548.504338952,2974977.844563553
84093716.11130828,224249909.63015538,42046858.05565414
53921633.88897547,143791023.7039346,26960816.944487736
11984906.41042004,31959750.42778677,5992453.20521002
58772100.804889984,156725602.1463733,29386050.402444992
70774945.11446615,188733186.9719097,35387472.55723307
34299020.42941463,91464054.478439,17149510.214707315
2896320.8139551263,7723522.170547004,1448160.4069775632
-2663233.9552886602,-7101957.214103094,-1331616.9776443301
-19959127.115676615,-53224338.97513764,-9979563.557838308
-7582572.392191198,-20220193.045843195,-3791286.196095599
74736474.2553767,199297264.6810045,37368237.12768835
-16727438.976702135,-44606503.93787236,-8363719.4883510675
57803575.24894887,154142867.33053035,28901787.624474436
53470399.50858729,142587732.02289945,26735199.754293647
38062005.442320585,101498681.17952156,19031002.721160293
11065015.871345956,29506708.99025588,5532507.935672978
17552011.49331677,46805363.98217805,8776005.746658385
29494439.881537512,78651839.68410003,14747219.940768756
25045632.642809838,66788353.71415956,12522816.321404919
-9865832.50289697,-26308886.674391918,-4932916.251448485
40656257.232803814,108416685.95414351,20328128.616401907
-30789978.8757261,-82106610.3352696,-15394989.43786305
27152213.312503856,72405902.16667695,13576106.656251928
38343438.95633994,102249170.55023983,19171719.47816997
6796489.852810481,18123972.940827947,3398244.9264052403
85737103.92476802,228632277.13271472,42868551.96238401
7282206.848538642,19419218.26276971,3641103.424269321
45003447.44000278,120009193.17334074,22501723.72000139
53923855.57757489,143796948.20686638,26961927.788787443
15907863.899950707,42420970.399868555,7953931.949975354
893155.2978266324,2381747.46087102,446577.6489133162
-8287866.737209358,-22100977.965891622,-4143933.368604679
43223507.90110169,115262687.73627117,21611753.950550847
26335064.353278685,70226838.27540983,13167532.176639343
-2810442.7669542325,-7494514.045211287,-1405221.3834771162
61748276.17299842,164662069.79466245,30874138.08649921
-22203819.76969784,-59210186.05252758,-11101909.88484892
25739966.4454466,68639910.52119093,12869983.2227233
25115824.117461193,66975530.979896516,12557912.058730597
15181946.114522943,40485189.63872785,7590973.057261472
32985693.108404838,87961848.28907958,16492846.554202419
17606050.389990367,46949467.70664098,8803025.194995183
23971352.081584148,63923605.550891064,11985676.040792074
41843574.46242143,111582865.23312382,20921787.231210716
59798696.92355455,159463191.79614544,29899348.461777274
38637467.31993206,103033246.18648548,19318733.65996603
50163745.95959731,133769989.22559282,25081872.979798656
25601421.01206861,68270456.03218296,12800710.506034305
67914984.66961472,181106625.78563926,33957492.33480736
-2015406.1711036453,-5374416.456276387,-1007703.0855518227
56645825.0749233,151055533.5331288,28322912.53746165
-12614513.560035447,-33638702.82676119,-6307256.780017723
75489145.07321244,201304386.86189985,37744572.53660622
90829026.44551049,242210737.18802798,45414513.222755246
2502947.2575134328,6674526.02003582,1251473.6287567164
14293158.648288447,38115089.72876919,7146579.324144224
23870726.20842548,63655269.889134616,11935363.10421274
-1485997.58225727,-3962660.2193527203,-742998.791128635
16475714.114456927,43935237.6385518,8237857.057228464
35784240.70459011,95424641.87890697,17892120.352295056
19188675.20166284,51169800.537767574,9594337.60083142
1224151.532566957,3264404.086845218,612075.7662834785
67501041.24797717,180002776.66127244,33750520.62398858
22035851.864898827,58762271.6397302,11017925.932449413
32937486.76793481,87833298.04782616,16468743.383967405
-19027685.19416246,-50740493.851099886,-9513842.59708123
-2036529.8317041092,-5430746.217877625,-1018264.9158520546
4643789.846482014,12383439.590618705,2321894.923241007
4829389.246198114,12878371.32319497,2414694.623099057
36502547.49100296,97340126.64267458,18251273.74550148
57183197.22448739,152488525.93196636,28591598.612243693
25074199.967212442,66864533.24589985,12537099.983606221
42358580.51022078,112956214.69392207,21179290.25511039
-25669634.18233831,-68452357.81956883,-12834817.091169154
-18969545.51558167,-50585454.70821779,-9484772.757790836
33097899.0636653,88261064.16977414,16548949.53183265
26110391.376293264,69627710.33678204,13055195.688146632
-6641038.92323222,-17709437.128619254,-3320519.46161611
-817775.7565437343,-2180735.3507832917,-408887.8782718672
41712706.0800365,111233882.88009733,20856353.04001825
-42332929.35733258,-112887811.61955355,-21166464.67866629
33962346.93698032,90566258.49861419,16981173.46849016
-12209038.717830822,-32557436.58088219,-6104519.358915411
46328995.6763413,123543988.47024348,23164497.83817065
44889471.187257804,119705256.49935415,22444735.593628902
54222713.050507374,144593901.46801966,27111356.525253687
-5820708.218852618,-15521888.583606979,-2910354.109426309
19531621.82963451,52084324.879025355,9765810.914817255
21690692.960291043,57841847.89410944,10845346.480145521
24301388.937183682,64803703.832489826,12150694.468591841
19694327.420994222,52518206.45598459,9847163.710497111
-20673131.764716417,-55128351.37257711,-10336565.882358208
30109495.69669719,80291988.52452584,15054747.848348595
2299082.7869127523,6130887.43176734,1149541.3934563762
19134782.639023375,51026087.03739566,9567391.319511687
28875514.76551881,77001372.70805016,14437757.382759405
34665860.56634577,92442294.84358872,17332930.283172887
51297388.86221244,136793036.96589983,25648694.43110622
-11282683.597913453,-30087156.261102542,-5641341.798956727
30986646.042860426,82631056.11429447,15493323.021430213
60851404.41044726,162270411.7611927,30425702.20522363
15952231.657741394,42539284.42064372,7976115.828870697
38502514.1089383,102673370.9571688,19251257.05446915
-19799857.201628763,-52799619.20434337,-9899928.600814382
41947739.671288535,111860639.1234361,20973869.835644267
31792601.64835153,84780271.06227075,15896300.824175766
8736261.923107646,23296698.46162039,4368130.961553823
30461122.150503103,81229659.06800827,15230561.075251551
25668700.89129451,68449869.04345202,12834350.445647255
39813587.53002109,106169566.74672289,19906793.765010543
53775756.40593879,143402017.08250344,26887878.202969395
50386771.43776051,134364723.83402804,25193385.718880255
216818.23771915465,578181.967251079,108409.11885957733
-4457176.192999662,-11885803.181332434,-2228588.096499831
44151238.79826572,117736636.79537524,22075619.39913286
-10405830.511848858,-27748881.36493029,-5202915.255924429
20682173.48602232,55152462.62939285,10341086.74301116
69119318.97725332,184318183.93934217,34559659.48862666
-6313574.734767044,-16836199.29271212,-3156787.367383522
32067581.21297978,85513549.9012794,16033790.60648989
46573302.512320966,124195473.36618924,23286651.256160483
4028788.4827136924,10743435.95390318,2014394.2413568462
45669541.97441173,121785445.26509796,22834770.987205867
19898682.07758161,53063152.20688429,9949341.038790805
28699169.20840191,76531117.88907176,14349584.604200955
14653107.710152002,39074953.89373867,7326553.855076001
-4611745.774406291,-12297988.731750108,-2305872.8872031453
43881475.70264911,117017268.54039763,21940737.851324555
-20390007.73650035,-54373353.964000925,-10195003.868250174
-13697855.399425225,-36527614.398467265,-6848927.699712613
5307964.05791703,14154570.821112078,2653982.028958515
29378886.023443494,78343696.06251599,14689443.011721747
-30287243.046968214,-80765981.45858191,-15143621.523484107
78004520.1975855,208012053.86022797,39002260.09879275
79510521.36252965,212028056.96674573,39755260.681264825
46389732.85445843,123705954.27855583,23194866.427229214
24163543.58862606,64436116.236336164,12081771.79431303
39319481.03675759,104851949.43135357,19659740.518378794
31462495.94159143,83899989.17757715,15731247.970795715
28303744.698246125,75476652.52865633,14151872.349123063
83673868.1102163,223130314.96057683,41836934.05510815
66621701.97792792,177657871.94114113,33310850.98896396
20851517.364235982,55604046.30462928,10425758.682117991
81467042.17302933,217245445.7947449,40733521.08651467
9214985.57323673,24573294.861964613,4607492.786618365
10872355.06585127,28992946.84227005,5436177.532925635
45401179.41987027,121069811.78632073,22700589.709935136
2169910.9903385113,5786429.307569363,1084955.4951692556
31883787.10834794,85023432.28892785,15941893.55417397
38992206.97373149,103979218.5966173,19496103.486865744
8958179.85160287,23888479.604274314,4479089.925801435
-8185552.349849973,-21828139.599599928,-4092776.1749249864
57644766.7500153,153719378.0000408,28822383.37500765
-14691361.01914823,-39176962.717728615,-7345680.509574115
52852413.68449413,140939769.82531768,26426206.842247065
10558319.284664538,28155518.09243877,5279159.642332269
52943786.739453554,141183431.30520946,26471893.369726777
13863729.860132823,36969946.29368753,6931864.930066411
19412967.041263554,51767912.11003614,9706483.520631777
15352174.55087127,40939132.13565672,7676087.275435635
19179716.95293421,51145911.87449122,9589858.476467105
-9283639.970385136,-24756373.254360363,-4641819.985192568
86977846.1834281,231940923.15580824,43488923.09171405
41933743.58070341,111823316.2152091,20966871.790351704
-1399481.1390847962,-3731949.7042261227,-699740.5695423981
36209876.98881111,96559671.97016296,18104938.494405556
58590165.481276065,156240441.28340283,29295082.740638033
36018927.31043283,96050472.82782088,18009463.655216414
29089043.824186467,77570783.53116392,14544521.912093233
8060525.107580155,21494733.620213747,4030262.5537900776
84632011.16094437,225685363.09585166,42316005.580472186
17525472.238511093,46734592.63602958,8762736.119255546
45041662.948692515,120111101.19651338,22520831.474346258
22001691.580582004,58671177.548218675,11000845.790291002
-6513065.248983839,-17368173.99729024,-3256532.6244919193
25867919.906805824,68981119.7514822,12933959.953402912
-30565020.842219666,-81506722.24591911,-15282510.421109833
51875835.46115592,138335561.2297491,25937917.73057796
83590953.71912177,222909209.91765803,41795476.859560885
122508404.10808694,326689077.62156516,61254202.05404347
76064163.99122614,202837770.64326972,38032081.99561307
26703998.382068697,71210662.3521832,13351999.191034349
25058300.119418085,66822133.65178156,12529150.059709042
67559905.38392253,180159747.6904601,33779952.691961266
68005072.34075156,181346859.5753375,34002536.17037578
21836780.13536659,58231413.69431091,10918390.067683294
8089412.918854861,21571767.78361296,4044706.4594274303
19612260.96365622,52299362.56974992,9806130.48182811
51609526.10980198,137625402.95947194,25804763.05490099
12860355.708348176,34294281.888928466,6430177.854174088
8659897.36829962,23093059.648798987,4329948.68414981
33725708.44078271,89935222.5087539,16862854.220391355
801397.3209331227,2137059.522488327,400698.6604665613
5086791.032931903,13564776.087818408,2543395.5164659517
60878236.77953377,162341964.7454234,30439118.389766887
12670742.567488823,33788646.84663686,6335371.283744412
-6513277.007871177,-17368738.68765647,-3256638.5039355885
17189341.01327854,45838242.70207611,8594670.50663927
52460595.10391569,139894920.2771085,26230297.551957846
47077228.210427046,125539275.22780545,23538614.105213523
7508552.623838747,20022806.996903326,3754276.3119193735
-11445087.328228474,-30520232.875275932,-5722543.664114237
-1864488.8644937158,-4971970.305316576,-932244.4322468579
24484899.075188603,65293064.20050294,12242449.537594302
28273368.849071316,75395650.26419017,14136684.424535658
4705410.480755271,12547761.282014059,2352705.2403776357
24092809.29023685,64247491.4406316,12046404.645118425
17920871.525269344,47788990.734051585,8960435.762634672
45030168.05239743,120080448.13972647,22515084.026198715
369716.11146107,985909.6305628534,184858.055730535
11235559.166412635,29961491.11043369,5617779.583206317
24274205.3317057,64731214.21788187,12137102.66585285
-8388583.33431425,-22369555.558171332,-4194291.667157125
8671796.405309185,23124790.414157826,4335898.202654593
81253943.55346638,216677182.80924365,40626971.77673319
-2592948.855383309,-6914530.2810221575,-1296474.4276916545
14774045.436362533,39397454.49696676,7387022.718181266
20851338.606091637,55603569.61624436,10425669.303045819
39337323.26459532,104899528.70558752,19668661.63229766
63281159.330140315,168749758.2137075,31640579.665070157
71443511.18224959,190516029.81933224,35721755.591124795
74836338.01583545,199563568.04222786,37418169.007917725
38411972.84551779,102431927.58804744,19205986.422758896
39781753.72000135,106084676.58667026,19890876.860000674
74644838.18636625,199052901.83030996,37322419.09318312
36075514.732076354,96201372.61887027,18037757.366038177
-31834162.71229678,-84891100.56612474,-15917081.35614839
35148175.94914988,93728469.197733,17574087.97457494
2045372.576965808,5454326.871908821,1022686.288482904
-32381573.324459128,-86350862.19855767,-16190786.662229564
32877504.731092945,87673345.94958118,16438752.365546472
-35247917.81769609,-93994447.51385623,-17623958.908848044
41457472.062601335,110553258.83360356,20728736.031300668
80123308.391892,213662155.71171197,40061654.195946
31556885.07211471,84151693.52563922,15778442.536057355
17607942.449983064,46954513.19995484,8803971.224991532
54758818.13900893,146023515.03735715,27379409.069504466
58660599.56054183,156428265.49477822,29330299.780270915
38045001.0005089,101453336.00135706,19022500.50025445
16425095.51470864,43800254.70588971,8212547.75735432
32145476.140798826,85721269.70879686,16072738.070399413
77436262.39807338,206496699.72819567,38718131.19903669
6504425.376839721,17345134.338239253,3252212.6884198603
32815641.895730928,87508378.3886158,16407820.947865464
88686951.86815856,236498538.3150895,44343475.93407928
-836122.7317500109,-2229660.618000029,-418061.36587500543
-14509569.598379595,-38692185.59567892,-7254784.799189798
45303893.501183815,120810382.66982351,22651946.750591908
-25137182.298714075,-67032486.1299042,-12568591.149357038
14328379.717203503,38209012.57920934,7164189.858601752
38879071.297359094,103677523.45962425,19439535.648679547
26378384.923149742,70342359.79506598,13189192.461574871
18886906.494113803,50365083.984303474,9443453.247056901
15978015.270278258,42608040.720742024,7989007.635139129
19418401.22533805,51782403.267568134,9709200.612669025
48738900.392149806,129970401.04573281,24369450.196074903
42517818.07062264,113380848.18832703,21258909.03531132
38403548.51854364,102409462.71611637,19201774.25927182
18260334.850357875,48694226.267620996,9130167.425178938
74260760.13516933,198028693.69378486,37130380.06758466
40353648.06200973,107609728.16535927,20176824.031004865
22794456.982764915,60785218.62070644,11397228.491382457
66359402.78798631,176958407.43463016,33179701.393993154
68659377.19307347,183091672.51486257,34329688.59653673
39968284.682355426,106582092.48628114,19984142.341177713
-7881729.565306968,-21017945.50748525,-3940864.782653484
33660664.98198222,89761773.28528593,16830332.49099111
47588702.18279674,126903205.8207913,23794351.09139837
51408226.9805923,137088605.28157946,25704113.49029615
48903177.59056435,130408473.57483827,24451588.795282174
-37709311.27223327,-100558163.39262205,-18854655.636116635
8111967.810942683,21631914.162513822,4055983.9054713417
50695859.79984972,135188959.46626592,25347929.89992486
-7484495.596702703,-19958654.924540542,-3742247.7983513516
32854355.671520524,87611615.12405473,16427177.835760262
-1847859.6033943791,-4927625.609051678,-923929.8016971896
49747532.69533921,132660087.18757123,24873766.347669605
15138334.284420429,40368891.42512114,7569167.142210214
-7745505.287533423,-20654680.766755797,-3872752.6437667115
37095712.329979524,98921899.54661205,18547856.164989762
39279781.282133885,104746083.4190237,19639890.641066942
47175298.72511884,125800796.60031691,23587649.36255942
41511379.53526493,110697012.09403981,20755689.767632466
26876099.288501848,71669598.1026716,13438049.644250924
28758406.686661918,76689084.49776511,14379203.343330959
7168768.031043027,19116714.749448072,3584384.0155215133
44772549.943906955,119393466.51708522,22386274.971953478
-30772920.42049633,-82061121.12132354,-15386460.210248165
-12574112.563249076,-33530966.835330866,-6287056.281624538
37114751.7599863,98972671.35996345,18557375.87999315
176578.79094451768,470876.77585204714,88289.39547225884
63570809.100027844,169522157.60007426,31785404.550013922
25685931.788531855,68495818.10275161,12842965.894265927
33582681.99252621,89553818.64673658,16791340.996263105
54226354.78714877,144603612.76573005,27113177.393574387
4248335.894703479,11328895.719209276,2124167.9473517393
23288240.68419423,62101975.15785127,11644120.342097115
35838610.86771849,95569628.98058264,17919305.433859244
10403726.793036943,27743271.448098518,5201863.396518472
14397822.931433829,38394194.48382354,7198911.465716914
40592086.95988639,108245565.2263637,20296043.479943193
81432914.05302699,217154437.47473863,40716457.026513495
22227158.66439417,59272423.10505112,11113579.332197085
16727922.107049761,44607792.28546603,8363961.053524881
-830493.9304986437,-2214650.4813297163,-415246.96524932183
-38185032.25888294,-101826752.69035451,-19092516.12944147
13089569.04840889,34905517.462423705,6544784.524204445
44637007.56805731,119032020.18148617,22318503.784028657
3484741.802985239,9292644.807960637,1742370.9014926194
-17245196.22217779,-45987189.92580744,-8622598.111088894
-30080685.837211348,-80215162.2325636,-15040342.918605674
6895371.995156169,18387658.653749783,3447685.9975780845
14184205.547845341,37824548.12758758,7092102.773922671
24913585.654990345,66436228.413307585,12456792.827495173
30247797.507636636,80660793.3536977,15123898.753818318
44806681.517563,119484484.04683468,22403340.7587815
10921737.897723049,29124634.39392813,5460868.948861524
59535618.83664781,158761650.2310608,29767809.418323904
52326722.98483837,139537927.95956898,26163361.492419183
12909287.752649562,34424767.34039883,6454643.876324781
1783200.2491894371,4755200.664505166,891600.1245947186
26562368.910342284,70832983.76091276,13281184.455171142
15450891.647025382,41202377.72540102,7725445.823512691
16261366.328478932,43363643.54261049,8130683.164239466
26437262.32344231,70499366.19584616,13218631.161721155
-32531809.261533786,-86751491.3640901,-16265904.630766893
60182277.35338782,160486072.94236752,30091138.67669391
-11633228.44756205,-31021942.526832137,-5816614.223781025
-7644921.902871889,-20386458.40765837,-3822460.9514359445
-9516197.072526569,-25376525.526737515,-4758098.536263284
8908278.717624005,23755409.91366401,4454139.358812002
55676291.760245524,148470111.36065474,27838145.880122762
67473933.25391349,179930488.67710266,33736966.626956746
60116775.0122366,160311400.03263092,30058387.5061183
15807279.355055159,42152744.946813755,7903639.6775275795
48344121.418964714,128917657.11723924,24172060.709482357
39171985.85471438,104458628.94590501,19585992.92735719
-18906623.643080715,-50417663.04821525,-9453311.821540358
87959852.01099654,234559605.36265743,43979926.00549827
56543351.53831708,150782270.76884553,28271675.76915854
29911622.90892229,79764327.75712611,14955811.454461144
23433927.196982235,62490472.52528596,11716963.598491117
35991435.617787674,95977161.6474338,17995717.808893837
-17077851.77810667,-45540938.07495112,-8538925.889053335
41635418.25859998,111027782.02293329,20817709.12929999
52909263.779355854,141091370.07828227,26454631.889677927
77407262.61252384,206419366.96673024,38703631.30626192
-12060470.333345124,-32161254.222253665,-6030235.166672562
450933.63798056066,1202489.701281495,225466.81899028033
12711433.264105914,33897155.370949104,6355716.632052957
48461105.96835669,129229615.91561784,24230552.984178346
60438537.494918466,161169433.31978258,30219268.747459233
18005334.624682043,48014225.66581878,9002667.312341021
7978590.099405855,21276240.26508228,3989295.0497029275
-13541698.861044124,-36111196.96278433,-6770849.430522062
41466465.40201076,110577241.07202868,20733232.70100538
9956864.082312437,26551637.552833162,4978432.041156218
37703653.875301555,100543077.00080414,18851826.937650777
45123785.71068534,120330095.22849426,22561892.85534267
32545800.249046892,86788800.66412504,16272900.124523446
22544679.72436272,60119145.93163392,11272339.86218136
15428981.531242864,41143950.74998097,7714490.765621432
780868.6465876444,2082316.390900385,390434.3232938222
15431243.790199934,41149983.44053315,7715621.895099967
-1180498.2165843872,-3147995.2442250326,-590249.1082921936
-5630862.274891693,-15015632.733044514,-2815431.1374458466
-9207323.941318305,-24552863.84351548,-4603661.970659153
-19083182.391291752,-50888486.37677801,-9541591.195645876
24844580.929147515,66252215.81106004,12422290.464573758
14754495.565650184,39345321.508400485,7377247.782825092
37167406.442371465,99113083.8463239,18583703.221185733
21041217.341975786,56109912.911935434,10520608.670987893
7870873.502434179,20988996.006491147,3935436.7512170896
30166365.276037365,80443640.73609965,15083182.638018683
17556734.326339047,46817958.2035708,8778367.163169524
91223085.45432808,243261561.21154153,45611542.72716404
-5953977.595341641,-15877273.587577712,-2976988.7976708207
12467393.111983247,33246381.631955326,6233696.555991624
-14718920.003356475,-39250453.342283934,-7359460.001678238
-1839042.4679740488,-4904113.247930797,-919521.2339870244
10597964.33626596,28261238.230042562,5298982.16813298
50805112.55471388,135480300.14590368,25402556.27735694
-37275924.13400381,-99402464.3573435,-18637962.067001905
29935620.89690451,79828322.39174536,14967810.448452255
19680956.089807246,52482549.57281932,9840478.044903623
-1069696.9077957307,-2852525.087455282,-534848.4538978654
9916495.24825688,26443987.328685015,4958247.62412844
-12280581.963696612,-32748218.569857635,-6140290.981848306
32377683.445997506,86340489.18932669,16188841.722998753
65080422.95197619,173547794.53860316,32540211.475988094
279305.8121332292,744815.4990219447,139652.9060666146
43135367.04507327,115027645.45352873,21567683.522536635
-9909853.048165508,-26426274.795108017,-4954926.524082754
-5446940.939532201,-14525175.838752536,-2723470.4697661004
15256335.26273878,40683560.700636744,7628167.63136939
20490365.787421264,54640975.43312337,10245182.893710632
36068060.49915303,96181494.6644081,18034030.249576516
16854470.11827638,44945253.64873701,8427235.05913819
42171936.735403374,112458497.96107565,21085968.367701687
58892784.89245546,157047426.37988123,29446392.44622773
-25876747.70026605,-69004660.53404279,-12938373.850133024
23778557.672530163,63409487.1267471,11889278.836265082
34098885.530461505,90930361.41456401,17049442.765230753
19756357.334177088,52683619.557805575,9878178.667088544
-24204838.289298695,-64546235.43812985,-12102419.144649347
70209114.7096752,187224305.8924672,35104557.3548376
35753421.89072927,95342458.37527806,17876710.945364635
23089562.34501928,61572166.253384754,11544781.17250964
38125297.25111533,101667459.33630754,19062648.625557665
60206021.26245392,160549390.03321046,30103010.63122696
49726377.03725275,132603672.09934065,24863188.518626373
50184882.58562414,133826353.56166439,25092441.29281207
46504928.51355666,124013142.70281775,23252464.25677833
878841.6429473922,2343577.714526379,439420.8214736961
8875021.684055414,23666724.49081444,4437510.842027707
-5185551.065805225,-13828136.175480599,-2592775.5329026124
28606244.740479328,76283319.30794488,14303122.370239664
27052830.09674497,72140880.25798659,13526415.048372485
9134844.594227917,24359585.58460778,4567422.297113959
43705417.30573005,116547779.48194681,21852708.652865026
3427545.136962823,9140120.365234194,1713772.5684814116
21192430.752757378,56513148.67401967,10596215.376378689
27014204.973460644,72037879.9292284,13507102.486730322
26688544.21824432,71169451.24865153,13344272.10912216
57616759.47011923,153644691.92031795,28808379.735059615
12023086.383796953,32061563.690125205,6011543.191898476
23640637.945336893,63041701.18756504,11820318.972668447
18627328.15319865,49672875.07519639,9313664.076599324
22757974.734051004,60687932.62413601,11378987.367025502
2388820.2903986215,6370187.4410629915,1194410.1451993107
-3939974.6500142594,-10506599.066704692,-1969987.3250071297
55115314.302380785,146974171.47301543,27557657.151190393
18351145.626838874,48936388.338237,9175572.813419437
37162831.25747353,99100883.35326275,18581415.628736764
29319139.45780523,78184371.88748062,14659569.728902616
4041544.4753706176,10777451.934321648,2020772.2376853088
-20474227.73979944,-54597940.63946517,-10237113.86989972
66211932.020932876,176565152.055821,33105966.010466438
24745407.217471786,65987752.57992476,12372703.608735893
3028020.4539871444,8074721.210632385,1514010.2269935722
62754812.64775883,167346167.06069022,31377406.323879413
10686754.647542002,28498012.39344534,5343377.323771001
-7021961.082667583,-18725229.55378022,-3510980.5413337913
33221211.373279825,88589896.99541287,16610605.686639912
18378495.8866806,49009322.3644816,9189247.9433403
103126.44953556354,275003.86542816943,51563.22476778177
83441846.45911814,222511590.55764836,41720923.22955907
-5347118.360942437,-14258982.295846501,-2673559.1804712187
17587302.49436774,46899473.31831398,8793651.24718387
-20824118.22534176,-55530981.93424469,-10412059.11267088
62407843.730366364,166420916.61431032,31203921.865183182
40669460.31082275,108451894.16219398,20334730.155411374
57098938.40811133,152263835.75496355,28549469.204055663
34686174.85436655,92496466.27831079,17343087.427183274
41188313.37795722,109835502.34121923,20594156.68897861
52487284.82433896,139966092.8649039,26243642.41216948
16748353.369278917,44662275.651410446,8374176.684639459
-30200988.917242534,-80535970.44598009,-15100494.458621267
58826730.60313046,156871281.6083479,29413365.30156523
27899749.99243186,74399333.31315163,13949874.99621593
18684156.224524125,49824416.598731,9342078.112262063
33206361.373888418,88550296.99703579,16603180.686944209
-20343470.4690038,-54249254.58401013,-10171735.2345019
65880530.59197992,175681414.91194648,32940265.29598996
69050226.90344846,184133938.40919593,34525113.45172423
29172519.55408028,77793385.47754742,14586259.77704014
24532327.805950444,65419540.81586785,12266163.902975222
43953607.6229654,117209620.32790774,21976803.8114827
14358832.881224005,38290221.016597345,7179416.440612002
2506654.9965410437,6684413.324109451,1253327.4982705219
8950924.688863326,23869132.503635537,4475462.344431663
5638479.547606356,15035945.460283617,2819239.773803178
24609049.072332934,65624130.859554484,12304524.536166467
29877345.276993874,79672920.73865034,14938672.638496937
-359603.1288497836,-958941.6769327563,-179801.5644248918
61310856.535215445,163495617.42724118,30655428.267607722
692315.4435801313,1846174.5162136834,346157.72179006564
10168109.480120752,27114958.613655336,5084054.740060376
771308.1248727092,2056821.6663272243,385654.0624363546
46820236.38363737,124853963.68969965,23410118.191818684
-341181.734336532,-909817.9582307519,-170590.867168266
27257988.98971475,72687970.63923933,13628994.494857375
36040535.59009201,96108094.90691203,18020267.795046005
-24415159.648448225,-65107092.39586193,-12207579.824224113
74658073.60335594,199088196.27561584,37329036.80167797
20678593.6333809,55142916.3556824,10339296.81669045
40365505.48285839,107641347.95428903,20182752.741429195
6235558.092724035,16628154.913930759,3117779.0463620173
51770543.84004519,138054783.57345384,25885271.920022596
60674029.47600754,161797411.9360201,30337014.73800377
-32007532.543601427,-85353420.11627047,-16003766.271800714
-9928305.164947534,-26475480.439860087,-4964152.582473767
23980167.62609349,63947113.669582635,11990083.813046744
-30167472.117555488,-80446592.3134813,-15083736.058777744
92932003.85278311,247818676.94075498,46466001.92639156
17273535.728163116,46062761.9417683,8636767.864081558
5153821.561616573,13743524.164310861,2576910.7808082863
26632310.735824358,71019495.29553162,13316155.367912179
35899266.153260544,95731376.40869477,17949633.076630272
45243098.455870464,120648262.54898791,22621549.227935232
6077945.059759818,16207853.492692847,3038972.529879909
34126800.65998669,91004801.75996451,17063400.329993345
21203045.613943655,56541454.97051641,10601522.806971828
14496455.399079883,38657214.39754636,7248227.699539942
-9289909.24117674,-24773091.30980464,-4644954.62058837
20006068.57970517,53349516.21254712,10003034.289852586
32461228.02498916,86563274.73330443,16230614.01249458
19428403.56542763,51809076.17447368,9714201.782713816
5685038.612993909,15160102.967983758,2842519.3064969545
15092043.357753346,40245448.95400892,7546021.678876673
1940223.5879510024,5173929.56786934,970111.7939755012
5150319.471008476,13734185.256022602,2575159.735504238
